outer_fold,model,family,control_dimension,response_rank,predictor_dimension,selected_control_genes,parameter_count,fit_runtime_seconds,source
0,B1_MEAN_W5,benchmark_snapshot,0,0,0,0,32738,,existing_w5
0,B4_DIRECT_RIDGE_W5,benchmark_snapshot,10,32738,10,5000,360118,,existing_w5
0,CCLR_NESTED_W6,benchmark_snapshot,30,20,30,5000,688118,,existing_w6
1,B1_MEAN_W5,benchmark_snapshot,0,0,0,0,32738,,existing_w5
1,B4_DIRECT_RIDGE_W5,benchmark_snapshot,10,32738,10,5000,360118,,existing_w5
1,CCLR_NESTED_W6,benchmark_snapshot,20,20,20,5000,687918,,existing_w6
2,B1_MEAN_W5,benchmark_snapshot,0,0,0,0,32738,,existing_w5
2,B4_DIRECT_RIDGE_W5,benchmark_snapshot,10,32738,10,5000,360118,,existing_w5
2,CCLR_NESTED_W6,benchmark_snapshot,10,20,10,5000,687718,,existing_w6
3,B1_MEAN_W5,benchmark_snapshot,0,0,0,0,32738,,existing_w5
3,B4_DIRECT_RIDGE_W5,benchmark_snapshot,5,32738,5,5000,196428,,existing_w5
3,CCLR_NESTED_W6,benchmark_snapshot,5,20,5,5000,687618,,existing_w6
4,B1_MEAN_W5,benchmark_snapshot,0,0,0,0,32738,,existing_w5
4,B4_DIRECT_RIDGE_W5,benchmark_snapshot,10,32738,10,5000,360118,,existing_w5
4,CCLR_NESTED_W6,benchmark_snapshot,20,20,20,5000,687918,,existing_w6
0,FIXED_FULL_D20_R20,fixed_reference,20,20,20,5000,687918,0.006048625014955178,w7_fixed_outer_fit
0,CONTROL_D05_R20,control_dimension,5,20,5,5000,687618,0.005762082990258932,w7_fixed_outer_fit
0,CONTROL_D10_R20,control_dimension,10,20,10,5000,687718,0.005677083012415096,w7_fixed_outer_fit
0,CONTROL_D30_R20,control_dimension,30,20,30,5000,688118,0.005422792019089684,w7_fixed_outer_fit
0,RANK_D20_R02,response_rank,20,2,20,5000,98256,0.004895332996966317,w7_fixed_outer_fit
0,RANK_D20_R05,response_rank,20,5,20,5000,196533,0.004932332987664267,w7_fixed_outer_fit
0,RANK_D20_R10,response_rank,20,10,20,5000,360328,0.0049548340030014515,w7_fixed_outer_fit
0,RANK_D20_R30,response_rank,20,30,20,5000,1015508,0.005015833012294024,w7_fixed_outer_fit
0,RANK_D20_R40,response_rank,20,40,20,5000,1343098,0.0050681669963523746,w7_fixed_outer_fit
0,RANK_D20_R50,response_rank,20,50,20,5000,1670688,0.005270291003398597,w7_fixed_outer_fit
0,PATHWAY_D20_R20,feature_input,20,20,20,918,687918,0.004126000014366582,w7_fixed_outer_fit
0,LINEAGE_D20_R20,metadata_input,20,20,40,5000,688318,0.00759758401545696,w7_fixed_outer_fit
0,BRAF_KRAS_D20_R20,metadata_input,20,20,22,5000,687958,0.0056765830086078495,w7_fixed_outer_fit
1,FIXED_FULL_D20_R20,fixed_reference,20,20,20,5000,687918,0.0056075000029522926,w7_fixed_outer_fit
1,CONTROL_D05_R20,control_dimension,5,20,5,5000,687618,0.005210292001720518,w7_fixed_outer_fit
1,CONTROL_D10_R20,control_dimension,10,20,10,5000,687718,0.005200540996156633,w7_fixed_outer_fit
1,CONTROL_D30_R20,control_dimension,30,20,30,5000,688118,0.005238208017544821,w7_fixed_outer_fit
1,RANK_D20_R02,response_rank,20,2,20,5000,98256,0.005347916972823441,w7_fixed_outer_fit
1,RANK_D20_R05,response_rank,20,5,20,5000,196533,0.005067082995083183,w7_fixed_outer_fit
1,RANK_D20_R10,response_rank,20,10,20,5000,360328,0.005064625001978129,w7_fixed_outer_fit
1,RANK_D20_R30,response_rank,20,30,20,5000,1015508,0.004976124997483566,w7_fixed_outer_fit
1,RANK_D20_R40,response_rank,20,40,20,5000,1343098,0.004955000011250377,w7_fixed_outer_fit
1,RANK_D20_R50,response_rank,20,50,20,5000,1670688,0.004969209025148302,w7_fixed_outer_fit
1,PATHWAY_D20_R20,feature_input,20,20,20,917,687918,0.004147041996475309,w7_fixed_outer_fit
1,LINEAGE_D20_R20,metadata_input,20,20,40,5000,688318,0.005502333020558581,w7_fixed_outer_fit
1,BRAF_KRAS_D20_R20,metadata_input,20,20,22,5000,687958,0.005486417008796707,w7_fixed_outer_fit
2,FIXED_FULL_D20_R20,fixed_reference,20,20,20,5000,687918,0.005397041997639462,w7_fixed_outer_fit
2,CONTROL_D05_R20,control_dimension,5,20,5,5000,687618,0.005450749973533675,w7_fixed_outer_fit
2,CONTROL_D10_R20,control_dimension,10,20,10,5000,687718,0.005060708004748449,w7_fixed_outer_fit
2,CONTROL_D30_R20,control_dimension,30,20,30,5000,688118,0.005291041015880182,w7_fixed_outer_fit
2,RANK_D20_R02,response_rank,20,2,20,5000,98256,0.005141125002410263,w7_fixed_outer_fit
2,RANK_D20_R05,response_rank,20,5,20,5000,196533,0.00541337497998029,w7_fixed_outer_fit
2,RANK_D20_R10,response_rank,20,10,20,5000,360328,0.005467124981805682,w7_fixed_outer_fit
2,RANK_D20_R30,response_rank,20,30,20,5000,1015508,0.0050807499792426825,w7_fixed_outer_fit
2,RANK_D20_R40,response_rank,20,40,20,5000,1343098,0.005177915998501703,w7_fixed_outer_fit
2,RANK_D20_R50,response_rank,20,50,20,5000,1670688,0.005223707994446158,w7_fixed_outer_fit
2,PATHWAY_D20_R20,feature_input,20,20,20,924,687918,0.004387166991364211,w7_fixed_outer_fit
2,LINEAGE_D20_R20,metadata_input,20,20,40,5000,688318,0.005406583019066602,w7_fixed_outer_fit
2,BRAF_KRAS_D20_R20,metadata_input,20,20,22,5000,687958,0.005327916995156556,w7_fixed_outer_fit
3,FIXED_FULL_D20_R20,fixed_reference,20,20,20,5000,687918,0.005418667016783729,w7_fixed_outer_fit
3,CONTROL_D05_R20,control_dimension,5,20,5,5000,687618,0.005133124999701977,w7_fixed_outer_fit
3,CONTROL_D10_R20,control_dimension,10,20,10,5000,687718,0.004923875007079914,w7_fixed_outer_fit
3,CONTROL_D30_R20,control_dimension,30,20,30,5000,688118,0.0051877920050174,w7_fixed_outer_fit
3,RANK_D20_R02,response_rank,20,2,20,5000,98256,0.005256416974589229,w7_fixed_outer_fit
3,RANK_D20_R05,response_rank,20,5,20,5000,196533,0.004972124996129423,w7_fixed_outer_fit
3,RANK_D20_R10,response_rank,20,10,20,5000,360328,0.0051333750016056,w7_fixed_outer_fit
3,RANK_D20_R30,response_rank,20,30,20,5000,1015508,0.005264791019726545,w7_fixed_outer_fit
3,RANK_D20_R40,response_rank,20,40,20,5000,1343098,0.005295332986861467,w7_fixed_outer_fit
3,RANK_D20_R50,response_rank,20,50,20,5000,1670688,0.0051364999962970614,w7_fixed_outer_fit
3,PATHWAY_D20_R20,feature_input,20,20,20,918,687918,0.003964333009207621,w7_fixed_outer_fit
3,LINEAGE_D20_R20,metadata_input,20,20,41,5000,688338,0.005240415979642421,w7_fixed_outer_fit
3,BRAF_KRAS_D20_R20,metadata_input,20,20,22,5000,687958,0.005055541987530887,w7_fixed_outer_fit
4,FIXED_FULL_D20_R20,fixed_reference,20,20,20,5000,687918,0.005257958982838318,w7_fixed_outer_fit
4,CONTROL_D05_R20,control_dimension,5,20,5,5000,687618,0.005324458004906774,w7_fixed_outer_fit
4,CONTROL_D10_R20,control_dimension,10,20,10,5000,687718,0.005013083020457998,w7_fixed_outer_fit
4,CONTROL_D30_R20,control_dimension,30,20,30,5000,688118,0.005319957999745384,w7_fixed_outer_fit
4,RANK_D20_R02,response_rank,20,2,20,5000,98256,0.004919541999697685,w7_fixed_outer_fit
4,RANK_D20_R05,response_rank,20,5,20,5000,196533,0.00493466600892134,w7_fixed_outer_fit
4,RANK_D20_R10,response_rank,20,10,20,5000,360328,0.005257500015432015,w7_fixed_outer_fit
4,RANK_D20_R30,response_rank,20,30,20,5000,1015508,0.005079416994703934,w7_fixed_outer_fit
4,RANK_D20_R40,response_rank,20,40,20,5000,1343098,0.0049001669976860285,w7_fixed_outer_fit
4,RANK_D20_R50,response_rank,20,50,20,5000,1670688,0.005250750022241846,w7_fixed_outer_fit
4,PATHWAY_D20_R20,feature_input,20,20,20,921,687918,0.004171750013483688,w7_fixed_outer_fit
4,LINEAGE_D20_R20,metadata_input,20,20,40,5000,688318,0.006083207990741357,w7_fixed_outer_fit
4,BRAF_KRAS_D20_R20,metadata_input,20,20,22,5000,687958,0.005623874982120469,w7_fixed_outer_fit
