cell_line,depmap_id,lineage,outer_fold,model,b2_fallback,b3_neighbor_cell_line,rmse_delta,nrmse_delta,pcc_delta,spearman_delta,signed_top50_overlap,pcc_context,rmse_gain_vs_b1,nrmse_gain_vs_b1
8505C_THYROID,ACH-001307,thyroid,0,B0,False,,0.3360962311028727,1.0,,,0.0,-0.06596563275847521,-0.048632351634405324,-0.14469770004507987
8505C_THYROID,ACH-001307,thyroid,0,B1,False,,0.28746387946846735,0.8553022999549201,0.5146566721700961,0.4171050817671557,0.22,,0.0,0.0
8505C_THYROID,ACH-001307,thyroid,0,B2,False,,0.35446932462910363,1.0546661694656352,0.37429389789165196,0.3247607032324282,0.21,0.08179811566808369,-0.06700544516063628,-0.19936386951071505
8505C_THYROID,ACH-001307,thyroid,0,B3,False,MSTO211H_PLEURA,0.3559379525857644,1.0590358345221031,0.3572396734183146,0.3144161074428162,0.2,0.0766651915581179,-0.06847407311729703,-0.20373353456718302
8505C_THYROID,ACH-001307,thyroid,0,B4,False,,0.28489470513132764,0.8476581370652941,0.5277577693612379,0.42355053177386576,0.27,0.13701770664497243,0.0025691743371397124,0.007644162889625994
A2780_OVARY,ACH-000657,ovary,0,B0,False,,0.3177849477336694,1.0,,,0.0,-0.02743508179945784,-0.044568412638051835,-0.14024708519361317
A2780_OVARY,ACH-000657,ovary,0,B1,False,,0.27321653509561755,0.8597529148063868,0.5073839858286764,0.40685731507730943,0.16999999999999998,,0.0,0.0
A2780_OVARY,ACH-000657,ovary,0,B2,False,,0.297497178109707,0.9361588087521211,0.3893893384744386,0.3276805930729377,0.13,0.05770001443352562,-0.024280643014089442,-0.07640589394573427
A2780_OVARY,ACH-000657,ovary,0,B3,False,NCIH1581_LUNG,0.35503249948434346,1.1172099308551602,0.27896764145790853,0.26491986454396727,0.13,0.061597065765444936,-0.0818159643887259,-0.25745701604877336
A2780_OVARY,ACH-000657,ovary,0,B4,False,,0.27249744891895455,0.8574901072637664,0.5142439333704409,0.40416992256426154,0.18,0.10963693010737022,0.0007190861766629975,0.0022628075426204264
AGS_STOMACH,ACH-000880,gastric,0,B0,False,,0.32286892107091675,1.0,,,0.01,0.005108775322027924,-0.038939557121864365,-0.12060484791384263
AGS_STOMACH,ACH-000880,gastric,0,B1,False,,0.2839293639490524,0.8793951520861574,0.4716052444329574,0.3674491525875456,0.2,,0.0,0.0
AGS_STOMACH,ACH-000880,gastric,0,B2,False,,0.3148260864365097,0.9750894740573669,0.3628441417022219,0.3067677148605065,0.15,0.03357617368928405,-0.03089672248745734,-0.09569432197120953
AGS_STOMACH,ACH-000880,gastric,0,B3,False,PATU8988S_PANCREAS,0.4165222349943602,1.2900660540903313,0.2885274162637923,0.24645256241344482,0.16,0.08798397845725948,-0.13259287104530781,-0.4106709020041739
AGS_STOMACH,ACH-000880,gastric,0,B4,False,,0.28325167028888076,0.877296177499431,0.47657500322340296,0.36664841108598717,0.22,0.0918754057574141,0.0006776936601716188,0.0020989745867263654
BEN_LUNG,ACH-000603,lung,0,B0,False,,0.2715985725193932,1.0,,,0.0,0.28876426991284265,-0.0008745255237882499,-0.0032199194409455734
BEN_LUNG,ACH-000603,lung,0,B1,False,,0.27072404699560493,0.9967800805590544,0.27814248701452,0.20498770041002157,0.19,,0.0,0.0
BEN_LUNG,ACH-000603,lung,0,B2,False,,0.273489382667288,1.0069617823479533,0.2698989024415296,0.20204312924220685,0.2,0.07814800340493813,-0.002765335671683078,-0.010181701788898878
BEN_LUNG,ACH-000603,lung,0,B3,False,QGP1_PANCREAS,0.5626309498257261,2.0715534128425954,0.10743463593743696,0.09672161641213117,0.04,-0.021153885177333773,-0.2919069028301212,-1.074773332283541
BEN_LUNG,ACH-000603,lung,0,B4,False,,0.27562661268452726,1.0148308591159714,0.27698321777473356,0.20614688969901282,0.21,0.06769105656305921,-0.0049025656889223335,-0.018050778556916947
DMS273_LUNG,ACH-000749,lung,0,B0,False,,0.2270778347852395,1.0,,,0.0,0.3047238823280873,-0.01115497223974854,-0.04912400301111919
DMS273_LUNG,ACH-000749,lung,0,B1,False,,0.21592286254549095,0.9508759969888808,0.39119197047398796,0.30814423310309397,0.28,,0.0,0.0
DMS273_LUNG,ACH-000749,lung,0,B2,False,,0.2222072349359249,0.9785509675397381,0.36210985911302596,0.2814876708315392,0.29000000000000004,0.05453346067995318,-0.0062843723904339455,-0.027674970550857325
DMS273_LUNG,ACH-000749,lung,0,B3,False,SKUT1_SOFT_TISSUE,0.3404722173699754,1.4993635010302941,0.19256662718766207,0.166124535516867,0.13,0.05513515440451266,-0.12454935482448445,-0.5484875040414133
DMS273_LUNG,ACH-000749,lung,0,B4,False,,0.21041592178819693,0.9266246614831399,0.410977097309562,0.31826752732361635,0.31,0.2276741285778202,0.005506940757294021,0.02425133550574088
HCC1195_LUNG,ACH-000868,lung,0,B0,False,,0.38125672985566317,1.0,,,0.0,-0.04498176574726693,-0.03777960590887558,-0.09909229910034179
HCC1195_LUNG,ACH-000868,lung,0,B1,False,,0.3434771239467876,0.9009077008996582,0.4422815002451419,0.34549543659933174,0.18,,0.0,0.0
HCC1195_LUNG,ACH-000868,lung,0,B2,False,,0.3492614501041415,0.9160794361226502,0.4074514903413488,0.31295549018085295,0.19,0.004783501660226745,-0.005784326157353914,-0.015171735222991978
HCC1195_LUNG,ACH-000868,lung,0,B3,False,GCIY_STOMACH,0.3968237179623449,1.0408307234670326,0.26217383819071965,0.22914272140069744,0.13999999999999999,0.020841715161573373,-0.0533465940155573,-0.13992302256737443
HCC1195_LUNG,ACH-000868,lung,0,B4,False,,0.34362368285326544,0.901292110917898,0.44040730924157867,0.3399189932842173,0.19,0.04060666300207066,-0.00014655890647785608,-0.00038441001823974474
ISTMES1_PLEURA,ACH-000569,mesothelioma,0,B0,False,,0.3479701043540655,1.0,,,0.0,-0.00615281523204019,-0.03734426023065246,-0.10732031218594007
ISTMES1_PLEURA,ACH-000569,mesothelioma,0,B1,False,,0.31062584412341304,0.8926796878140599,0.4469765140442047,0.37223923638432577,0.15000000000000002,,0.0,0.0
ISTMES1_PLEURA,ACH-000569,mesothelioma,0,B2,False,,0.33844113457118147,0.972615550406054,0.3409590751998154,0.2984236240851959,0.16,0.04915517757945963,-0.027815290447768426,-0.07993586259199403
ISTMES1_PLEURA,ACH-000569,mesothelioma,0,B3,False,SKUT1_SOFT_TISSUE,0.41042683425174425,1.1794887811227828,0.2075214966138777,0.20635407597944141,0.08,0.019572870850242917,-0.09980099012833121,-0.28680909330872284
ISTMES1_PLEURA,ACH-000569,mesothelioma,0,B4,False,,0.3102029294771918,0.8914643114327864,0.44909907787876185,0.37286785206078243,0.15,0.06381357079845286,0.00042291464622123964,0.0012153763812735585
J82_URINARY_TRACT,ACH-000396,urinary_tract,0,B0,False,,0.2449786715733108,1.0,,,0.0,0.18299944743737762,-0.02730724664048853,-0.11146785336500908
J82_URINARY_TRACT,ACH-000396,urinary_tract,0,B1,False,,0.21767142493282227,0.8885321466349909,0.4681104433035181,0.3597691199854539,0.26,,0.0,0.0
J82_URINARY_TRACT,ACH-000396,urinary_tract,0,B2,True,,0.21767142493282227,0.8885321466349909,0.4681104433035181,0.3597691199854539,0.26,,0.0,0.0
J82_URINARY_TRACT,ACH-000396,urinary_tract,0,B3,False,CAL62_THYROID,0.3318222408455517,1.3544944084907922,0.29065797076299654,0.24403750612322406,0.14,-0.05752857904788757,-0.11415081591272941,-0.46596226185580125
J82_URINARY_TRACT,ACH-000396,urinary_tract,0,B4,False,,0.21700498013373612,0.8858117269559793,0.4735931310482393,0.36126892577636543,0.28,0.08783824350513632,0.0006664447990861466,0.0027204196790115986
KNS81_CENTRAL_NERVOUS_SYSTEM,ACH-000479,central_nervous_system,0,B0,False,,0.3844657785431649,1.0,,,0.0,-0.04523674726620355,-0.039756009807016546,-0.10340584786937812
KNS81_CENTRAL_NERVOUS_SYSTEM,ACH-000479,central_nervous_system,0,B1,False,,0.34470976873614834,0.8965941521306219,0.44022639991702367,0.3537177777625183,0.16,,0.0,0.0
KNS81_CENTRAL_NERVOUS_SYSTEM,ACH-000479,central_nervous_system,0,B2,False,,0.35912510328626485,0.9340886063958096,0.36828472991943206,0.30508108836167724,0.18,0.07133029397487714,-0.01441533455011651,-0.037494454265187716
KNS81_CENTRAL_NERVOUS_SYSTEM,ACH-000479,central_nervous_system,0,B3,False,SNU1105_CENTRAL_NERVOUS_SYSTEM,0.4673857177446007,1.2156757345624878,0.2270818899011534,0.23053961171293663,0.12,0.05171231018976681,-0.12267594900845236,-0.3190815824318659
KNS81_CENTRAL_NERVOUS_SYSTEM,ACH-000479,central_nervous_system,0,B4,False,,0.3430973123922669,0.8924001342651269,0.44913916738083187,0.35832699278863,0.18,0.09943038480377628,0.0016124563438814632,0.004194017865495003
LOVO_LARGE_INTESTINE,ACH-000950,colorectal,0,B0,False,,0.3472808077136189,1.0,,,0.01,-0.09434534619673551,-0.05142363413337048,-0.14807508215592602
LOVO_LARGE_INTESTINE,ACH-000950,colorectal,0,B1,False,,0.29585717358024843,0.851924917844074,0.523825599996406,0.40060272171860645,0.21000000000000002,,0.0,0.0
LOVO_LARGE_INTESTINE,ACH-000950,colorectal,0,B2,False,,0.35330920550351563,1.0173588567407041,0.3492831771304918,0.2973513957982975,0.2,0.07390288227439638,-0.0574520319232672,-0.16543393889663016
LOVO_LARGE_INTESTINE,ACH-000950,colorectal,0,B3,False,GP2D_LARGE_INTESTINE,0.38468358469875197,1.1077018255957778,0.26478632694326204,0.22443703065243095,0.13,0.03956102504360399,-0.08882641111850353,-0.2557769077517038
LOVO_LARGE_INTESTINE,ACH-000950,colorectal,0,B4,False,,0.29008723438826,0.8353102962933588,0.548486771018878,0.4174494589285958,0.24,0.20230547033088245,0.005769939191988427,0.016614621550715136
MALME3M_SKIN,ACH-000477,skin,0,B0,False,,0.6496816470274428,1.0,,,0.0,-0.11998909845125753,-0.04195950962134121,-0.06458472363090906
MALME3M_SKIN,ACH-000477,skin,0,B1,False,,0.6077221374061016,0.9354152763690909,0.35265122895406253,0.27118112511490144,0.04,,0.0,0.0
MALME3M_SKIN,ACH-000477,skin,0,B2,False,,0.601548819303778,0.925913210040807,0.3586912815514399,0.28622699132487694,0.14,0.1756574838897793,0.006173318102323577,0.009502066328283987
MALME3M_SKIN,ACH-000477,skin,0,B3,False,LN229_CENTRAL_NERVOUS_SYSTEM,0.6702615867022323,1.031676960198816,0.20428348003815064,0.18028050384859648,0.07,0.04098967358323814,-0.06253944929613076,-0.09626168382972511
MALME3M_SKIN,ACH-000477,skin,0,B4,False,,0.5999677536243455,0.9234796093893701,0.3730149495176203,0.2880562185486245,0.11000000000000001,0.157070602216287,0.00775438378175608,0.011935666979720816
MDAMB468_BREAST,ACH-000849,breast,0,B0,False,,0.28901014886349563,1.0,,,0.0,0.08513774281170086,-0.027777179484931414,-0.09611143274436029
MDAMB468_BREAST,ACH-000849,breast,0,B1,False,,0.2612329693785642,0.9038885672556397,0.45393138813173484,0.32281895409102807,0.31,,0.0,0.0
MDAMB468_BREAST,ACH-000849,breast,0,B2,False,,0.309940147320011,1.0724195968163075,0.2758449632871518,0.2183692229229446,0.16999999999999998,-0.013244618063437753,-0.0487071779414468,-0.1685310295606678
MDAMB468_BREAST,ACH-000849,breast,0,B3,False,HCC1143_BREAST,0.38382091771230076,1.3280534238041095,0.22899523733014965,0.19203227321765354,0.18,0.03232222751627995,-0.12258794833373654,-0.4241648565484698
MDAMB468_BREAST,ACH-000849,breast,0,B4,False,,0.26103917998571846,0.9032180392703498,0.4565229523657869,0.3211116753308875,0.30000000000000004,0.06438385412373011,0.0001937893928457557,0.0006705279852898816
MIAPACA2_PANCREAS,ACH-000601,pancreas,0,B0,False,,0.330601073361819,1.0,,,0.0,-0.21202531633698277,-0.06791052511992124,-0.2054153195249856
MIAPACA2_PANCREAS,ACH-000601,pancreas,0,B1,False,,0.26269054824189775,0.7945846804750144,0.6320546859640325,0.48116992830296756,0.24,,0.0,0.0
MIAPACA2_PANCREAS,ACH-000601,pancreas,0,B2,False,,0.3420789816593731,1.0347183031828586,0.449255384242179,0.35205408892817097,0.21,0.07018325202384987,-0.07938843341747537,-0.24013362270784422
MIAPACA2_PANCREAS,ACH-000601,pancreas,0,B3,False,SKUT1_SOFT_TISSUE,0.37324711641977676,1.1289954767064072,0.3067468388118149,0.2546426051095095,0.14,0.03221475441041632,-0.11055656817787901,-0.3344107962313928
MIAPACA2_PANCREAS,ACH-000601,pancreas,0,B4,False,,0.2615730619747075,0.7912045152026311,0.6369999411660446,0.48133444659753605,0.26,0.09587463899563037,0.0011174862671902708,0.003380165272383273
NCIH2347_LUNG,ACH-000875,lung,0,B0,False,,0.5315496693410391,1.0,,,0.0,-0.1209843095658687,-0.04313067759893252,-0.08114138731833198
NCIH2347_LUNG,ACH-000875,lung,0,B1,False,,0.48841899174210657,0.918858612681668,0.40119250097446163,0.30904872893247654,0.09000000000000001,,0.0,0.0
NCIH2347_LUNG,ACH-000875,lung,0,B2,False,,0.4947427096491286,0.930755370918507,0.3608537247303825,0.27861121754767065,0.09000000000000001,-0.029693860820247223,-0.0063237179070220195,-0.011896758236839
NCIH2347_LUNG,ACH-000875,lung,0,B3,False,SW900_LUNG,0.5898688268322791,1.1097153490162794,0.26329233207087016,0.23657455446231815,0.08,0.08573190831843472,-0.10144983509017258,-0.19085673633461142
NCIH2347_LUNG,ACH-000875,lung,0,B4,False,,0.4863313566908807,0.9149311621128173,0.4083226692407853,0.31563279941798567,0.1,0.09926603482079958,0.002087635051225889,0.003927450568850688
NCIH23_LUNG,ACH-000900,lung,0,B0,False,,0.3070509401775331,1.0,,,0.0,0.06693752651942618,-0.030258600569669114,-0.09854586523061604
NCIH23_LUNG,ACH-000900,lung,0,B1,False,,0.276792339607864,0.901454134769384,0.4393947426242342,0.3337637531898229,0.24,,0.0,0.0
NCIH23_LUNG,ACH-000900,lung,0,B2,False,,0.280385831348025,0.9131573776843327,0.42047835812549267,0.3159447809195265,0.26,0.061954054157816914,-0.0035934917401610478,-0.01170324291494873
NCIH23_LUNG,ACH-000900,lung,0,B3,False,GCIY_STOMACH,0.3328967664590308,1.0841743922573694,0.294095741247374,0.24194618452515956,0.18,0.07413710566702209,-0.056104426851166844,-0.18272025748798548
NCIH23_LUNG,ACH-000900,lung,0,B4,False,,0.27393054232150044,0.8921338660064586,0.45388424124560917,0.34414687641200187,0.26,0.13920453559942672,0.0028617972863635432,0.009320268762925354
RCC10RGB_KIDNEY,ACH-000189,kidney,0,B0,False,,0.3211536518338956,1.0,,,0.0,0.002448097844414442,-0.037023260635855926,-0.11528207891904896
RCC10RGB_KIDNEY,ACH-000189,kidney,0,B1,False,,0.2841303911980397,0.884717921080951,0.47497794062752685,0.35435990785457067,0.26,,0.0,0.0
RCC10RGB_KIDNEY,ACH-000189,kidney,0,B2,False,,0.30258874968984456,0.9421930840952946,0.39771757275436787,0.3035921813670813,0.32,0.11815105423324482,-0.018458358491804883,-0.05747516301434352
RCC10RGB_KIDNEY,ACH-000189,kidney,0,B3,False,786O_KIDNEY,0.3221970798196845,1.0032489992868852,0.3262894314645469,0.25793603910564683,0.24,0.10582570700001832,-0.038066688621644806,-0.11853107820593412
RCC10RGB_KIDNEY,ACH-000189,kidney,0,B4,False,,0.280460508656008,0.873290734993932,0.49184101059438357,0.3652801559598985,0.29,0.1446290209427117,0.003669882542031655,0.011427186087019092
SNU685_ENDOMETRIUM,ACH-000407,uterus,0,B0,False,,0.30748248350478385,1.0,,,0.0,0.18301478277802205,-0.013121850664304768,-0.04267511604153096
SNU685_ENDOMETRIUM,ACH-000407,uterus,0,B1,False,,0.2943606328404791,0.957324883958469,0.3247202990489484,0.22793680761461924,0.14,,0.0,0.0
SNU685_ENDOMETRIUM,ACH-000407,uterus,0,B2,False,,0.3524409528125125,1.1462147332598513,0.17305260366388064,0.12756534692248625,0.08,0.02330193960034671,-0.05808031997203339,-0.1888898493013823
SNU685_ENDOMETRIUM,ACH-000407,uterus,0,B3,False,MSTO211H_PLEURA,0.37905796199436737,1.2327790437807815,0.1914468987859855,0.14859699351533567,0.09,-0.01969940730913287,-0.08469732915388828,-0.27545415982231247
SNU685_ENDOMETRIUM,ACH-000407,uterus,0,B4,False,,0.2921890540661078,0.9502624368570312,0.3356264029229305,0.23076602596719709,0.15,0.12422648665242718,0.0021715787743712966,0.007062447101437885
TE6_OESOPHAGUS,ACH-000605,esophagus,0,B0,False,,0.373605197489502,1.0,,,0.0,0.05093030326906988,-0.025535393039263887,-0.06834860224336525
TE6_OESOPHAGUS,ACH-000605,esophagus,0,B1,False,,0.3480698044502381,0.9316513977566347,0.363366716743207,0.2842294620158081,0.2,,0.0,0.0
TE6_OESOPHAGUS,ACH-000605,esophagus,0,B2,False,,0.3717647382113766,0.9950737856686882,0.29288544286299867,0.2344058062338829,0.19,0.07827465150676514,-0.023694933761138515,-0.06342238791205346
TE6_OESOPHAGUS,ACH-000605,esophagus,0,B3,False,TE11_OESOPHAGUS,0.4358073208055047,1.1664915898761032,0.19166229038892993,0.16624100039679768,0.1,0.057152994922850926,-0.08773751635526661,-0.2348401921194685
TE6_OESOPHAGUS,ACH-000605,esophagus,0,B4,False,,0.3492057953410593,0.934692016298493,0.36243150073660796,0.2747960045648183,0.21000000000000002,0.05419781136057454,-0.0011359908908211702,-0.00304061854185822
UACC257_SKIN,ACH-000579,skin,0,B0,False,,0.44346211730324114,1.0,,,0.0,-0.19638152632449293,-0.05959808641559644,-0.13439273410324482
UACC257_SKIN,ACH-000579,skin,0,B1,False,,0.3838640308876447,0.8656072658967552,0.5193736746516762,0.4045067931164763,0.08,,0.0,0.0
UACC257_SKIN,ACH-000579,skin,0,B2,False,,0.3803672693885746,0.8577221244999333,0.5145007044074901,0.3985388375272426,0.14,0.2579958476163191,0.003496761499070078,0.007885141396821838
UACC257_SKIN,ACH-000579,skin,0,B3,False,A375_SKIN,0.4686617517629776,1.0568247736987753,0.4693016153226921,0.3676506865976797,0.14,0.26620292736339496,-0.08479772087533288,-0.19121750780202007
UACC257_SKIN,ACH-000579,skin,0,B4,False,,0.3737192638156761,0.8427309779881951,0.5444300314742055,0.42528272034888337,0.12,0.22946467573995458,0.010144767071968597,0.02287628790856011
22RV1_PROSTATE,ACH-000956,prostate,1,B0,False,,0.42917956588038314,1.0,,,0.01,0.11137859609826421,-0.014600625232002451,-0.03401985181203104
22RV1_PROSTATE,ACH-000956,prostate,1,B1,False,,0.4145789406483807,0.965980148187969,0.2602854699118827,0.23416161997191176,0.05,,0.0,0.0
22RV1_PROSTATE,ACH-000956,prostate,1,B2,False,,0.44607224829620634,1.0393604070621838,0.1275311538344813,0.1448950863459982,0.01,0.08116922237453998,-0.03149330764782565,-0.07338025887421484
22RV1_PROSTATE,ACH-000956,prostate,1,B3,False,LNCAPCLONEFGC_PROSTATE,0.47973418532544965,1.1177936310675998,0.10258147241484915,0.13809905363425082,0.02,0.055203876120480326,-0.06515524467706896,-0.1518134828796308
22RV1_PROSTATE,ACH-000956,prostate,1,B4,False,,0.4132808941291311,0.962955664679331,0.26271602885224477,0.23462143306641148,0.060000000000000005,0.08405582153062484,0.001298046519249585,0.003024483508637932
A375_SKIN,ACH-000219,skin,1,B0,False,,0.47411939971527367,1.0,,,0.0,-0.3439897781839638,-0.08199014898888951,-0.17293143676071399
A375_SKIN,ACH-000219,skin,1,B1,False,,0.39212925072638416,0.827068563239286,0.622674375555083,0.4839402186531862,0.18,,0.0,0.0
A375_SKIN,ACH-000219,skin,1,B2,False,,0.3816199070340188,0.8049025356549336,0.5811524113440861,0.44266475739775935,0.22999999999999998,0.30921201835087425,0.010509343692365336,0.022166027584352377
A375_SKIN,ACH-000219,skin,1,B3,False,SKMEL24_SKIN,0.49011846465212155,1.0337448013020685,0.4231472260148705,0.3433534730058212,0.18,0.2108419181759514,-0.0979892139257374,-0.20667623806278246
A375_SKIN,ACH-000219,skin,1,B4,False,,0.38312902378849845,0.8080855244872529,0.6442164627522029,0.49791405588764837,0.21000000000000002,0.25876767352891944,0.009000226937885714,0.01898303875203311
CAL120_BREAST,ACH-000212,breast,1,B0,False,,0.2486115571548627,1.0,,,0.0,0.18545244040360176,-0.02623379216876756,-0.1055212093475858
CAL120_BREAST,ACH-000212,breast,1,B1,False,,0.22237776498609513,0.8944787906524142,0.46898490897623,0.36802773221399676,0.26,,0.0,0.0
CAL120_BREAST,ACH-000212,breast,1,B2,False,,0.2745802170697125,1.104454757502177,0.3052298860550707,0.26114736350506046,0.15000000000000002,0.023864052552059124,-0.052202452083617346,-0.20997596684976283
CAL120_BREAST,ACH-000212,breast,1,B3,False,8505C_THYROID,0.3551305875129056,1.4284556662492207,0.28381341573018737,0.26028320802131033,0.17,0.027502667324159177,-0.13275282252681048,-0.5339768755968065
CAL120_BREAST,ACH-000212,breast,1,B4,False,,0.21985440116939858,0.88432896557761,0.4779342172019029,0.37193757276872785,0.29000000000000004,0.1468446006512666,0.0025233638166965444,0.01014982507480422
COLO668_LUNG,ACH-000803,lung,1,B0,False,,0.4336074988597982,1.0,,,0.0,0.12887686302846885,-0.012410874802118943,-0.02862237123378686
COLO668_LUNG,ACH-000803,lung,1,B1,False,,0.42119662405767927,0.9713776287662131,0.2397688963762908,0.21220468538725798,0.12000000000000001,,0.0,0.0
COLO668_LUNG,ACH-000803,lung,1,B2,False,,0.4245781348900718,0.9791761812388629,0.22539258756767988,0.1968566807341328,0.11000000000000001,0.029623653746789973,-0.0033815108323925203,-0.007798552472649711
COLO668_LUNG,ACH-000803,lung,1,B3,False,BEN_LUNG,0.4770030927011385,1.1000803582858971,0.1316105673628417,0.12993509393168579,0.07,0.1019873771633975,-0.05580646864345923,-0.12870272951968398
COLO668_LUNG,ACH-000803,lung,1,B4,False,,0.42045931053443414,0.9696772118564874,0.2412384451535286,0.21493839220561758,0.11,0.08444841712484395,0.0007373135232451311,0.001700416909725777
COV434_OVARY,ACH-000123,ovary,1,B0,False,,0.3540181402308013,1.0,,,0.0,0.20006271673340614,-0.0073491563822933315,-0.02075926498428038
COV434_OVARY,ACH-000123,ovary,1,B1,False,,0.34666898384850797,0.9792407350157196,0.25066298374483315,0.21592210349498328,0.08,,0.0,0.0
COV434_OVARY,ACH-000123,ovary,1,B2,False,,0.3618958966114971,1.0222524088047011,0.21276646312452435,0.1940479575335312,0.08,0.060969941252737886,-0.015226912762989153,-0.04301167378898152
COV434_OVARY,ACH-000123,ovary,1,B3,False,A2780_OVARY,0.43532034267839903,1.2296554701818188,0.1540590639748367,0.1655932319732364,0.07,0.01864577319018226,-0.08865135882989106,-0.25041473516609913
COV434_OVARY,ACH-000123,ovary,1,B4,False,,0.3428568657257285,0.9684725915519576,0.26091133597130484,0.22109547896328227,0.06999999999999999,0.15073213900772095,0.0038121181227794843,0.010768143463761981
GCIY_STOMACH,ACH-000047,gastric,1,B0,False,,0.24907172498889005,1.0,,,0.0,0.11479295247177637,-0.03805442251152591,-0.1527849960216212
GCIY_STOMACH,ACH-000047,gastric,1,B1,False,,0.21101730247736414,0.8472150039783788,0.5362146140340828,0.4224704273536441,0.27,,0.0,0.0
GCIY_STOMACH,ACH-000047,gastric,1,B2,False,,0.26423814416957525,1.06089177397138,0.3859437130765919,0.3161429668231175,0.18,0.004916716696536097,-0.05322084169221111,-0.21367676999300111
GCIY_STOMACH,ACH-000047,gastric,1,B3,False,NCIH1299_LUNG,0.26772266577076476,1.0748818067675352,0.353445015027111,0.2958366852327783,0.18,0.056263895888244056,-0.05670536329340062,-0.2276668027891564
GCIY_STOMACH,ACH-000047,gastric,1,B4,False,,0.20904466300474578,0.8392950384636004,0.5441733109069062,0.42785785070114013,0.28,0.1338539937670658,0.0019726394726183594,0.00791996551477836
GP2D_LARGE_INTESTINE,ACH-000982,colorectal,1,B0,False,,0.28532659484329026,1.0,,,0.0,0.15827902870403557,-0.023235158558758018,-0.08143355361430449
GP2D_LARGE_INTESTINE,ACH-000982,colorectal,1,B1,False,,0.26209143628453224,0.9185664463856955,0.4080936368388609,0.3389256822141659,0.16,,0.0,0.0
GP2D_LARGE_INTESTINE,ACH-000982,colorectal,1,B2,False,,0.3424466052526122,1.2001916801365606,0.2671912992866192,0.21979470207823298,0.11,0.017109043441325467,-0.08035516896807998,-0.2816252337508651
GP2D_LARGE_INTESTINE,ACH-000982,colorectal,1,B3,False,LOVO_LARGE_INTESTINE,0.38468358469875197,1.348221973174395,0.26478632694326204,0.22443703065243095,0.13,0.034469646250646045,-0.12259214841421973,-0.42965552678869945
GP2D_LARGE_INTESTINE,ACH-000982,colorectal,1,B4,False,,0.26307830599880483,0.9220251836086123,0.41399010208699916,0.3339491001416099,0.18,0.07412742088426226,-0.0009868697142725869,-0.0034587372229167856
LI7_LIVER,ACH-000471,liver,1,B0,False,,0.44097292194735926,1.0,,,0.0,0.09672569549531042,-0.015136338677016858,-0.034324871037827
LI7_LIVER,ACH-000471,liver,1,B1,False,,0.4258365832703424,0.965675128962173,0.26392207937353857,0.21437580809452142,0.11,,0.0,0.0
LI7_LIVER,ACH-000471,liver,1,B2,False,,0.5222691663873794,1.1843565452522837,0.1496569102112233,0.14310609054140425,0.06,0.014293342169026344,-0.09643258311703701,-0.21868141629011073
LI7_LIVER,ACH-000471,liver,1,B3,False,JHH5_LIVER,0.5581265622404685,1.2656708257181704,0.1386317178634978,0.13256627887266434,0.03,0.0007432298080768336,-0.13228997897012612,-0.29999569675599735
LI7_LIVER,ACH-000471,liver,1,B4,False,,0.4273768467329996,0.9691680043429454,0.2613165831240249,0.21013381874091172,0.11,0.02959701055885225,-0.0015402634626571765,-0.0034928753807723645
LN229_CENTRAL_NERVOUS_SYSTEM,ACH-000595,central_nervous_system,1,B0,False,,0.36127467326140444,1.0,,,0.0,-0.05634382739282744,-0.047332930873242085,-0.1310164657985693
LN229_CENTRAL_NERVOUS_SYSTEM,ACH-000595,central_nervous_system,1,B1,False,,0.31394174238816236,0.8689835342014307,0.48724902128046493,0.38096062900372085,0.15000000000000002,,0.0,0.0
LN229_CENTRAL_NERVOUS_SYSTEM,ACH-000595,central_nervous_system,1,B2,False,,0.3317798872152451,0.9183591094833873,0.40132168607972357,0.3182130827060063,0.22,0.07393808464459271,-0.017838144827082736,-0.049375575281956574
LN229_CENTRAL_NERVOUS_SYSTEM,ACH-000595,central_nervous_system,1,B3,False,SKMEL24_SKIN,0.47647661715481965,1.3188763354304096,0.30864497918969686,0.25806708591130734,0.24,0.09565190325200984,-0.1625348747666573,-0.4498928012289789
LN229_CENTRAL_NERVOUS_SYSTEM,ACH-000595,central_nervous_system,1,B4,False,,0.31239417182979984,0.8646998944311921,0.49223963924564984,0.3752902545574302,0.22,0.10760918924473013,0.001547570558362521,0.004283639770238601
MDAMB435S_SKIN,ACH-000884,skin,1,B0,False,,0.3077737797340963,1.0,,,0.0,0.027420848239621227,-0.03761583051823636,-0.12221908750880228
MDAMB435S_SKIN,ACH-000884,skin,1,B1,False,,0.27015794921585995,0.8777809124911977,0.48684762880277144,0.37757367289008253,0.19,,0.0,0.0
MDAMB435S_SKIN,ACH-000884,skin,1,B2,False,,0.34095956352206763,1.1078252468960885,0.3880993783542956,0.30065065742387087,0.17,0.03869609898283936,-0.07080161430620768,-0.2300443344048908
MDAMB435S_SKIN,ACH-000884,skin,1,B3,False,SKMEL24_SKIN,0.45997526115556836,1.494523872543554,0.2987475664171372,0.26027464914320175,0.19,0.06958389854955563,-0.1898173119397084,-0.6167429600523562
MDAMB435S_SKIN,ACH-000884,skin,1,B4,False,,0.27169508409246884,0.8827752784113125,0.4885122088203226,0.37592191405972325,0.19,0.07886821982173974,-0.0015371348766088921,-0.004994365920114818
NCIH1355_LUNG,ACH-000666,lung,1,B0,False,,0.3776795085448789,1.0,,,0.0,-0.04549023429089448,-0.04638094649094204,-0.12280503824429934
NCIH1355_LUNG,ACH-000666,lung,1,B1,False,,0.3312985620539369,0.8771949617557007,0.4632607310443521,0.3640794622279401,0.13,,0.0,0.0
NCIH1355_LUNG,ACH-000666,lung,1,B2,False,,0.33913336157617796,0.8979395331316457,0.4203949877533749,0.3386852527842296,0.09999999999999999,-0.016231114959076646,-0.007834799522241087,-0.020744571375944987
NCIH1355_LUNG,ACH-000666,lung,1,B3,False,NCIH1793_LUNG,0.45510141200236354,1.2049936565416939,0.19149306599390825,0.19629595959775034,0.05,0.014744434517740225,-0.12380284994842666,-0.3277986947859932
NCIH1355_LUNG,ACH-000666,lung,1,B4,False,,0.3318525430697102,0.8786617636425906,0.4610908224375433,0.3629379881273328,0.15000000000000002,0.03396948217565368,-0.0005539810157733083,-0.001466801886889968
NCIH2126_LUNG,ACH-000785,lung,1,B0,False,,0.2989996682688341,1.0,,,0.0,0.19977682500606064,-0.012460632505691405,-0.041674402442774316
NCIH2126_LUNG,ACH-000785,lung,1,B1,False,,0.2865390357631427,0.9583255975572257,0.33550270650743813,0.2566693294418051,0.24000000000000002,,0.0,0.0
NCIH2126_LUNG,ACH-000785,lung,1,B2,False,,0.2900585144451029,0.970096442328852,0.3216677559276808,0.24099643576342158,0.27,0.06025842465286826,-0.0035194786819601753,-0.011770844771626265
NCIH2126_LUNG,ACH-000785,lung,1,B3,False,NCIH1650_LUNG,0.446588425452827,1.4936084312016498,0.1312779543116224,0.13010889955591357,0.11000000000000001,0.010877890433342764,-0.1600493896896843,-0.5352828336444241
NCIH2126_LUNG,ACH-000785,lung,1,B4,False,,0.288483976542078,0.9648304234327735,0.3357982077593003,0.2541778177661937,0.25,0.035607593650864765,-0.0019449407789353113,-0.006504825875547793
NCIH522_LUNG,ACH-000343,lung,1,B0,False,,0.337081006525598,1.0,,,0.0,0.20871650123282406,-0.00751218804893955,-0.02228600218793131
NCIH522_LUNG,ACH-000343,lung,1,B1,False,,0.3295688184766585,0.9777139978120687,0.2646424726699171,0.2356378043990665,0.13,,0.0,0.0
NCIH522_LUNG,ACH-000343,lung,1,B2,False,,0.33238147053268424,0.9860581406192137,0.25614483849255626,0.2209530124127052,0.14,0.058819343790942356,-0.002812652056025766,-0.008344142807145016
NCIH522_LUNG,ACH-000343,lung,1,B3,False,NCIH1299_LUNG,0.3689338596418897,1.0944961374258646,0.16991778888613418,0.1583403059931779,0.15000000000000002,0.038922124516251724,-0.03936504116523121,-0.11678213961379591
NCIH522_LUNG,ACH-000343,lung,1,B4,False,,0.3242609460966277,0.9619674197573136,0.28666450782819447,0.24754976544826454,0.12000000000000001,0.18587923962956573,0.005307872380030776,0.0157465780547551
NCIH841_LUNG,ACH-000292,lung,1,B0,False,,0.26456890998923144,1.0,,,0.0,0.18384990817370347,-0.02303540187971878,-0.08706768259602526
NCIH841_LUNG,ACH-000292,lung,1,B1,False,,0.24153350810951266,0.9129323174039747,0.429068679726105,0.3574828532167788,0.22,,0.0,0.0
NCIH841_LUNG,ACH-000292,lung,1,B2,False,,0.24726252212808741,0.9345864642151324,0.4029183691192064,0.3332580963246911,0.23,0.048131747432920056,-0.005729014018574757,-0.021654146811157626
NCIH841_LUNG,ACH-000292,lung,1,B3,False,NCIH1299_LUNG,0.2902087534380319,1.0969117779176851,0.2917370792997911,0.26216702496630623,0.22,0.0665446020430209,-0.04867524532851922,-0.1839794605137104
NCIH841_LUNG,ACH-000292,lung,1,B4,False,,0.2364489177306364,0.8937139202798258,0.45202740975020306,0.36717825291725925,0.28,0.2035615489489375,0.005084590378876264,0.019218397124148967
PANC0403_PANCREAS,ACH-000235,pancreas,1,B0,False,,0.4349897452504876,1.0,,,0.0,-0.12917874001365862,-0.05255897424794598,-0.12082807657380534
PANC0403_PANCREAS,ACH-000235,pancreas,1,B1,False,,0.38243077100254164,0.8791719234261947,0.47882314377045065,0.3719082116499875,0.16999999999999998,,0.0,0.0
PANC0403_PANCREAS,ACH-000235,pancreas,1,B2,False,,0.41581909050087407,0.9559284903634356,0.39630953049997336,0.3106092867597877,0.12000000000000001,0.11197015993489338,-0.03338831949833243,-0.07675656693724098
PANC0403_PANCREAS,ACH-000235,pancreas,1,B3,False,SW900_LUNG,0.5125528696895661,1.1783102367031986,0.29948552276675744,0.26172734685215326,0.1,0.07968607616825346,-0.1301220986870245,-0.2991383132770039
PANC0403_PANCREAS,ACH-000235,pancreas,1,B4,False,,0.37567968128542,0.8636518110768012,0.4996762449617434,0.3823110671312643,0.21000000000000002,0.2009957980637364,0.006751089717121628,0.015520112349393433
SKUT1_SOFT_TISSUE,ACH-000939,soft_tissue,1,B0,False,,0.30318759081807356,1.0,,,0.0,0.11995453662254296,-0.02460925615105891,-0.08116841485714232
SKUT1_SOFT_TISSUE,ACH-000939,soft_tissue,1,B1,False,,0.27857833466701465,0.9188315851428577,0.4091074720252844,0.3119743581088812,0.23,,0.0,0.0
SKUT1_SOFT_TISSUE,ACH-000939,soft_tissue,1,B2,True,,0.27857833466701465,0.9188315851428577,0.4091074720252844,0.3119743581088812,0.23,,0.0,0.0
SKUT1_SOFT_TISSUE,ACH-000939,soft_tissue,1,B3,False,CAL62_THYROID,0.36539931998777003,1.2051922013095395,0.28175252613332347,0.24952422909097854,0.13,-0.007529025046454009,-0.08682098532075538,-0.28636061616668185
SKUT1_SOFT_TISSUE,ACH-000939,soft_tissue,1,B4,False,,0.27542170950464484,0.9084201261716891,0.4247033665452153,0.3257296682812264,0.24,0.1484476713000484,0.0031566251623698083,0.010411458971168575
SNU1214_UPPER_AERODIGESTIVE_TRACT,ACH-000715,upper_aerodigestive,1,B0,False,,0.617080770839692,1.0,,,0.0,-0.11369367394037952,-0.04218161156410849,-0.06835671042983549
SNU1214_UPPER_AERODIGESTIVE_TRACT,ACH-000715,upper_aerodigestive,1,B1,False,,0.5748991592755835,0.9316432895701645,0.3641045759969816,0.30906520784658914,0.060000000000000005,,0.0,0.0
SNU1214_UPPER_AERODIGESTIVE_TRACT,ACH-000715,upper_aerodigestive,1,B2,True,,0.5748991592755835,0.9316432895701645,0.3641045759969816,0.30906520784658914,0.060000000000000005,,0.0,0.0
SNU1214_UPPER_AERODIGESTIVE_TRACT,ACH-000715,upper_aerodigestive,1,B3,False,SNU1041_UPPER_AERODIGESTIVE_TRACT,0.653856919630638,1.0595969774603458,0.22896556574890134,0.22337817406842808,0.05,0.06866848985480231,-0.07895776035505442,-0.12795368789018124
SNU1214_UPPER_AERODIGESTIVE_TRACT,ACH-000715,upper_aerodigestive,1,B4,False,,0.5715313341015437,0.9261856163883262,0.3718853447647019,0.3033155250173418,0.060000000000000005,0.10989662023008773,0.0033678251740398846,0.005457673181838318
TEN_ENDOMETRIUM,ACH-000397,uterus,1,B0,False,,0.32385757053791503,1.0,,,0.01,0.14041870379138938,-0.01962395888208185,-0.06059441145528022
TEN_ENDOMETRIUM,ACH-000397,uterus,1,B1,False,,0.3042336116558332,0.9394055885447198,0.3551632224240747,0.2839783083194985,0.16,,0.0,0.0
TEN_ENDOMETRIUM,ACH-000397,uterus,1,B2,False,,0.3536477364030534,1.0919853928863175,0.20349120255774564,0.16538802577971332,0.12000000000000001,0.05158786781301764,-0.049414124747220234,-0.15257980434159768
TEN_ENDOMETRIUM,ACH-000397,uterus,1,B3,False,OAW42_OVARY,0.33845253881576176,1.0450660092756363,0.25673911832154894,0.2230085662448449,0.14,0.08756194110400009,-0.03421892715992858,-0.10566042073091653
TEN_ENDOMETRIUM,ACH-000397,uterus,1,B4,False,,0.3030199241699239,0.935657992081579,0.3626189747029695,0.2896635282397365,0.17,0.09030286220789793,0.0012136874859092761,0.003747596463140823
TUHR4TKB_KIDNEY,ACH-000495,kidney,1,B0,False,,0.35107236585564683,1.0,,,0.0,0.09201535981729177,-0.02251914888517953,-0.06414389475028892
TUHR4TKB_KIDNEY,ACH-000495,kidney,1,B1,False,,0.3285532169704673,0.9358561052497111,0.3621593460821815,0.2920966078107196,0.12,,0.0,0.0
TUHR4TKB_KIDNEY,ACH-000495,kidney,1,B2,False,,0.3410083304130826,0.9713334445505678,0.32796773734133866,0.2572929963517609,0.16999999999999998,0.11885886624877127,-0.012455113442615295,-0.035477339300856725
TUHR4TKB_KIDNEY,ACH-000495,kidney,1,B3,False,786O_KIDNEY,0.3618880379878638,1.030807529113995,0.25088877086893374,0.2124016604145921,0.13,0.10066794137779901,-0.03333482101739649,-0.09495142386428401
TUHR4TKB_KIDNEY,ACH-000495,kidney,1,B4,False,,0.32607985754957813,0.9288109497164324,0.377946811375426,0.29771967750261535,0.14,0.12097287032905954,0.002473359420889165,0.007045155533278669
42MGBA_CENTRAL_NERVOUS_SYSTEM,ACH-000323,central_nervous_system,2,B0,False,,0.23937428561352872,1.0,,,0.0,0.18892335291038195,-0.025387963266252533,-0.10605969309185348
42MGBA_CENTRAL_NERVOUS_SYSTEM,ACH-000323,central_nervous_system,2,B1,False,,0.2139863223472762,0.8939403069081465,0.48163786353599325,0.36363958858780554,0.3,,0.0,0.0
42MGBA_CENTRAL_NERVOUS_SYSTEM,ACH-000323,central_nervous_system,2,B2,False,,0.24234717393504523,1.0124194138643456,0.4041082327797602,0.3189117653580738,0.31000000000000005,0.12594784289884922,-0.028360851587769048,-0.11847910695619912
42MGBA_CENTRAL_NERVOUS_SYSTEM,ACH-000323,central_nervous_system,2,B3,False,SNB75_CENTRAL_NERVOUS_SYSTEM,0.3890608118320661,1.6253241689468985,0.19927949655687163,0.20280753438548166,0.11000000000000001,0.05693398207919562,-0.1750744894847899,-0.7313838620387519
42MGBA_CENTRAL_NERVOUS_SYSTEM,ACH-000323,central_nervous_system,2,B4,False,,0.21205638308105731,0.8858778733795312,0.4990349356134704,0.3761732220617931,0.32,0.13918911293081204,0.001929939266218872,0.008062433528615354
786O_KIDNEY,ACH-000649,kidney,2,B0,False,,0.2129598305101538,1.0,,,0.0,0.2549658456948954,-0.019734349451083016,-0.09266700393125127
786O_KIDNEY,ACH-000649,kidney,2,B1,False,,0.19322548105907078,0.9073329960687487,0.500984997572716,0.37082882023345987,0.35,,0.0,0.0
786O_KIDNEY,ACH-000649,kidney,2,B2,False,,0.2241410651433915,1.0525039609885705,0.4432278055148663,0.3253849554209891,0.37,0.17084393917340446,-0.030915584084320713,-0.14517096491982173
786O_KIDNEY,ACH-000649,kidney,2,B3,False,RCC10RGB_KIDNEY,0.3221970798196845,1.512947672093129,0.326289431464547,0.25793603910564683,0.24,0.09638062605023945,-0.1289715987606137,-0.6056146760243802
786O_KIDNEY,ACH-000649,kidney,2,B4,False,,0.18786838425005256,0.8821775627826446,0.5308396445376977,0.38640459166891006,0.38,0.21560521277628883,0.005357096809018219,0.025155433286104145
CAOV3_OVARY,ACH-000713,ovary,2,B0,False,,0.3275239238416982,1.0,,,0.0,0.03488003900741766,-0.033248226408333414,-0.10151388643109704
CAOV3_OVARY,ACH-000713,ovary,2,B1,False,,0.2942756974333648,0.898486113568903,0.4432175143403543,0.34965730729800765,0.23,,0.0,0.0
CAOV3_OVARY,ACH-000713,ovary,2,B2,False,,0.3236011453358575,0.988022925287935,0.3057554418971155,0.2511509810603031,0.16,0.00031431552915497354,-0.029325447902492696,-0.08953681171903205
CAOV3_OVARY,ACH-000713,ovary,2,B3,False,SW900_LUNG,0.48503912796786797,1.4809273236549934,0.22150979370747206,0.2027707274085641,0.09,-0.028372182819754857,-0.19076343053450318,-0.5824412100860904
CAOV3_OVARY,ACH-000713,ovary,2,B4,False,,0.29495466270714193,0.9005591385431193,0.4426750687483055,0.3439661190076815,0.24000000000000002,0.03584765345799207,-0.0006789652737771434,-0.002073024974216353
COLO680N_OESOPHAGUS,ACH-000717,esophagus,2,B0,False,,0.3106853136127886,1.0,,,0.0,0.02428301744537302,-0.036271304831726414,-0.11674611976326577
COLO680N_OESOPHAGUS,ACH-000717,esophagus,2,B1,False,,0.2744140087810622,0.8832538802367342,0.47849807614455847,0.3658441301423643,0.23,,0.0,0.0
COLO680N_OESOPHAGUS,ACH-000717,esophagus,2,B2,False,,0.31205641628937314,1.0044131557447653,0.35356115178778547,0.2768265156958528,0.23,0.08717688045325672,-0.03764240750831094,-0.12115927550803107
COLO680N_OESOPHAGUS,ACH-000717,esophagus,2,B3,False,NCIH1650_LUNG,0.43593432095916984,1.403137843530257,0.20229172538027568,0.19630908581528955,0.1,0.02549883923506941,-0.16152031217810764,-0.5198839632935228
COLO680N_OESOPHAGUS,ACH-000717,esophagus,2,B4,False,,0.27389474225602634,0.8815825217840362,0.48621512912659387,0.36408439356856276,0.25,0.0923451468004831,0.0005192665250358663,0.0016713584526980574
G401_SOFT_TISSUE,ACH-000096,rhabdoid,2,B0,False,,0.3188089444007618,1.0,,,0.0,0.09833053915512209,-0.027375316273378136,-0.0858674662495219
G401_SOFT_TISSUE,ACH-000096,rhabdoid,2,B1,False,,0.29143362812738366,0.9141325337504781,0.4000376366210209,0.35747076521489324,0.11000000000000001,,0.0,0.0
G401_SOFT_TISSUE,ACH-000096,rhabdoid,2,B2,True,,0.29143362812738366,0.9141325337504781,0.4000376366210209,0.35747076521489324,0.11000000000000001,,0.0,0.0
G401_SOFT_TISSUE,ACH-000096,rhabdoid,2,B3,False,A2780_OVARY,0.3826168786123219,1.2001447429007819,0.27035867289535936,0.2652294708902243,0.1,0.06741555938486311,-0.09118325048493825,-0.2860122091503038
G401_SOFT_TISSUE,ACH-000096,rhabdoid,2,B4,False,,0.28992439907303846,0.9093985729226789,0.4068264256593151,0.36131282629957673,0.12000000000000001,0.11088731382143498,0.0015092290543451958,0.0047339608277992
HCC1143_BREAST,ACH-000374,breast,2,B0,False,,0.32728387779161977,1.0,,,0.0,0.05893617317299368,-0.02680316041301717,-0.0818957554337052
HCC1143_BREAST,ACH-000374,breast,2,B1,False,,0.3004807173786026,0.9181042445662948,0.4208695056735776,0.3236521292988962,0.23,,0.0,0.0
HCC1143_BREAST,ACH-000374,breast,2,B2,False,,0.3388835250091948,1.0354421589472869,0.27226715723148043,0.2309182241162963,0.2,0.01292124305378079,-0.03840280763059217,-0.11733791438099206
HCC1143_BREAST,ACH-000374,breast,2,B3,False,NCIH1650_LUNG,0.4531157852824118,1.384473284598848,0.17659470767515503,0.18114539868466442,0.11000000000000001,0.021502938809165796,-0.1526350679038092,-0.4663690400325533
HCC1143_BREAST,ACH-000374,breast,2,B4,False,,0.30103112053208914,0.9197859746814487,0.4207666277350678,0.32265298188346553,0.22999999999999998,0.027659281499340688,-0.0005504031534865339,-0.0016817301151539343
HS766T_PANCREAS,ACH-000178,pancreas,2,B0,False,,0.6254664484963456,1.0,,,0.0,-0.18696833778724659,-0.05500228323842915,-0.08793802348736302
HS766T_PANCREAS,ACH-000178,pancreas,2,B1,False,,0.5704641652579164,0.912061976512637,0.4269205992651434,0.36396198004400787,0.07,,0.0,0.0
HS766T_PANCREAS,ACH-000178,pancreas,2,B2,False,,0.5800616197537549,0.9274064518540582,0.3537135435880455,0.308873815513752,0.09,0.10398473196564935,-0.009597454495838487,-0.015344475341421249
HS766T_PANCREAS,ACH-000178,pancreas,2,B3,False,8505C_THYROID,0.6313340801141841,1.009381209227041,0.23636326253507636,0.24043623419884444,0.05,0.027783872990774245,-0.06086991485626769,-0.09731923271440412
HS766T_PANCREAS,ACH-000178,pancreas,2,B4,False,,0.5685891724319463,0.9090642252655834,0.4275639185391438,0.3623590746873545,0.07,0.09839227027074135,0.0018749928259701454,0.0029977512470535927
IGR1_SKIN,ACH-000882,skin,2,B0,False,,0.34186633611041084,1.0,,,0.0,-0.04525439888706625,-0.045746423733545705,-0.1338137713529396
IGR1_SKIN,ACH-000882,skin,2,B1,False,,0.29611991237686514,0.8661862286470604,0.4953404554946881,0.39548723379944306,0.19,,0.0,0.0
IGR1_SKIN,ACH-000882,skin,2,B2,False,,0.32597104000628124,0.9535043541140127,0.48651455766288115,0.3776697202840966,0.22999999999999998,0.18714812712400394,-0.029851127629416108,-0.08731812546695228
IGR1_SKIN,ACH-000882,skin,2,B3,False,UACC257_SKIN,0.42760424078271586,1.2507936453989277,0.4247020443912443,0.35228490609583313,0.09,0.21471107966166492,-0.13148432840585073,-0.38460741675186727
IGR1_SKIN,ACH-000882,skin,2,B4,False,,0.29073657492005733,0.850439321484288,0.5228647473085988,0.4094147611902619,0.2,0.19817520739188965,0.005383337456807802,0.015746907162772383
LUDLU1_LUNG,ACH-000390,lung,2,B0,False,,0.3449928172445567,1.0,,,0.0,0.08464232228913775,-0.023726990671354642,-0.06877531787722746
LUDLU1_LUNG,ACH-000390,lung,2,B1,False,,0.3212658265732021,0.9312246821227725,0.371929365835909,0.2845418969731418,0.19,,0.0,0.0
LUDLU1_LUNG,ACH-000390,lung,2,B2,False,,0.3248849175707771,0.9417150193607491,0.3504072925494008,0.26949004377462615,0.16999999999999998,0.05539200279837253,-0.003619090997575014,-0.010490337237976544
LUDLU1_LUNG,ACH-000390,lung,2,B3,False,TE6_OESOPHAGUS,0.4567977533369363,1.3240790257181612,0.19066864097279643,0.16483582430331284,0.15,0.0556377010656634,-0.1355319267637342,-0.3928543435953886
LUDLU1_LUNG,ACH-000390,lung,2,B4,False,,0.3215508359445547,0.9320508134423431,0.37675917835366424,0.285601242115888,0.2,0.0791555424876389,-0.00028500937135261806,-0.0008261313195705444
MSTO211H_PLEURA,ACH-000335,mesothelioma,2,B0,False,,0.29330455611681283,1.0,,,0.0,-0.05180280619473304,-0.056821609094517916,-0.19372903662597007
MSTO211H_PLEURA,ACH-000335,mesothelioma,2,B1,False,,0.23648294702229491,0.8062709633740299,0.5788991331086513,0.44480247517305693,0.25,,0.0,0.0
MSTO211H_PLEURA,ACH-000335,mesothelioma,2,B2,False,,0.2896838211299323,0.9876553742130125,0.39466140692898855,0.3273915833980049,0.25,0.06140247952172227,-0.05320087410763738,-0.1813844108389826
MSTO211H_PLEURA,ACH-000335,mesothelioma,2,B3,False,8505C_THYROID,0.3559379525857644,1.2135438920492148,0.3572396734183146,0.3144161074428161,0.2,0.0775695058300109,-0.11945500556346947,-0.40727292867518483
MSTO211H_PLEURA,ACH-000335,mesothelioma,2,B4,False,,0.236143989967976,0.8051153145876404,0.5855332299728822,0.44435044632365955,0.28,0.11139416266216923,0.0003389570543189113,0.0011556487863895182
NCIH1581_LUNG,ACH-000015,lung,2,B0,False,,0.2736507414271919,1.0,,,0.0,0.1533534654508591,-0.026087899343516185,-0.09533282901942064
NCIH1581_LUNG,ACH-000015,lung,2,B1,False,,0.24756284208367574,0.9046671709805794,0.4323018712512806,0.36165727549181315,0.19,,0.0,0.0
NCIH1581_LUNG,ACH-000015,lung,2,B2,False,,0.25172210235449755,0.9198663268430107,0.4081067806672679,0.3350812782774808,0.2,0.07922289135930187,-0.004159260270821807,-0.015199155862431368
NCIH1581_LUNG,ACH-000015,lung,2,B3,False,NCIH841_LUNG,0.3239758469277193,1.1839026828067885,0.2646154887116476,0.2525702506596382,0.16999999999999998,0.10713598514071207,-0.07641300484404356,-0.2792355118262091
NCIH1581_LUNG,ACH-000015,lung,2,B4,False,,0.2447791139877546,0.894494612772248,0.4434949005571194,0.36828805012598553,0.21000000000000002,0.15450515035424317,0.0027837280959211452,0.010172558208331406
NCIH1793_LUNG,ACH-000888,lung,2,B0,False,,0.3401975441264396,1.0,,,0.0,0.11222212303196188,-0.019985343542936407,-0.05874628987770869
NCIH1793_LUNG,ACH-000888,lung,2,B1,False,,0.3202122005835032,0.9412537101222913,0.3515491123550077,0.2807192413206903,0.13,,0.0,0.0
NCIH1793_LUNG,ACH-000888,lung,2,B2,False,,0.3260682631083356,0.9584674220550733,0.3160991826623188,0.2534335784726497,0.11000000000000001,0.022887272023380208,-0.005856062524832395,-0.017213711932781983
NCIH1793_LUNG,ACH-000888,lung,2,B3,False,NCIH1355_LUNG,0.45510141200236354,1.3377563120597313,0.19149306599390825,0.19629595959775034,0.05,0.016795612243845688,-0.13488921141886034,-0.39650260193744
NCIH1793_LUNG,ACH-000888,lung,2,B4,False,,0.3195243877997462,0.9392319060392454,0.3566655357137991,0.28371126327453516,0.14,0.07324399164393125,0.0006878127837570136,0.002021804083045864
NCIH1915_LUNG,ACH-000434,lung,2,B0,False,,0.3929757461843832,1.0,,,0.0,-0.10373424911669676,-0.049392846399543555,-0.12568929985915356
NCIH1915_LUNG,ACH-000434,lung,2,B1,False,,0.34358289978483963,0.8743107001408464,0.48766965208986895,0.39665214422664175,0.18,,0.0,0.0
NCIH1915_LUNG,ACH-000434,lung,2,B2,False,,0.35331653817107034,0.8990797564521835,0.43176789272696386,0.3497190767730885,0.2,-0.04186501629771683,-0.009733638386230703,-0.02476905631133708
NCIH1915_LUNG,ACH-000434,lung,2,B3,False,CAL62_THYROID,0.4009394349776526,1.0202650898193928,0.362186671583069,0.326377463392818,0.23,0.08500971747288268,-0.057356535192812974,-0.14595438967854635
NCIH1915_LUNG,ACH-000434,lung,2,B4,False,,0.3414932060855285,0.8689930851999726,0.49819756319877634,0.4041871372991563,0.2,0.11263875532613644,0.0020896936993111126,0.005317614940873794
NCIH2444_LUNG,ACH-000186,lung,2,B0,False,,0.38549834120997983,1.0,,,0.0,-0.13771304374947715,-0.05240477857846809,-0.13594034779496844
NCIH2444_LUNG,ACH-000186,lung,2,B1,False,,0.33309356263151174,0.8640596522050316,0.5214797999858758,0.40188059751855226,0.22999999999999998,,0.0,0.0
NCIH2444_LUNG,ACH-000186,lung,2,B2,False,,0.34617857945081126,0.8980027731487664,0.44717913400492165,0.33619439644678883,0.2,-0.08888100475443146,-0.013085016819299522,-0.03394312094373486
NCIH2444_LUNG,ACH-000186,lung,2,B3,False,SW900_LUNG,0.4741533957108313,1.2299751906132361,0.34451691326962675,0.28572782386496837,0.18,0.11568396538532397,-0.14105983307931957,-0.36591553840820457
NCIH2444_LUNG,ACH-000186,lung,2,B4,False,,0.32789983690861296,0.8505868945620362,0.5373048686527162,0.40823304863333054,0.27,0.18125813642520655,0.005193725722898779,0.013472757642995381
PC3_PROSTATE,ACH-000090,prostate,2,B0,False,,0.25813050146334265,1.0,,,0.0,0.370903077595799,0.01177675410254414,0.045623256592234096
PC3_PROSTATE,ACH-000090,prostate,2,B1,False,,0.2699072555658868,1.045623256592234,0.21510973333931513,0.18178056689433442,0.1,,0.0,0.0
PC3_PROSTATE,ACH-000090,prostate,2,B2,False,,0.3438402165764625,1.3320402456402138,0.12516633823115464,0.12220391929182994,0.06,0.11631507844163275,-0.07393296101057573,-0.28641698904797974
PC3_PROSTATE,ACH-000090,prostate,2,B3,False,8505C_THYROID,0.39861250694312605,1.5442286156939629,0.10971098457795478,0.11855682731125482,0.07,-0.032624616641312276,-0.12870525137723926,-0.49860535910172876
PC3_PROSTATE,ACH-000090,prostate,2,B4,False,,0.2716982604189979,1.0525616263042903,0.21031971823576978,0.1757085001907652,0.1,-0.06238856521668414,-0.0017910048531111222,-0.006938369712056192
SNU1041_UPPER_AERODIGESTIVE_TRACT,ACH-000618,upper_aerodigestive,2,B0,False,,0.40941717318910675,1.0,,,0.0,-0.11277110337054877,-0.049591963658516314,-0.12112819614337511
SNU1041_UPPER_AERODIGESTIVE_TRACT,ACH-000618,upper_aerodigestive,2,B1,False,,0.35982520953059044,0.8788718038566249,0.4803755760700408,0.3790173358174045,0.15,,0.0,0.0
SNU1041_UPPER_AERODIGESTIVE_TRACT,ACH-000618,upper_aerodigestive,2,B2,True,,0.35982520953059044,0.8788718038566249,0.4803755760700408,0.3790173358174045,0.15,,0.0,0.0
SNU1041_UPPER_AERODIGESTIVE_TRACT,ACH-000618,upper_aerodigestive,2,B3,False,TE11_OESOPHAGUS,0.45055929182506277,1.1004894795093336,0.2333380188121038,0.20547612839862614,0.12,0.03898723868343321,-0.09073408229447233,-0.22161767565270873
SNU1041_UPPER_AERODIGESTIVE_TRACT,ACH-000618,upper_aerodigestive,2,B4,False,,0.3575739744821619,0.8733731701991923,0.48437199361775873,0.3755532673731048,0.16999999999999998,0.11649145885730647,0.002251235048428557,0.005498633657432639
SNU1105_CENTRAL_NERVOUS_SYSTEM,ACH-000368,central_nervous_system,2,B0,False,,0.36958158398641033,1.0,,,0.0,0.034062565339893734,-0.030382278450619582,-0.08220723046561962
SNU1105_CENTRAL_NERVOUS_SYSTEM,ACH-000368,central_nervous_system,2,B1,False,,0.33919930553579075,0.9177927695343804,0.3902879804600339,0.3216407693756491,0.12000000000000001,,0.0,0.0
SNU1105_CENTRAL_NERVOUS_SYSTEM,ACH-000368,central_nervous_system,2,B2,False,,0.35576607455415826,0.9626185123099639,0.33386661517468874,0.28962692924817846,0.17,0.09662016701175201,-0.01656676901836751,-0.04482574277558349
SNU1105_CENTRAL_NERVOUS_SYSTEM,ACH-000368,central_nervous_system,2,B3,False,SNB75_CENTRAL_NERVOUS_SYSTEM,0.4614418039317781,1.2485519406961183,0.19335274707282266,0.20721957414283917,0.07,0.07071023987832858,-0.12224249839598733,-0.3307591711617379
SNU1105_CENTRAL_NERVOUS_SYSTEM,ACH-000368,central_nervous_system,2,B4,False,,0.3365746904246899,0.9106911843233668,0.4062347921499319,0.3338408156057926,0.13,0.12602709480301313,0.0026246151111008476,0.007101585211013561
SW48_LARGE_INTESTINE,ACH-000958,colorectal,2,B0,False,,0.44944463253734485,1.0,,,0.0,0.06697300565165336,-0.02166289183730641,-0.04819924473234516
SW48_LARGE_INTESTINE,ACH-000958,colorectal,2,B1,False,,0.42778174070003844,0.9518007552676548,0.2852717041356722,0.2481338825910701,0.08,,0.0,0.0
SW48_LARGE_INTESTINE,ACH-000958,colorectal,2,B2,False,,0.46679178006392746,1.03859685102623,0.2080611863677109,0.2074415743286999,0.07,0.02890089704841231,-0.039010039363889026,-0.08679609575857516
SW48_LARGE_INTESTINE,ACH-000958,colorectal,2,B3,False,LOVO_LARGE_INTESTINE,0.5076271084110817,1.129454156667234,0.1966278566630543,0.21523176158114013,0.07,0.04121177492133234,-0.07984536771104328,-0.1776534013995792
SW48_LARGE_INTESTINE,ACH-000958,colorectal,2,B4,False,,0.4279884653427465,0.9522607110169115,0.2921091485954925,0.2608210999880514,0.09000000000000001,0.05496561588267684,-0.00020672464270804491,-0.0004599557492566131
SW579_THYROID,ACH-000163,thyroid,2,B0,False,,0.4260967325048301,1.0,,,0.0,-0.011101566377871396,-0.031088808913981636,-0.07296185711452086
SW579_THYROID,ACH-000163,thyroid,2,B1,False,,0.39500792359084846,0.9270381428854791,0.37501155486746535,0.2961615932872534,0.12,,0.0,0.0
SW579_THYROID,ACH-000163,thyroid,2,B2,False,,0.4282887471629391,1.0051444061662316,0.30636166341826726,0.2632515579909178,0.12000000000000001,0.06685224188654051,-0.03328082357209061,-0.07810626328075243
SW579_THYROID,ACH-000163,thyroid,2,B3,False,LMSU_STOMACH,0.44181104153428874,1.0368796750378284,0.2728510016744376,0.24826530721961843,0.18,0.09805209184626601,-0.046803117943440276,-0.10984153215234926
SW579_THYROID,ACH-000163,thyroid,2,B4,False,,0.39289885895836785,0.9220884108842916,0.38663137480746845,0.3045594861775342,0.14,0.10193419834553107,0.0021090646324806173,0.0049497320011875345
769P_KIDNEY,ACH-000411,kidney,3,B0,False,,0.29261464361157913,1.0,,,0.0,0.0734583112400853,-0.0316080959966068,-0.10801952905188106
769P_KIDNEY,ACH-000411,kidney,3,B1,False,,0.26100654761497233,0.8919804709481189,0.45968611389094444,0.3322400559456493,0.36,,0.0,0.0
769P_KIDNEY,ACH-000411,kidney,3,B2,False,,0.2833011630759324,0.9681715158862331,0.38837774042193457,0.2926161724635978,0.32,0.1269084652842492,-0.022294615460960066,-0.07619104493811413
769P_KIDNEY,ACH-000411,kidney,3,B3,False,TUHR4TKB_KIDNEY,0.3986754274120385,1.362458906674698,0.2408186978570684,0.21328138247404704,0.13999999999999999,0.08321788898160312,-0.13766887979706616,-0.470478435726579
769P_KIDNEY,ACH-000411,kidney,3,B4,False,,0.25993345725432493,0.8883132233100552,0.46468507214605126,0.33083899906185876,0.35,0.10010419542355234,0.0010730903606473996,0.0036672476380636976
ACCMESO1_PLEURA,ACH-000086,mesothelioma,3,B0,False,,0.21830463391880375,1.0,,,0.0,0.21958699194597034,-0.026088360294175966,-0.11950438167922384
ACCMESO1_PLEURA,ACH-000086,mesothelioma,3,B1,False,,0.1922162736246278,0.8804956183207762,0.5122511137524574,0.3814871682910072,0.38,,0.0,0.0
ACCMESO1_PLEURA,ACH-000086,mesothelioma,3,B2,False,,0.27223235714100325,1.2470296770807778,0.35540007705480836,0.29424714163123267,0.22999999999999998,0.016176496149559863,-0.08001608351637546,-0.36653405876000167
ACCMESO1_PLEURA,ACH-000086,mesothelioma,3,B3,False,8505C_THYROID,0.33960008708934764,1.5556247295037198,0.3026419845709894,0.260530742097116,0.22,0.01967355149507501,-0.14738381346471985,-0.6751291111829436
ACCMESO1_PLEURA,ACH-000086,mesothelioma,3,B4,False,,0.1898660328746673,0.8697297417208564,0.5234937466676323,0.38525557875118127,0.4,0.14119838910570492,0.002350240749960486,0.010765876599919788
CAL62_THYROID,ACH-000174,thyroid,3,B0,False,,0.3076045888333188,1.0,,,0.0,-0.1748098472528991,-0.06627002280779695,-0.21543899282889623
CAL62_THYROID,ACH-000174,thyroid,3,B1,False,,0.24133456602552186,0.7845610071711038,0.636507894506891,0.4909167174659541,0.26,,0.0,0.0
CAL62_THYROID,ACH-000174,thyroid,3,B2,False,,0.3233213385963652,1.0510940029297249,0.43187084472673953,0.3500772279527323,0.21000000000000002,0.10736350302270437,-0.08198677257084333,-0.2665329957586211
CAL62_THYROID,ACH-000174,thyroid,3,B3,False,8505C_THYROID,0.3508333754343983,1.140533620662284,0.4056965087063991,0.35153528447631394,0.18,0.11463977642708942,-0.10949880940887644,-0.35597261349118026
CAL62_THYROID,ACH-000174,thyroid,3,B4,False,,0.23981373268104506,0.7796168893013248,0.6452218522371854,0.4986970115962506,0.27,0.10195617957682318,0.0015208333444768074,0.004944117869778997
CJM_SKIN,ACH-000458,skin,3,B0,False,,0.48506876715578656,1.0,,,0.0,-0.11704839740940336,-0.046650344205602434,-0.0961726405910196
CJM_SKIN,ACH-000458,skin,3,B1,False,,0.43841842295018413,0.9038273594089804,0.42631156081177196,0.3481960266135786,0.13,,0.0,0.0
CJM_SKIN,ACH-000458,skin,3,B2,False,,0.471634212521587,0.9723038143375559,0.3372190212631488,0.2816984618605596,0.11,0.06729665720124338,-0.033215789571402865,-0.06847645492857546
CJM_SKIN,ACH-000458,skin,3,B3,False,SNU1041_UPPER_AERODIGESTIVE_TRACT,0.5506230795908728,1.1351443689509544,0.24114337928330404,0.22258999308601754,0.08,0.04969265713344726,-0.11220465664068863,-0.23131700954197398
CJM_SKIN,ACH-000458,skin,3,B4,False,,0.4350244314462668,0.8968304308625021,0.4357331199383039,0.3479705125230303,0.12,0.1306992231225585,0.0033939915039173374,0.006996928546478265
HCC1419_BREAST,ACH-000277,breast,3,B0,False,,0.4394792426177516,1.0,,,0.0,0.056519132411805076,-0.023043250977958063,-0.05243308157332138
HCC1419_BREAST,ACH-000277,breast,3,B1,False,,0.41643599163979356,0.9475669184266786,0.2988995157264842,0.24038620921651727,0.05,,0.0,0.0
HCC1419_BREAST,ACH-000277,breast,3,B2,False,,0.43937645732937375,0.9997661202659638,0.21369126008178785,0.1914552159484842,0.08,0.021526919969105524,-0.02294046568958019,-0.05219920183928517
HCC1419_BREAST,ACH-000277,breast,3,B3,False,EFM192A_BREAST,0.5428659353509852,1.2352481817284753,0.14069920534059427,0.1444741723178444,0.04,0.049438386387122966,-0.1264299437111916,-0.28768126330179666
HCC1419_BREAST,ACH-000277,breast,3,B4,False,,0.4161468511001427,0.9469090021666783,0.3002274578457161,0.23861568160008675,0.05,0.03996170004847078,0.0002891405396508451,0.0006579162600003352
HEP3B217_LIVER,ACH-000625,liver,3,B0,False,,0.5175791816143471,1.0,,,0.0,0.03403744022811411,-0.020371173644311846,-0.039358564578995336
HEP3B217_LIVER,ACH-000625,liver,3,B1,False,,0.4972080079700353,0.9606414354210047,0.2649757195820736,0.20639624429110062,0.08,,0.0,0.0
HEP3B217_LIVER,ACH-000625,liver,3,B2,False,,0.5575107459843998,1.0771506385660736,0.17297220690797513,0.1643855946556864,0.1,0.04383436076881039,-0.060302738014364476,-0.11650920314506896
HEP3B217_LIVER,ACH-000625,liver,3,B3,False,JHH5_LIVER,0.6018660922719694,1.1628483402186474,0.167693247847738,0.15536798547110447,0.08,0.043410621467932904,-0.10465808430193413,-0.2022069047976427
HEP3B217_LIVER,ACH-000625,liver,3,B4,False,,0.4965942467748857,0.9594556048912,0.2676106279632133,0.20697477483547919,0.09,0.049827758855550776,0.0006137611951496091,0.001185830529804699
HUCCT1_BILIARY_TRACT,ACH-000976,bile_duct,3,B0,False,,0.431515878488373,1.0,,,0.0,-0.24562473227186477,-0.06777309620553079,-0.1570581746445674
HUCCT1_BILIARY_TRACT,ACH-000976,bile_duct,3,B1,False,,0.3637427822828422,0.8429418253554326,0.5675511373360357,0.4228635405115239,0.22,,0.0,0.0
HUCCT1_BILIARY_TRACT,ACH-000976,bile_duct,3,B2,True,,0.3637427822828422,0.8429418253554326,0.5675511373360357,0.4228635405115239,0.22,,0.0,0.0
HUCCT1_BILIARY_TRACT,ACH-000976,bile_duct,3,B3,False,8505C_THYROID,0.4513618017850807,1.0459911773495547,0.32023337668058,0.2731507196613971,0.12,0.04571719880288653,-0.0876190195022385,-0.2030493519941221
HUCCT1_BILIARY_TRACT,ACH-000976,bile_duct,3,B4,False,,0.3586719344024285,0.8311905825085247,0.5836143192004174,0.43208450601538084,0.25,0.2062009216792368,0.005070847880413676,0.011751242846907872
KNS42_CENTRAL_NERVOUS_SYSTEM,ACH-000622,central_nervous_system,3,B0,False,,0.30019757992756513,1.0,,,0.0,0.196245540716057,-0.010924423096228542,-0.0363907766973488
KNS42_CENTRAL_NERVOUS_SYSTEM,ACH-000622,central_nervous_system,3,B1,False,,0.2892731568313366,0.9636092233026512,0.32310221330957417,0.26631245590996694,0.13,,0.0,0.0
KNS42_CENTRAL_NERVOUS_SYSTEM,ACH-000622,central_nervous_system,3,B2,False,,0.31109075260809155,1.036286677204909,0.2701587821036032,0.23224107588494416,0.12,0.060322247929779395,-0.02181759577675496,-0.07267745390225788
KNS42_CENTRAL_NERVOUS_SYSTEM,ACH-000622,central_nervous_system,3,B3,False,KNS81_CENTRAL_NERVOUS_SYSTEM,0.4489529439116792,1.49552486072675,0.15286639009470454,0.15198289297671044,0.04,-0.01033303671798018,-0.15967978708034264,-0.5319156374240988
KNS42_CENTRAL_NERVOUS_SYSTEM,ACH-000622,central_nervous_system,3,B4,False,,0.28810085694884263,0.9597041289218876,0.3273490536364562,0.27182211113568816,0.14,0.09348986246875812,0.0011722998824939546,0.003905094380763585
KYSE270_OESOPHAGUS,ACH-000873,esophagus,3,B0,False,,0.2881199051861257,1.0,,,0.0,0.05090598203763348,-0.036189260854665395,-0.12560486173729335
KYSE270_OESOPHAGUS,ACH-000873,esophagus,3,B1,False,,0.2519306443314603,0.8743951382627067,0.48900742033729117,0.3874894456070514,0.26,,0.0,0.0
KYSE270_OESOPHAGUS,ACH-000873,esophagus,3,B2,False,,0.29823900241446066,1.0351211320224405,0.3502837908553143,0.2717849648133193,0.21000000000000002,0.07220374099642829,-0.04630835808300038,-0.16072599375973384
KYSE270_OESOPHAGUS,ACH-000873,esophagus,3,B3,False,COLO680N_OESOPHAGUS,0.3587938960862787,1.245293676792298,0.2829280186394241,0.23207660273098513,0.21000000000000002,0.04991085923453031,-0.10686325175481842,-0.3708985385295913
KYSE270_OESOPHAGUS,ACH-000873,esophagus,3,B4,False,,0.25289098582872843,0.8777282696430178,0.48572274878395627,0.37991795880739565,0.25,0.020550352712017564,-0.0009603414972681468,-0.003333131380311105
LK2_LUNG,ACH-000769,lung,3,B0,False,,0.31925243015215127,1.0,,,0.01,0.2015671345901362,-0.009710566798253328,-0.03041657911147433
LK2_LUNG,ACH-000769,lung,3,B1,False,,0.30954186335389794,0.9695834208885257,0.2876118567586503,0.23918223809693515,0.16,,0.0,0.0
LK2_LUNG,ACH-000769,lung,3,B2,False,,0.3139571663525829,0.9834135521003091,0.26349171526403625,0.22422911801363365,0.16999999999999998,0.039572476311904504,-0.004415302998684978,-0.013830131211783447
LK2_LUNG,ACH-000769,lung,3,B3,False,TE6_OESOPHAGUS,0.46345454570866285,1.451686821891338,0.10478286943553017,0.10633870365225165,0.07,-0.003740122180200577,-0.1539126823547649,-0.48210340100281224
LK2_LUNG,ACH-000769,lung,3,B4,False,,0.30847748767030064,0.9662494582211467,0.2864701965647099,0.2345327799478022,0.16,0.08480348483608005,0.0010643756835972962,0.0033339626673789535
LMSU_STOMACH,ACH-000255,gastric,3,B0,False,,0.28322528945643805,1.0,,,0.0,0.04317445886824791,-0.04017831257675872,-0.14185990472061438
LMSU_STOMACH,ACH-000255,gastric,3,B1,False,,0.24304697687967933,0.8581400952793856,0.5074410700691312,0.39854993287728985,0.22000000000000003,,0.0,0.0
LMSU_STOMACH,ACH-000255,gastric,3,B2,False,,0.2919803884731771,1.0309121372372563,0.34953182748589295,0.29503275390756173,0.17,-0.017026257696827106,-0.04893341159349776,-0.17277204195787066
LMSU_STOMACH,ACH-000255,gastric,3,B3,False,MSTO211H_PLEURA,0.3216948752667781,1.1358268037581332,0.36752756846221996,0.31420216174099536,0.21,0.09015686947949465,-0.07864789838709876,-0.27768670847874755
LMSU_STOMACH,ACH-000255,gastric,3,B4,False,,0.2394253824952437,0.8453531213781986,0.5279646715205194,0.41244591603172315,0.25,0.17889831568106937,0.003621594384435628,0.012786973901186993
NCIH1299_LUNG,ACH-000510,lung,3,B0,False,,0.2220148588972646,1.0,,,0.0,0.12336069984667244,-0.04168986525800897,-0.18777961738723348
NCIH1299_LUNG,ACH-000510,lung,3,B1,False,,0.18032499363925564,0.8122203826127665,0.5934679418056715,0.45369100828334963,0.38,,0.0,0.0
NCIH1299_LUNG,ACH-000510,lung,3,B2,False,,0.18860035231012423,0.8494942782068355,0.549534458135967,0.414836414840185,0.39,0.049564317520695435,-0.008275358670868593,-0.03727389559406902
NCIH1299_LUNG,ACH-000510,lung,3,B3,False,GCIY_STOMACH,0.26772266577076476,1.2058772421833759,0.353445015027111,0.29583668523277823,0.18,0.04213927539879385,-0.08739767213150912,-0.39365685957060936
NCIH1299_LUNG,ACH-000510,lung,3,B4,False,,0.17732847305414762,0.7987234455158913,0.6038016592114693,0.4609073273601575,0.39,0.17189393394490834,0.00299652058510802,0.013496937096875272
NCIH1693_LUNG,ACH-000021,lung,3,B0,False,,0.2905031256690793,1.0,,,0.01,-0.014961492969913726,-0.048727180201017795,-0.1677337553211884
NCIH1693_LUNG,ACH-000021,lung,3,B1,False,,0.24177594546806153,0.8322662446788116,0.544753024522131,0.44004030068175104,0.32999999999999996,,0.0,0.0
NCIH1693_LUNG,ACH-000021,lung,3,B2,False,,0.2472070155526714,0.8509616376185646,0.5151430738780064,0.41600332305955273,0.35,0.052602912994984125,-0.005431070084609885,-0.018695392939752975
NCIH1693_LUNG,ACH-000021,lung,3,B3,False,NCIH2444_LUNG,0.3974775526957791,1.368238471721497,0.33439879709479936,0.2808345301239955,0.16999999999999998,0.05984243154521741,-0.1557016072277176,-0.5359722270426854
NCIH1693_LUNG,ACH-000021,lung,3,B4,False,,0.24331493492560002,0.8375639138656541,0.5364401703209745,0.43247008635578643,0.33,0.022088614191059387,-0.0015389894575384977,-0.005297669186842491
OAW42_OVARY,ACH-000704,ovary,3,B0,False,,0.21817165763747698,1.0,,,0.0,0.16630842456339523,-0.039555049723743185,-0.18130242100222516
OAW42_OVARY,ACH-000704,ovary,3,B1,False,,0.1786166079137338,0.8186975789977748,0.5747991514959562,0.4321302808725818,0.37,,0.0,0.0
OAW42_OVARY,ACH-000704,ovary,3,B2,False,,0.21500024535877715,0.9854636834452183,0.4545591428307701,0.35467380341552257,0.31,0.11066779526741977,-0.03638363744504336,-0.16676610444744344
OAW42_OVARY,ACH-000704,ovary,3,B3,False,IGROV1_OVARY,0.2494888518011604,1.1435438246324432,0.4187640658003007,0.3329117554619106,0.21,0.20052611351566085,-0.0708722438874266,-0.32484624563466835
OAW42_OVARY,ACH-000704,ovary,3,B4,False,,0.1765391867984831,0.8091756221233277,0.5832540004275966,0.43776643636516277,0.37,0.15207316997064013,0.002077421115250694,0.009521956874447124
PATU8988S_PANCREAS,ACH-000022,pancreas,3,B0,False,,0.3714141144025285,1.0,,,0.0,-0.040461089732170365,-0.03676620749977044,-0.09898979622493354
PATU8988S_PANCREAS,ACH-000022,pancreas,3,B1,False,,0.33464790690275803,0.9010102037750665,0.44928635648738346,0.34006878302781207,0.24000000000000002,,0.0,0.0
PATU8988S_PANCREAS,ACH-000022,pancreas,3,B2,False,,0.40743659881434446,1.0969873868949842,0.33397716327531146,0.26200635746862755,0.18,0.026606743707396407,-0.07278869191158643,-0.19597718311991774
PATU8988S_PANCREAS,ACH-000022,pancreas,3,B3,False,SNU245_BILIARY_TRACT,0.4706115900715816,1.2670805223130148,0.2414325485936707,0.21463308484219715,0.11,0.06392564587153646,-0.13596368316882357,-0.36607031853794836
PATU8988S_PANCREAS,ACH-000022,pancreas,3,B4,False,,0.3313489738987252,0.8921281153564838,0.4685684887542694,0.3472444311344962,0.26,0.15458473125823513,0.0032989330040328335,0.008882088418582623
SKMEL24_SKIN,ACH-000822,skin,3,B0,False,,0.44627237544086357,1.0,,,0.0,-0.1410382883181866,-0.05139113510643173,-0.11515643345762427
SKMEL24_SKIN,ACH-000822,skin,3,B1,False,,0.39488124033443184,0.8848435665423757,0.4719275583900289,0.3752008701002812,0.25,,0.0,0.0
SKMEL24_SKIN,ACH-000822,skin,3,B2,False,,0.4004086428640732,0.897229281710564,0.47209255222392205,0.37105854157566165,0.33,0.2367743034943513,-0.005527402529641345,-0.012385715168188316
SKMEL24_SKIN,ACH-000822,skin,3,B3,False,LN229_CENTRAL_NERVOUS_SYSTEM,0.47647661715481965,1.0676811816642648,0.30864497918969686,0.25806708591130734,0.24,0.10263409380885492,-0.08159537682038781,-0.18283761512188912
SKMEL24_SKIN,ACH-000822,skin,3,B4,False,,0.3847061338625806,0.862043350728436,0.5022408137133272,0.38670377203212164,0.31,0.22850968805462268,0.010175106471851214,0.02280021581393976
SW480_LARGE_INTESTINE,ACH-000842,colorectal,3,B0,False,,0.4679775013346384,1.0,,,0.0,-0.030195710652365346,-0.027870606065938164,-0.05955544013644498
SW480_LARGE_INTESTINE,ACH-000842,colorectal,3,B1,False,,0.4401068952687002,0.940444559863555,0.35618855148760065,0.25654726051829563,0.18000000000000002,,0.0,0.0
SW480_LARGE_INTESTINE,ACH-000842,colorectal,3,B2,False,,0.4791456971246954,1.0238648134968158,0.23125668365745272,0.18572638830123994,0.13,0.016587599424727328,-0.039038801855995175,-0.08342025363326078
SW480_LARGE_INTESTINE,ACH-000842,colorectal,3,B3,False,LOVO_LARGE_INTESTINE,0.512912545913017,1.096019668574295,0.23914232079557485,0.20680178677809277,0.1,0.05992336765757429,-0.07280565064431682,-0.15557510871073987
SW480_LARGE_INTESTINE,ACH-000842,colorectal,3,B4,False,,0.43996553680053885,0.9401424973332876,0.35743256007573215,0.2569222227357393,0.17,0.043103176025219715,0.00014135846816137887,0.0003020625302674329
SW900_LUNG,ACH-000669,lung,3,B0,False,,0.43920118588865387,1.0,,,0.01,-0.17421653094962025,-0.05739233443010361,-0.1306743612587915
SW900_LUNG,ACH-000669,lung,3,B1,False,,0.38180885145855026,0.8693256387412085,0.5055193697764893,0.39251725402011817,0.16999999999999998,,0.0,0.0
SW900_LUNG,ACH-000669,lung,3,B2,False,,0.39175699910450246,0.8919761869764635,0.4475268765711673,0.3549842541739135,0.19,-0.06397964153031495,-0.009948147645952199,-0.02265054823525503
SW900_LUNG,ACH-000669,lung,3,B3,False,NCIH2444_LUNG,0.4741533957108313,1.0795813193251225,0.3445169132696267,0.28572782386496837,0.18,0.1252666404154325,-0.09234454425228106,-0.21025568058391397
SW900_LUNG,ACH-000669,lung,3,B4,False,,0.38113472035227103,0.8677907359951805,0.504194711911877,0.39093063733236055,0.18,0.05903256041869546,0.0006741311062792299,0.0015349027460279663
EFM192A_BREAST,ACH-000117,breast,4,B0,False,,0.39485410933193554,1.0,,,0.0,0.1097429062753784,-0.018774699643005266,-0.047548446880217865
EFM192A_BREAST,ACH-000117,breast,4,B1,False,,0.3760794096889303,0.9524515531197821,0.3011906981025242,0.25413072939475645,0.11,,0.0,0.0
EFM192A_BREAST,ACH-000117,breast,4,B2,False,,0.4000214780866318,1.0130867797309722,0.22098583228482185,0.20354675745215822,0.11,0.04110184688638482,-0.02394206839770152,-0.06063522661119003
EFM192A_BREAST,ACH-000117,breast,4,B3,False,MDAMB468_BREAST,0.4578656052354134,1.1595817149024705,0.13197542067220286,0.1276969879842751,0.08,-0.001471108466008362,-0.08178619554648314,-0.2071301617826884
EFM192A_BREAST,ACH-000117,breast,4,B4,False,,0.3768474741260813,0.9543967384907804,0.29772303165927033,0.24613214442677833,0.13,0.06537359200590118,-0.0007680644371510503,-0.0019451853709983036
HEC1B_ENDOMETRIUM,ACH-000941,uterus,4,B0,False,,0.28821506219639287,1.0,,,0.0,0.1349837778909797,-0.025700406114799956,-0.08917093339586613
HEC1B_ENDOMETRIUM,ACH-000941,uterus,4,B1,False,,0.2625146560815929,0.9108290666041339,0.4305722574616079,0.33438349517236576,0.18000000000000002,,0.0,0.0
HEC1B_ENDOMETRIUM,ACH-000941,uterus,4,B2,False,,0.3271085969888677,1.1349462255583727,0.23018742176690807,0.1742322937557829,0.16,0.057538258441573974,-0.06459394090727477,-0.22411715895423878
HEC1B_ENDOMETRIUM,ACH-000941,uterus,4,B3,False,OAW42_OVARY,0.30231764739233924,1.0489307709613618,0.3066140637388211,0.24129144900041036,0.16999999999999998,0.09837763621059685,-0.03980299131074633,-0.1381017043572279
HEC1B_ENDOMETRIUM,ACH-000941,uterus,4,B4,False,,0.2599647184912965,0.9019817233360057,0.4419322972659967,0.3427936975946844,0.2,0.1355119051333974,0.002549937590296425,0.008847343268128194
HS852T_SKIN,ACH-000274,skin,4,B0,False,,0.5980521574710064,1.0,,,0.0,-0.0428650637317703,-0.03299253485968323,-0.055166651348938056
HS852T_SKIN,ACH-000274,skin,4,B1,False,,0.5650596226113231,0.9448333486510619,0.3103923920911358,0.2718929818529271,0.04,,0.0,0.0
HS852T_SKIN,ACH-000274,skin,4,B2,False,,0.5730860686283059,0.9582543286052592,0.3049841133053426,0.26332823253611953,0.08,0.11069240955073274,-0.008026446016982769,-0.01342097995419722
HS852T_SKIN,ACH-000274,skin,4,B3,False,LN229_CENTRAL_NERVOUS_SYSTEM,0.6309840887767774,1.0550653164517136,0.1937796837534054,0.1911400242968662,0.06,0.046549745253892015,-0.06592446616545422,-0.1102319678006517
HS852T_SKIN,ACH-000274,skin,4,B4,False,,0.561321243762972,0.9385824242096893,0.32360967984397915,0.27605689400035904,0.07,0.10454343174050414,0.0037383788483511537,0.006250924441372652
IGROV1_OVARY,ACH-000966,ovary,4,B0,False,,0.24610112009523297,1.0,,,0.0,0.174630778880264,-0.030030782959354768,-0.12202619373586698
IGROV1_OVARY,ACH-000966,ovary,4,B1,False,,0.2160703371358782,0.877973806264133,0.4963484391408975,0.3885239098927897,0.2,,0.0,0.0
IGROV1_OVARY,ACH-000966,ovary,4,B2,False,,0.24594165926546085,0.9993520515887517,0.38987850786170125,0.31244977923584194,0.21000000000000002,0.09498140489126912,-0.029871322129582656,-0.12137824532461872
IGROV1_OVARY,ACH-000966,ovary,4,B3,False,OAW42_OVARY,0.2494888518011604,1.013765608643376,0.4187640658003007,0.3329117554619106,0.21,0.20943909019529244,-0.0334185146652822,-0.13579180237924293
IGROV1_OVARY,ACH-000966,ovary,4,B4,False,,0.2134336500884943,0.8672599702346034,0.5073622253578808,0.3942202364460174,0.2,0.15275637612941764,0.002636687047383901,0.010713836029529578
JHH5_LIVER,ACH-000734,liver,4,B0,False,,0.4149751715778989,1.0,,,0.0,-0.07680636811637225,-0.04875690686929818,-0.11749355192481814
JHH5_LIVER,ACH-000734,liver,4,B1,False,,0.36621826470860075,0.8825064480751819,0.4581430875787012,0.36165667217124514,0.18,,0.0,0.0
JHH5_LIVER,ACH-000734,liver,4,B2,False,,0.482791312426807,1.1634221647310716,0.20791287534219646,0.18676662031055266,0.1,0.024403368085260238,-0.11657304771820626,-0.28091571665588977
JHH5_LIVER,ACH-000734,liver,4,B3,False,LI7_LIVER,0.5581265622404685,1.344963748356924,0.1386317178634978,0.13256627887266434,0.03,-0.002559593793197487,-0.19190829753186778,-0.46245730028174203
JHH5_LIVER,ACH-000734,liver,4,B4,False,,0.3658729488094865,0.8816743117866391,0.45162669841599434,0.3569424338103939,0.18,0.08848371052900746,0.0003453158991142402,0.0008321362885427286
KNS60_CENTRAL_NERVOUS_SYSTEM,ACH-000445,central_nervous_system,4,B0,False,,0.2982993717196798,1.0,,,0.0,0.17137653818645784,-0.01727083976118915,-0.05789767394287049
KNS60_CENTRAL_NERVOUS_SYSTEM,ACH-000445,central_nervous_system,4,B1,False,,0.28102853195849065,0.9421023260571295,0.37320068536788065,0.2918420344017937,0.22999999999999998,,0.0,0.0
KNS60_CENTRAL_NERVOUS_SYSTEM,ACH-000445,central_nervous_system,4,B2,False,,0.3015682054076319,1.0109582318900219,0.32387952481908994,0.24779154249985486,0.2,0.09466737987275148,-0.02053967344914126,-0.06885590583289236
KNS60_CENTRAL_NERVOUS_SYSTEM,ACH-000445,central_nervous_system,4,B3,False,J82_URINARY_TRACT,0.33887356185262074,1.1360183559859107,0.22820788122720947,0.1866815505676638,0.16,0.09328649575391697,-0.057845029894130096,-0.1939160299287812
KNS60_CENTRAL_NERVOUS_SYSTEM,ACH-000445,central_nervous_system,4,B4,False,,0.2794372307595698,0.936767748281296,0.3871469768400617,0.29571407427233576,0.22999999999999998,0.10248265589092648,0.0015913011989208692,0.00533457777583346
LNCAPCLONEFGC_PROSTATE,ACH-000977,prostate,4,B0,False,,0.269192259838826,1.0,,,0.0,0.3074822956110074,-0.00012340507127334144,-0.0004584272643917142
LNCAPCLONEFGC_PROSTATE,ACH-000977,prostate,4,B1,False,,0.26906885476755266,0.9995415727356083,0.28622636576570454,0.2351672919030315,0.15,,0.0,0.0
LNCAPCLONEFGC_PROSTATE,ACH-000977,prostate,4,B2,False,,0.345029847750286,1.2817227655686176,0.13816747786329844,0.15458308818883565,0.09,0.12048810067915536,-0.07596099298273334,-0.28218119283300935
LNCAPCLONEFGC_PROSTATE,ACH-000977,prostate,4,B3,False,22RV1_PROSTATE,0.47973418532544965,1.7821247372145166,0.10258147241484915,0.13809905363425082,0.02,0.04609222276136724,-0.210665330557897,-0.7825831644789083
LNCAPCLONEFGC_PROSTATE,ACH-000977,prostate,4,B4,False,,0.2655532989516462,0.986481926005753,0.288983369893043,0.2379223116447398,0.16999999999999998,0.1665907026240597,0.003515555815906457,0.013059646729855268
NCIH1048_LUNG,ACH-000866,lung,4,B0,False,,0.42523106889821694,1.0,,,0.0,0.10869148648394467,-0.016006846996795998,-0.03764270338540898
NCIH1048_LUNG,ACH-000866,lung,4,B1,False,,0.40922422190142094,0.962357296614591,0.2716485081453028,0.23375523961429676,0.07,,0.0,0.0
NCIH1048_LUNG,ACH-000866,lung,4,B2,False,,0.412009496880825,0.9689073236072583,0.25492931400545954,0.22534189432984267,0.09,0.03782119945360566,-0.002785274979404062,-0.006550026992667268
NCIH1048_LUNG,ACH-000866,lung,4,B3,False,CAOV3_OVARY,0.49804220051355086,1.1712272148975125,0.13954069519909373,0.13661185471344103,0.07,0.01980280828384801,-0.08881797861212992,-0.20886991828292145
NCIH1048_LUNG,ACH-000866,lung,4,B4,False,,0.4087198826212765,0.9611712607930524,0.2722249473978137,0.23197762347806442,0.07,0.059559168286008886,0.000504339280144428,0.0011860358215386446
NCIH1573_LUNG,ACH-000916,lung,4,B0,False,,0.399256242816355,1.0,,,0.0,0.05539848941006296,-0.026225939006294108,-0.06568698543395646
NCIH1573_LUNG,ACH-000916,lung,4,B1,False,,0.3730303038100609,0.9343130145660435,0.34866281594655607,0.28875192655439036,0.14,,0.0,0.0
NCIH1573_LUNG,ACH-000916,lung,4,B2,False,,0.3752442515665327,0.9398581946259834,0.3357173979362235,0.2760846437412561,0.14,0.05429340955136985,-0.002213947756471768,-0.005545180059939869
NCIH1573_LUNG,ACH-000916,lung,4,B3,False,NCIH2126_LUNG,0.4614112932480839,1.1556770909661598,0.14324594478170868,0.14436172084336557,0.11,0.03267393756846849,-0.08838098943802297,-0.22136407640011624
NCIH1573_LUNG,ACH-000916,lung,4,B4,False,,0.3721719976566965,0.9321632519291216,0.3542296609770404,0.28571698466044354,0.15,0.07501335795515313,0.0008583061533644076,0.0021497626369219036
NCIH1650_LUNG,ACH-000035,lung,4,B0,False,,0.3755180434599673,1.0,,,0.0,0.07584919991500087,-0.02477603503011505,-0.06597828110157467
NCIH1650_LUNG,ACH-000035,lung,4,B1,False,,0.35074200842985226,0.9340217188984253,0.3545453492331122,0.2940092673246819,0.16,,0.0,0.0
NCIH1650_LUNG,ACH-000035,lung,4,B2,False,,0.3549046502517378,0.9451067836360117,0.33008576088220043,0.27133660752328836,0.15000000000000002,0.02992786418451978,-0.0041626418218855266,-0.011085064737586414
NCIH1650_LUNG,ACH-000035,lung,4,B3,False,HCC1143_BREAST,0.4531157852824118,1.206641846307758,0.17659470767515506,0.18114539868466442,0.11000000000000001,0.024409657667763277,-0.10237377685255955,-0.2726201274093326
NCIH1650_LUNG,ACH-000035,lung,4,B4,False,,0.35106856854584445,0.9348913445307473,0.35664402758693514,0.2919037410999652,0.16999999999999998,0.051778634994377654,-0.0003265601159921916,-0.0008696256323219576
NCIH322_LUNG,ACH-000837,lung,4,B0,False,,0.3500868301922167,1.0,,,0.0,0.05720541046604103,-0.030662079958422073,-0.0875842142978841
NCIH322_LUNG,ACH-000837,lung,4,B1,False,,0.31942475023379463,0.9124157857021159,0.4042519626669819,0.3290531223275912,0.18,,0.0,0.0
NCIH322_LUNG,ACH-000837,lung,4,B2,False,,0.322395792965794,0.9209023738161792,0.38721959803563866,0.31352828966504376,0.18,0.05740531013901195,-0.002971042731999385,-0.008486588114063331
NCIH322_LUNG,ACH-000837,lung,4,B3,False,HCC1143_BREAST,0.4292979949428332,1.2262614812077486,0.2005962788183451,0.195209631432068,0.11,0.026217043176328614,-0.10987324470903859,-0.3138456955056327
NCIH322_LUNG,ACH-000837,lung,4,B4,False,,0.31876707776182994,0.9105371875508984,0.40887235090625584,0.33000626582353704,0.19,0.08194679373469849,0.0006576724719646876,0.001878598151217492
NCIH838_LUNG,ACH-000416,lung,4,B0,False,,0.23373622707958616,1.0,,,0.0,0.24792131844316753,-0.019691243879340764,-0.08424557940963073
NCIH838_LUNG,ACH-000416,lung,4,B1,False,,0.2140449832002454,0.9157544205903693,0.4565827620359479,0.35691271302897304,0.25,,0.0,0.0
NCIH838_LUNG,ACH-000416,lung,4,B2,False,,0.21937489829755155,0.9385575400036528,0.4259213760181079,0.3310019917351261,0.24,0.07137543612058626,-0.005329915097306154,-0.0228031194132835
NCIH838_LUNG,ACH-000416,lung,4,B3,False,NCIH1299_LUNG,0.2621033078052353,1.1213636460213343,0.3340768168746185,0.2679712182114824,0.2,0.11028507394446635,-0.04805832460498988,-0.20560922543096505
NCIH838_LUNG,ACH-000416,lung,4,B4,False,,0.2141965555560196,0.9164028966852734,0.4620261043001352,0.357814256883592,0.26,0.07579045703709185,-0.00015157235577420436,-0.000648476094904149
NUGC3_STOMACH,ACH-000911,gastric,4,B0,False,,0.3577978344032497,1.0,,,0.0,-0.03628692943778073,-0.043698555373603065,-0.12213197278425503
NUGC3_STOMACH,ACH-000911,gastric,4,B1,False,,0.3140992790296466,0.877868027215745,0.47779229315702754,0.3872092237944213,0.16,,0.0,0.0
NUGC3_STOMACH,ACH-000911,gastric,4,B2,False,,0.3371737346330397,0.9423582319758649,0.37891295651494217,0.31973531965611346,0.17,0.04571074191830759,-0.02307445560339305,-0.0644902047601199
NUGC3_STOMACH,ACH-000911,gastric,4,B3,False,HCC1143_BREAST,0.42551796938191017,1.1892692701497396,0.23258707056850514,0.2247721956095339,0.09,0.02197754973285735,-0.11141869035226354,-0.3114012429339946
NUGC3_STOMACH,ACH-000911,gastric,4,B4,False,,0.31222672171224175,0.8726344647473527,0.48591461723120993,0.38797255801888964,0.18,0.10673512858335858,0.001872557317404877,0.005233562468392239
OSRC2_KIDNEY,ACH-000159,kidney,4,B0,False,,0.33572626871186656,1.0,,,0.0,0.07822604314588534,-0.028762948880039385,-0.08567381096033588
OSRC2_KIDNEY,ACH-000159,kidney,4,B1,False,,0.3069633198318272,0.9143261890396641,0.4041943648270446,0.3405655821160004,0.12000000000000001,,0.0,0.0
OSRC2_KIDNEY,ACH-000159,kidney,4,B2,False,,0.32751434475659075,0.9755398230028773,0.3335570010181782,0.2728093935493515,0.18,0.09407492862109146,-0.020551024924763572,-0.06121363396321322
OSRC2_KIDNEY,ACH-000159,kidney,4,B3,False,786O_KIDNEY,0.34446068793636425,1.0260164903330633,0.2746647957203139,0.23380680463165826,0.16999999999999998,0.10223330783243902,-0.03749736810453708,-0.11169030129339919
OSRC2_KIDNEY,ACH-000159,kidney,4,B4,False,,0.3071932563902113,0.9150110820010232,0.40631919042060083,0.33648694461513456,0.13,0.07217508617419979,-0.00022993655838410287,-0.0006848929613590959
QGP1_PANCREAS,ACH-000347,pancreas,4,B0,False,,0.5295636453408618,1.0,,,0.0,-0.029309831013522948,-0.03647948241986354,-0.06888592663188375
QGP1_PANCREAS,ACH-000347,pancreas,4,B1,False,,0.4930841629209982,0.9311140733681162,0.3369156677112261,0.282611600616691,0.09000000000000001,,0.0,0.0
QGP1_PANCREAS,ACH-000347,pancreas,4,B2,False,,0.5258227814949827,0.9929359504210846,0.2680982515992111,0.23878297515551947,0.08,0.032218775070853536,-0.032738618573984524,-0.06182187705296838
QGP1_PANCREAS,ACH-000347,pancreas,4,B3,False,COLO668_LUNG,0.6339115682839327,1.1970451028146123,0.11701957232268097,0.13594297608302514,0.060000000000000005,0.025158631262368093,-0.14082740536293448,-0.26593102944649605
QGP1_PANCREAS,ACH-000347,pancreas,4,B4,False,,0.4961372051070837,0.9368792768766017,0.31960367416471974,0.27291808491418884,0.1,0.02076317722098107,-0.003053042186085486,-0.005765203508485417
RH30_SOFT_TISSUE,ACH-000833,rhabdomyosarcoma,4,B0,False,,0.2644234994568513,1.0,,,0.0,0.2748822290510295,-0.006690575196991011,-0.02530249849477839
RH30_SOFT_TISSUE,ACH-000833,rhabdomyosarcoma,4,B1,False,,0.2577329242598603,0.9746975015052216,0.33609875763402897,0.2752686536433803,0.13,,0.0,0.0
RH30_SOFT_TISSUE,ACH-000833,rhabdomyosarcoma,4,B2,True,,0.2577329242598603,0.9746975015052216,0.33609875763402897,0.2752686536433803,0.13,,0.0,0.0
RH30_SOFT_TISSUE,ACH-000833,rhabdomyosarcoma,4,B3,False,ISTMES1_PLEURA,0.39813036795870466,1.5056542583261276,0.1702753881239353,0.16660717334091651,0.05,0.009853970449668127,-0.14039744369884438,-0.530956756820906
RH30_SOFT_TISSUE,ACH-000833,rhabdomyosarcoma,4,B4,False,,0.25691494193190567,0.9716040460081315,0.3384171311387132,0.27477535763782085,0.13,0.08376072595765818,0.0008179823279546028,0.0030934554970900585
SNB75_CENTRAL_NERVOUS_SYSTEM,ACH-000504,central_nervous_system,4,B0,False,,0.3593022311033452,1.0,,,0.0,0.12758304215311353,-0.01730366631528263,-0.04815908396156221
SNB75_CENTRAL_NERVOUS_SYSTEM,ACH-000504,central_nervous_system,4,B1,False,,0.34199856478806256,0.9518409160384378,0.3226268847001681,0.2803555094456877,0.08,,0.0,0.0
SNB75_CENTRAL_NERVOUS_SYSTEM,ACH-000504,central_nervous_system,4,B2,False,,0.3564230966263781,0.9919868728114327,0.29280620519270156,0.2629055254819178,0.08,0.09875893696270008,-0.014424531838315546,-0.04014595677299493
SNB75_CENTRAL_NERVOUS_SYSTEM,ACH-000504,central_nervous_system,4,B3,False,SNU1105_CENTRAL_NERVOUS_SYSTEM,0.4614418039317781,1.2842720250157722,0.19335274707282263,0.20721957414283917,0.07,0.06768895879402734,-0.11944323914371552,-0.3324311089773344
SNB75_CENTRAL_NERVOUS_SYSTEM,ACH-000504,central_nervous_system,4,B4,False,,0.34410766424213146,0.957710903117539,0.3237228868655518,0.28131194912916135,0.08,0.03454793421382335,-0.0021090994540688968,-0.0058699870791012465
SNU245_BILIARY_TRACT,ACH-000268,bile_duct,4,B0,False,,0.3899666048444726,1.0,,,0.0,0.014100140629058086,-0.03586513397093499,-0.09196975721866951
SNU245_BILIARY_TRACT,ACH-000268,bile_duct,4,B1,False,,0.3541014708735376,0.9080302427813305,0.4001814029268966,0.32805469080904065,0.11000000000000001,,0.0,0.0
SNU245_BILIARY_TRACT,ACH-000268,bile_duct,4,B2,True,,0.3541014708735376,0.9080302427813305,0.4001814029268966,0.32805469080904065,0.11000000000000001,,0.0,0.0
SNU245_BILIARY_TRACT,ACH-000268,bile_duct,4,B3,False,PATU8988S_PANCREAS,0.4706115900715816,1.2067997213742752,0.2414325485936707,0.21463308484219715,0.11,0.06390087315803089,-0.116510119198044,-0.29876947859294467
SNU245_BILIARY_TRACT,ACH-000268,bile_duct,4,B4,False,,0.35185337324250593,0.9022653962454885,0.41414118069612055,0.3381393680830816,0.12,0.11455912444662583,0.002248097631031676,0.005764846535841972
TE11_OESOPHAGUS,ACH-000488,esophagus,4,B0,False,,0.308247512418245,1.0,,,0.0,0.14728519865839368,-0.019419291067847788,-0.06299901957196907
TE11_OESOPHAGUS,ACH-000488,esophagus,4,B1,False,,0.2888282213503972,0.9370009804280309,0.3792460440041836,0.29133478477758545,0.15,,0.0,0.0
TE11_OESOPHAGUS,ACH-000488,esophagus,4,B2,False,,0.3201752799795597,1.0386954219605526,0.31420095573882173,0.24471736776722028,0.16999999999999998,0.10299803689427973,-0.03134705862916248,-0.10169444153252172
TE11_OESOPHAGUS,ACH-000488,esophagus,4,B3,False,SNU1041_UPPER_AERODIGESTIVE_TRACT,0.45055929182506277,1.4616802201917605,0.23333801881210384,0.20547612839862614,0.12,0.02913331839481373,-0.16173107047466556,-0.5246792397637295
TE11_OESOPHAGUS,ACH-000488,esophagus,4,B4,False,,0.2939483794897281,0.9536115220644014,0.38311721588155245,0.2816860864522239,0.18,0.06721616215885995,-0.005120158139330866,-0.016610541636370435
