cell_line,depmap_id,author_ccle_id,lineage,lineage_subtype,trametinib_auc,trametinib_sensitivity,prism_auc,gdsc_auc,braf_mut,kras_mut,hras_mut,nras_mut,annotation_source,sensitivity_use,outer_fold,response_pc1,response_pc2,response_pc3,response_pc4,response_pc5,braf_or_kras_mut,response_rms,min_condition_cells,baseline_novelty,b4_rmse,cclr_rmse,b4_pcc_context,pathway__MAPK_KRAS_signaling,pathway__E2F_targets,pathway__G2M_checkpoint,pathway__apoptosis,pathway__epithelial_mesenchymal_transition,pathway__immediate_early_response
22RV1_PROSTATE,ACH-000956,22RV1_PROSTATE,prostate,,0.9920530024560072,0.0079469975439927,1.24218265366475,0.925561,True,False,False,False,Figshare all_CL_features.rds v3,interpretation_only_not_model_input,1,7.0421476,-3.432653,-1.9913108,8.605364,2.7012367,True,0.42917958,43,3.6577530233277726,0.4132808941291311,0.41314578915467,0.0840558215306248,-0.037430346,-0.20807122,-0.22782175,-0.0038721585,-0.052054577,-1.463881
42MGBA_CENTRAL_NERVOUS_SYSTEM,ACH-000323,42MGBA_CENTRAL_NERVOUS_SYSTEM,central_nervous_system,glioma,0.8224133531717482,0.1775866468282517,0.780042008409087,0.862649,False,False,False,False,Figshare all_CL_features.rds v3,interpretation_only_not_model_input,2,6.263812,-1.5735644,0.77802145,-0.016312398,-1.1306067,False,0.23937428,77,2.014951171963817,0.2120563830810573,0.2121002485365168,0.139189112930812,-0.062429488,-0.18527012,-0.1401421,-0.029591477,0.07400831,-1.5781295
769P_KIDNEY,ACH-000411,769P_KIDNEY,kidney,,0.7263326203733353,0.2736673796266646,0.841792780927865,0.493203,False,False,False,False,Figshare all_CL_features.rds v3,interpretation_only_not_model_input,3,1.9467877,-0.6629753,0.297217,-2.8900754,1.8084543,False,0.29261464,110,2.7858285097154742,0.2599334572543249,0.2608279330882102,0.1001041954235523,-0.014900871,-0.43670627,-0.34497583,-0.073353015,-0.0030169543,-1.9128703
786O_KIDNEY,ACH-000649,786O_KIDNEY,kidney,,0.9650475479192104,0.0349524520807895,1.42993681354175,0.733308,False,False,False,False,Figshare all_CL_features.rds v3,interpretation_only_not_model_input,2,7.902538,-0.38118374,0.5430029,-1.4526665,0.12806034,False,0.21295984,108,2.1446987316418933,0.1878683842500525,0.188395856343148,0.2156052127762888,-0.016592667,-0.16447023,-0.094163306,0.060375262,0.061371185,-1.4019328
8505C_THYROID,ACH-001307,8505C_THYROID,thyroid,,0.5029299892855361,0.4970700107144639,0.596159424194532,0.403125,True,False,False,False,Figshare all_CL_features.rds v3,interpretation_only_not_model_input,0,1.1568942,2.4914904,-0.75368786,-5.2299657,-1.6875641,True,0.33609623,91,2.2856769409944913,0.2848947051313276,0.2856422796761649,0.1370177066449724,-0.07663696,-0.34336358,-0.27592465,-0.030885927,0.067671776,-1.9339113
A2780_OVARY,ACH-000657,A2780_OVARY,ovary,ovary_adenocarcinoma,0.4958855637374039,0.5041144362625961,0.544069317622124,0.499448,False,False,False,False,Figshare all_CL_features.rds v3,interpretation_only_not_model_input,0,3.2176425,-1.2509093,1.674084,-1.285866,-0.25890473,False,0.31778497,182,2.940414688110538,0.2724974489189545,0.274158662581186,0.1096369301073702,-0.033101607,-0.30666623,-0.2645536,-0.102545,-0.045343067,-1.9830359
A375_SKIN,ACH-000219,A375_SKIN,skin,melanoma,0.277066262940654,0.722933737059346,0.496151754348511,0.032979,True,False,False,False,Figshare all_CL_features.rds v3,interpretation_only_not_model_input,1,-23.133102,-2.601942,-1.4963074,-11.234336,-6.1539564,True,0.47411942,102,3.301796975013928,0.3831290237884984,0.3841101561024216,0.2587676735289194,-0.11723033,-1.1495177,-0.9911131,-0.22449774,-0.09823759,-2.367614
ACCMESO1_PLEURA,ACH-000086,ACCMESO1_PLEURA,mesothelioma,,0.8959091436980202,0.1040908563019797,0.844888613664355,,False,False,False,False,Figshare all_CL_features.rds v3,interpretation_only_not_model_input,3,6.5522137,-1.3028994,0.056483652,-0.47488025,-0.031095702,False,0.21830463,97,2.8171812246373684,0.1898660328746673,0.1898493504579024,0.1411983891057049,-0.05406347,-0.17556049,-0.11897223,-0.005648045,0.09157438,-1.4228039
AGS_STOMACH,ACH-000880,AGS_STOMACH,gastric,gastric_adenocarcinoma,0.2829364858994315,0.7170635141005686,0.457672571823393,,False,True,False,False,Figshare all_CL_features.rds v3,interpretation_only_not_model_input,0,2.6087728,1.6237035,0.10731248,-2.0353534,1.5338982,True,0.3228689,101,2.5443886090907095,0.2832516702888807,0.2835551719163567,0.0918754057574141,0.0021350614,-0.38696975,-0.27693674,-0.010851617,0.042827275,-1.6350856
BEN_LUNG,ACH-000603,BEN_LUNG,lung,lung_NSC,1.0784506400612672,-0.0784506400612672,1.28064202357905,0.984424,False,False,False,False,Figshare all_CL_features.rds v3,interpretation_only_not_model_input,0,11.190668,-2.7576594,-0.6899266,6.165296,1.4328289,False,0.27159858,74,3.2155550216668747,0.2756266126845272,0.2782055317496416,0.0676910565630592,-0.073953755,0.04642474,0.08888576,-0.054375954,-0.1535522,-1.0510163
CAL120_BREAST,ACH-000212,CAL120_BREAST,breast,TNBC,0.8452282039322672,0.1547717960677328,1.04812123509912,0.67427,False,False,False,False,Figshare all_CL_features.rds v3,interpretation_only_not_model_input,1,6.2819486,-1.2615384,0.13980524,0.808349,0.5142204,False,0.24861155,67,2.0523906613365903,0.2198544011693985,0.2223341900378213,0.1468446006512666,-0.09282378,-0.19905174,-0.09956307,-0.031575903,-0.015916055,-1.4507248
CAL62_THYROID,ACH-000174,CAL62_THYROID,thyroid,,0.5790433573278708,0.4209566426721292,0.713479691082356,0.304272,False,True,False,False,Figshare all_CL_features.rds v3,interpretation_only_not_model_input,3,-2.614639,2.2072773,0.7395041,-8.943431,-0.7642239,True,0.30760458,204,2.2488812049796,0.239813732681045,0.240566211516383,0.1019561795768231,-0.024012867,-0.57095623,-0.46233252,0.044089295,0.12779796,-2.016039
CAOV3_OVARY,ACH-000713,CAOV3_OVARY,ovary,ovary_adenocarcinoma,0.879057959879154,0.1209420401208459,0.822080944092519,,False,False,False,False,Figshare all_CL_features.rds v3,interpretation_only_not_model_input,2,4.763901,0.42448348,1.507354,-0.78829765,-1.6558129,False,0.32752392,35,3.0292489825902864,0.2949546627071419,0.295446056991156,0.035847653457992,-0.05960558,-0.20861475,-0.17671306,-0.08099202,-0.12114916,-1.6578985
CJM_SKIN,ACH-000458,CJM_SKIN,skin,melanoma,1.0465528487664546,-0.0465528487664546,1.10739217565127,,False,False,True,False,Figshare all_CL_features.rds v3,interpretation_only_not_model_input,3,-15.2927685,9.143822,0.1418331,-0.65878975,-1.7018853,False,0.48506877,25,1.703762533282795,0.4350244314462668,0.4351820813528066,0.1306992231225585,-0.1207231,-0.68666583,-0.47695866,-0.16114484,-0.2702665,-2.4782455
COLO668_LUNG,ACH-000803,COLO668_LUNG,lung,lung_small,0.924542843542832,0.0754571564571678,0.912105620398494,0.955053,False,True,False,False,Figshare all_CL_features.rds v3,interpretation_only_not_model_input,1,7.833417,-4.0610037,-3.78707,10.776203,5.903859,True,0.4336075,25,3.2031686167344935,0.4204593105344341,0.422160323252794,0.0844484171248439,-0.09973867,-0.14485711,-0.15364437,-0.19667998,-0.24531691,-1.8701484
COLO680N_OESOPHAGUS,ACH-000717,COLO680N_OESOPHAGUS,esophagus,esophagus_squamous,0.7676131639519772,0.2323868360480228,0.70160986673789,0.869733,False,False,False,False,Figshare all_CL_features.rds v3,interpretation_only_not_model_input,2,3.484539,4.715038,2.3272374,-4.0870004,-1.543747,False,0.3106853,57,3.102334854053619,0.2738947422560263,0.2747859705042643,0.0923451468004831,0.003232943,-0.22075906,-0.13286187,-0.01401195,-0.044143345,-1.8607163
COV434_OVARY,ACH-000123,COV434_OVARY,ovary,ovary_adenocarcinoma,0.826943406907677,0.173056593092323,0.773865236359736,,False,False,False,False,Figshare all_CL_features.rds v3,interpretation_only_not_model_input,1,7.5306244,-4.8972325,-0.6337307,6.4610815,3.2395334,False,0.35401812,49,2.6768924783356156,0.3428568657257285,0.3440352620401002,0.1507321390077209,-0.10327196,-0.23682775,-0.20062228,-0.0699954,-0.09465862,-1.9142984
DMS273_LUNG,ACH-000749,DMS273_LUNG,lung,lung_small,1.0579514916580717,-0.0579514916580716,1.12571841283787,,False,False,False,False,Figshare all_CL_features.rds v3,interpretation_only_not_model_input,0,7.9559965,-3.0394678,-0.30689746,4.753009,0.8671445,False,0.22707784,124,2.880750159693126,0.2104159217881969,0.2091840227402575,0.2276741285778202,-0.052245896,-0.14315133,-0.11195856,-0.11415364,-0.14106762,-1.4040685
EFM192A_BREAST,ACH-000117,EFM192A_BREAST,breast,TPBC,0.9457194707881382,0.0542805292118617,0.99782953682142,0.954094,False,False,False,False,Figshare all_CL_features.rds v3,interpretation_only_not_model_input,4,3.1142004,-1.637698,-2.5399158,6.140075,3.027125,False,0.3948541,34,3.14334148249092,0.3768474741260813,0.3761348079191605,0.0653735920059011,-0.07021632,-0.42741227,-0.35421512,-0.091860875,-0.04780672,-1.721142
G401_SOFT_TISSUE,ACH-000096,G401_SOFT_TISSUE,rhabdoid,,0.7254543200715405,0.2745456799284594,0.732031820270718,0.698728,False,False,False,False,Figshare all_CL_features.rds v3,interpretation_only_not_model_input,2,3.729882,-3.0006125,-0.45809802,2.2494469,1.5258961,False,0.31880894,78,1.4719450302210115,0.2899243990730384,0.2909638583271528,0.1108873138214349,-0.03565149,-0.35361862,-0.31651297,0.008263148,-0.015142726,-0.9560287
GCIY_STOMACH,ACH-000047,GCIY_STOMACH,gastric,gastric_adenocarcinoma,0.4071512201213993,0.5928487798786006,0.535414887905799,,False,False,False,False,Figshare all_CL_features.rds v3,interpretation_only_not_model_input,1,4.1633024,-0.56896466,1.1724882,0.59160554,-0.20580938,False,0.24907172,106,2.8636697133803257,0.2090446630047457,0.2098116118433814,0.1338539937670658,-0.04499557,-0.18192004,-0.14804666,-0.070196964,-0.17440699,-2.0500894
GP2D_LARGE_INTESTINE,ACH-000982,GP2D_LARGE_INTESTINE,colorectal,colorectal_MSI,0.8963281117707331,0.1036718882292668,0.844997281649037,,False,True,False,False,Figshare all_CL_features.rds v3,interpretation_only_not_model_input,1,7.290152,-0.5491421,0.7304957,1.8218613,1.1151426,True,0.2853266,105,1.7354726204383497,0.2630783059988048,0.2619433594228724,0.0741274208842622,-0.03763272,-0.16329397,-0.0997269,-0.062950425,-0.08327677,-0.9439448
HCC1143_BREAST,ACH-000374,HCC1143_BREAST,breast,TNBC,0.6030452958252157,0.3969547041747843,0.65173348159007,0.520594,False,False,False,False,Figshare all_CL_features.rds v3,interpretation_only_not_model_input,2,4.352771,2.2599788,1.1306026,-4.6899533,-0.5611653,False,0.32728386,61,2.879124118386531,0.3010311205320891,0.301282993997939,0.0276592814993406,0.004618769,-0.22797395,-0.11374713,0.023237921,0.074421495,-1.8714118
HCC1195_LUNG,ACH-000868,HCC1195_LUNG,lung,lung_NSC,0.929764606529185,0.0702353934708149,0.885078774233005,,False,False,False,True,Figshare all_CL_features.rds v3,interpretation_only_not_model_input,0,-2.3204055,1.581652,2.6675222,-6.751997,-2.365305,False,0.38125673,26,2.5003787673833204,0.3436236828532654,0.3431505757667041,0.0406066630020706,-0.057968523,-0.46413437,-0.34435287,0.004043897,0.04867667,-2.1493218
HCC1419_BREAST,ACH-000277,HCC1419_BREAST,breast,HER2Amp,0.8586619334072456,0.1413380665927543,0.759516525711613,0.958783,False,False,False,False,Figshare all_CL_features.rds v3,interpretation_only_not_model_input,3,-5.3102818,-4.5054364,-3.414596,4.712918,6.713364,False,0.43947926,41,2.435019876453335,0.4161468511001427,0.4158927430044689,0.0399617000484707,-0.06501732,-0.7452917,-0.60625106,-0.096275225,-0.18633637,-2.192359
HEC1B_ENDOMETRIUM,ACH-000941,HEC1B_ENDOMETRIUM,uterus,uterus_endometrium,0.7584532069220943,0.2415467930779057,0.730238578042266,,False,True,False,False,Figshare all_CL_features.rds v3,interpretation_only_not_model_input,4,6.1408625,-2.670361,-0.42527097,-0.095719874,-0.8165393,True,0.28821504,49,2.335848903063984,0.2599647184912965,0.2612264166906788,0.1355119051333974,-0.07007931,-0.19314837,-0.13160177,-0.11407369,-0.11540258,-1.7024702
HEP3B217_LIVER,ACH-000625,HEP3B217_LIVER,liver,,0.562572910237511,0.437427089762489,0.711257432162363,0.262575,False,False,False,False,Figshare all_CL_features.rds v3,interpretation_only_not_model_input,3,5.7341614,-0.8133088,1.3847557,13.932368,14.723164,False,0.5175792,22,2.780543373485877,0.4965942467748857,0.4965864545018532,0.0498277588555507,-0.12657815,-0.31196648,-0.20499049,0.044945307,-0.02073436,-1.9461154
HS766T_PANCREAS,ACH-000178,HS766T_PANCREAS,pancreas,,0.4667885527171777,0.5332114472828223,0.435274504079283,0.674987,False,True,False,False,Figshare all_CL_features.rds v3,interpretation_only_not_model_input,2,-38.411102,23.184298,-24.08837,9.072267,44.062637,True,0.62546647,27,3.1033510515168765,0.5685891724319463,0.568653150915434,0.0983922702707413,-0.18553281,-1.1088551,-1.0333651,-0.11406792,-0.20875108,-2.2536898
HS852T_SKIN,ACH-000274,HS852T_SKIN,skin,melanoma,0.5171792344221446,0.4828207655778553,0.598275704324973,,False,False,False,True,Figshare all_CL_features.rds v3,interpretation_only_not_model_input,4,-20.624104,-7.5365252,-51.023663,13.925791,-37.984592,False,0.5980522,32,1.8100339976688546,0.561321243762972,0.5609529895748109,0.1045434317405041,-0.20964172,-0.6861538,-0.5478236,-0.25942585,-0.25750467,-1.7625674
HUCCT1_BILIARY_TRACT,ACH-000976,HUCCT1_BILIARY_TRACT,bile_duct,cholangiocarcinoma,0.3431027789752281,0.6568972210247719,0.513855974136225,0.150599,False,True,False,False,Figshare all_CL_features.rds v3,interpretation_only_not_model_input,3,-15.743347,8.471209,1.6169482,-14.445444,0.19800709,True,0.43151587,40,2.8752163405693314,0.3586719344024285,0.3587259151334783,0.2062009216792368,-0.055166613,-0.9777296,-0.83918136,0.028679986,0.1799212,-2.5957816
IGR1_SKIN,ACH-000882,IGR1_SKIN,skin,melanoma,0.3654668639447316,0.6345331360552684,0.504160478827457,,True,False,False,False,Figshare all_CL_features.rds v3,interpretation_only_not_model_input,2,-4.285906,-7.2012405,1.692283,-2.5720177,-2.6459417,True,0.3418663,106,2.273463837591795,0.2907365749200573,0.291126736722564,0.1981752073918896,-0.117865875,-0.53444374,-0.42018184,-0.11587969,-0.16507682,-1.585253
IGROV1_OVARY,ACH-000966,IGROV1_OVARY,ovary,ovary_adenocarcinoma,0.7735065233369045,0.2264934766630955,0.883399466045026,0.588915,False,False,False,False,Figshare all_CL_features.rds v3,interpretation_only_not_model_input,4,4.7247405,-1.01429,0.14640863,0.07544203,0.86011404,False,0.24610113,140,2.3516411690502963,0.2134336500884943,0.2147034316932629,0.1527563761294176,-0.032087848,-0.28967386,-0.22641425,0.0025964298,-0.0032339932,-1.8945377
ISTMES1_PLEURA,ACH-000569,ISTMES1_PLEURA,mesothelioma,,0.984915884650176,0.015084115349824,0.904535513773284,0.984608,False,False,False,False,Figshare all_CL_features.rds v3,interpretation_only_not_model_input,0,2.5566726,1.8364754,1.1200875,-2.2651052,-0.40527764,False,0.3479701,39,2.735958522088535,0.3102029294771918,0.311136521457952,0.0638135707984528,0.01327112,-0.3614658,-0.29124984,-0.048666846,-0.08591607,-1.3806256
J82_URINARY_TRACT,ACH-000396,J82_URINARY_TRACT,urinary_tract,,0.8661994641416302,0.1338005358583698,0.838931167268472,0.896301,False,False,False,False,Figshare all_CL_features.rds v3,interpretation_only_not_model_input,0,5.540756,-0.79433876,-0.1487572,2.0390809,-0.027839124,False,0.24497867,98,2.726777060998548,0.2170049801337361,0.2199920434178697,0.0878382435051363,-0.1205332,-0.1317875,-0.10524628,-0.10209005,-0.088938355,-1.5274667
JHH5_LIVER,ACH-000734,JHH5_LIVER,liver,,0.4610416349468523,0.5389583650531476,0.563288883662079,,False,False,False,False,Figshare all_CL_features.rds v3,interpretation_only_not_model_input,4,-8.709218,2.811215,-1.352567,-1.3078495,4.1070027,False,0.41497517,45,2.522546365468871,0.3658729488094865,0.3705313097789515,0.0884837105290074,-0.060671683,-0.75087464,-0.5522166,-0.07486009,-0.029138597,-2.160637
KNS42_CENTRAL_NERVOUS_SYSTEM,ACH-000622,KNS42_CENTRAL_NERVOUS_SYSTEM,central_nervous_system,glioma,0.9030079797226512,0.0969920202773488,0.8455858187693,0.963675,False,False,False,False,Figshare all_CL_features.rds v3,interpretation_only_not_model_input,3,7.9568176,-1.2999554,-0.53827965,4.2402515,0.16739279,False,0.30019757,58,2.0839028294212714,0.2881008569488426,0.2878884702015285,0.0934898624687581,-0.022224486,-0.18043429,-0.11833336,-0.0607885,-0.06904822,-1.33062
KNS60_CENTRAL_NERVOUS_SYSTEM,ACH-000445,KNS60_CENTRAL_NERVOUS_SYSTEM,central_nervous_system,glioma,0.9235358147835392,0.0764641852164607,0.874959299595516,,False,False,False,False,Figshare all_CL_features.rds v3,interpretation_only_not_model_input,4,7.0154977,-0.7049418,-0.46564785,-1.6850498,-0.007939425,False,0.29829937,37,2.835213499901573,0.2794372307595698,0.278573163274424,0.1024826558909264,-0.047633484,-0.1327181,-0.10212385,0.044301506,0.03589457,-1.5340348
KNS81_CENTRAL_NERVOUS_SYSTEM,ACH-000479,KNS81_CENTRAL_NERVOUS_SYSTEM,central_nervous_system,glioma,0.7853249186040573,0.2146750813959427,0.745989147825496,,False,False,False,False,Figshare all_CL_features.rds v3,interpretation_only_not_model_input,0,-0.07815837,3.1001332,-0.50030863,-6.0862064,-0.7559801,False,0.38446578,54,2.313847026765152,0.3430973123922669,0.3427032437061139,0.0994303848037762,-0.07957836,-0.40705886,-0.2402979,-0.017113559,0.033077713,-2.4765513
KYSE270_OESOPHAGUS,ACH-000873,KYSE270_OESOPHAGUS,esophagus,esophagus_squamous,0.8473563605034711,0.1526436394965289,0.77137880661916,0.928071,False,False,False,False,Figshare all_CL_features.rds v3,interpretation_only_not_model_input,3,4.6491213,2.2980173,1.0438384,-2.129908,-0.8278662,False,0.2881199,75,2.6916621359819928,0.2528909858287284,0.2524299410833184,0.0205503527120175,-0.045222566,-0.1666242,-0.1330801,0.0036845836,-0.012901466,-2.067299
LI7_LIVER,ACH-000471,LI7_LIVER,liver,,0.8192485885911402,0.1807514114088597,0.767359436093075,,False,False,False,False,Figshare all_CL_features.rds v3,interpretation_only_not_model_input,1,6.2192025,-1.7682207,-4.250289,5.267199,0.9500123,False,0.44097292,42,2.71609446567393,0.4273768467329996,0.4271393188199407,0.0295970105588522,-0.113399416,-0.11970469,-0.0980072,-0.06778159,0.04985081,-1.7790663
LK2_LUNG,ACH-000769,LK2_LUNG,lung,lung_NSC,0.8071008967718436,0.1928991032281564,,0.858249,False,False,False,False,Figshare all_CL_features.rds v3,interpretation_only_not_model_input,3,7.6318564,-2.2372513,-0.7351306,4.667577,3.2589867,False,0.31925243,57,3.0611717535896013,0.3084774876703006,0.3085490621838895,0.08480348483608,-0.055205755,-0.21874934,-0.23031245,0.011089195,-0.049721815,-1.2679379
LMSU_STOMACH,ACH-000255,LMSU_STOMACH,gastric,,0.7889443522881889,0.211055647711811,0.74835507913214,,False,False,False,False,Figshare all_CL_features.rds v3,interpretation_only_not_model_input,3,3.8180015,-0.5456574,0.7102947,-2.0977862,0.237359,False,0.2832253,100,2.6821068218893296,0.2394253824952437,0.2397184331874724,0.1788983156810693,-0.09853224,-0.38490945,-0.30374813,-0.013394464,0.096386276,-1.5232618
LN229_CENTRAL_NERVOUS_SYSTEM,ACH-000595,LN229_CENTRAL_NERVOUS_SYSTEM,central_nervous_system,glioma,0.6428885957718942,0.3571114042281058,0.723686909773379,0.464778,False,False,False,False,Figshare all_CL_features.rds v3,interpretation_only_not_model_input,1,-2.6480742,-4.4847302,-1.5107431,-3.0605261,-4.191295,False,0.3612747,82,2.8144034522625376,0.3123941718297998,0.3122775130853467,0.1076091892447301,-0.14941037,-0.37758583,-0.27239648,-0.081196584,0.042684965,-2.3914084
LNCAPCLONEFGC_PROSTATE,ACH-000977,LNCAPCLONEFGC_PROSTATE,prostate,,0.9451991411551676,0.0548008588448323,0.892328361380036,0.98164,False,False,False,False,Figshare all_CL_features.rds v3,interpretation_only_not_model_input,4,8.118889,-2.416975,-0.08396709,3.7495022,2.7248437,False,0.26919225,51,3.856483924842639,0.2655532989516462,0.267808003799822,0.1665907026240597,-0.042701162,-0.15991929,-0.07336239,-0.104550034,-0.13108493,-0.9219029
LOVO_LARGE_INTESTINE,ACH-000950,LOVO_LARGE_INTESTINE,colorectal,colorectal_MSI,0.5177850952632148,0.4822149047367852,0.590837926178378,0.462816,False,True,False,False,Figshare all_CL_features.rds v3,interpretation_only_not_model_input,0,-1.0602221,4.9153566,1.8455247,-5.5042634,-2.370089,True,0.3472808,79,2.1608369415270907,0.29008723438826,0.2919027557115817,0.2023054703308824,-0.0008482065,-0.53167415,-0.4046245,0.059011195,0.009414104,-1.4844705
LUDLU1_LUNG,ACH-000390,LUDLU1_LUNG,lung,lung_NSC,0.6814077914324009,0.318592208567599,0.679210454866379,,False,False,False,False,Figshare all_CL_features.rds v3,interpretation_only_not_model_input,2,4.601535,3.5617666,1.326185,0.8583079,-0.69958764,False,0.34499282,26,2.477446803005343,0.3215508359445547,0.3218417729850464,0.0791555424876389,-0.06527639,-0.20250782,-0.09176732,-0.078341514,-0.114207245,-1.9175718
MALME3M_SKIN,ACH-000477,MALME3M_SKIN,skin,melanoma,0.2515524304366798,0.7484475695633201,0.432470740146339,,True,False,False,False,Figshare all_CL_features.rds v3,interpretation_only_not_model_input,0,-44.12667,-50.530174,27.234324,11.999834,1.2809558,True,0.6496816,40,2.5181533755478607,0.5999677536243455,0.598958423607201,0.157070602216287,-0.31542668,-1.0983614,-0.9559082,-0.32125106,-0.4009035,-3.0714474
MDAMB435S_SKIN,ACH-000884,MDAMB435S_SKIN,skin,melanoma,0.2684429690168814,0.7315570309831185,0.44007872345067,,True,False,False,False,Figshare all_CL_features.rds v3,interpretation_only_not_model_input,1,1.2950631,-3.4894822,-0.3388595,-5.415318,-3.0593865,True,0.30777377,68,3.0975674268913322,0.2716950840924688,0.2715737924889828,0.0788682198217397,-0.09203837,-0.30283597,-0.2603411,-0.07809417,0.03169788,-2.1395814
MDAMB468_BREAST,ACH-000849,MDAMB468_BREAST,breast,TNBC,0.8750921339321706,0.1249078660678294,0.860193979979072,0.890815,False,False,False,False,Figshare all_CL_features.rds v3,interpretation_only_not_model_input,0,4.7602577,3.1657534,0.93157744,-2.4100351,-2.5263114,False,0.28901014,74,2.202090133615874,0.2610391799857184,0.2603022659521528,0.0643838541237301,-0.027225181,-0.12361311,-0.07449503,0.08592043,-0.101533785,-1.7147639
MIAPACA2_PANCREAS,ACH-000601,MIAPACA2_PANCREAS,pancreas,,0.4228856278886699,0.5771143721113301,0.517857793721413,0.362784,False,True,False,False,Figshare all_CL_features.rds v3,interpretation_only_not_model_input,0,-2.81508,2.4967563,1.7827072,-8.609932,-1.014521,True,0.33060107,112,2.3185609687719935,0.2615730619747075,0.2640095751604775,0.0958746389956303,0.028135741,-0.5505778,-0.45504105,0.06090683,0.019319797,-1.8905454
MSTO211H_PLEURA,ACH-000335,MSTO211H_PLEURA,mesothelioma,,0.3194007303148024,0.6805992696851977,0.480196879358079,,False,False,False,False,Figshare all_CL_features.rds v3,interpretation_only_not_model_input,2,-0.9278056,0.36242604,-0.21484208,-2.955789,-0.3662516,False,0.29330456,64,2.1618072257487144,0.236143989967976,0.2374771939572305,0.1113941626621692,-0.09496419,-0.5057012,-0.4058772,-0.056594513,-0.03321665,-1.7458616
NCIH1048_LUNG,ACH-000866,NCIH1048_LUNG,lung,lung_small,0.8518579311927313,0.1481420688072686,0.728686906364688,0.980791,False,False,False,False,Figshare all_CL_features.rds v3,interpretation_only_not_model_input,4,6.0587306,-4.6578727,-1.8039887,11.296244,-0.5333941,False,0.4252311,57,3.3305244800874547,0.4087198826212765,0.4071273109635273,0.0595591682860088,-0.08576561,-0.11149194,-0.03072672,-0.1603293,-0.17116617,-2.593975
NCIH1299_LUNG,ACH-000510,NCIH1299_LUNG,lung,lung_NSC,0.6087111432455228,0.3912888567544772,0.694143470128467,0.420643,False,False,False,True,Figshare all_CL_features.rds v3,interpretation_only_not_model_input,3,4.581962,-0.82789874,0.27950653,-2.2846026,0.4274839,False,0.22201486,119,3.041060035698021,0.1773284730541476,0.1775392042819487,0.1718939339449083,-0.05733597,-0.2550571,-0.18215834,0.05608008,0.102291875,-1.6147728
NCIH1355_LUNG,ACH-000666,NCIH1355_LUNG,lung,lung_NSC,0.5448398885089778,0.4551601114910222,0.599242249801595,0.510533,False,True,False,False,Figshare all_CL_features.rds v3,interpretation_only_not_model_input,1,-6.7707386,-0.6957212,-0.7832331,-0.98603374,3.7358224,True,0.3776795,64,1.8691744788875397,0.3318525430697102,0.333087395604136,0.0339694821756536,-0.07946008,-0.84056515,-0.67359155,-0.09331979,0.05485566,-1.2907842
NCIH1573_LUNG,ACH-000916,NCIH1573_LUNG,lung,lung_NSC,0.7706026342237704,0.2293973657762296,0.74946863541499,0.774836,False,True,False,True,Figshare all_CL_features.rds v3,interpretation_only_not_model_input,4,1.660847,1.3139408,-1.8073596,0.09975156,2.0903,True,0.39925623,29,2.885529105304198,0.3721719976566965,0.3725002275280422,0.0750133579551531,-0.04542296,-0.30350137,-0.2308875,-0.03763838,-0.13425556,-1.7354522
NCIH1581_LUNG,ACH-000015,NCIH1581_LUNG,lung,lung_NSC,0.745309436181889,0.2546905638181109,0.662920150946377,0.899323,False,False,False,False,Figshare all_CL_features.rds v3,interpretation_only_not_model_input,2,5.000188,-2.5358765,-0.11180953,2.5026648,0.7045686,False,0.27365074,114,2.017506402951014,0.2447791139877546,0.2452975219563253,0.1545051503542431,-0.05473974,-0.30340317,-0.21845841,-0.08036686,-0.06061994,-1.4223161
NCIH1650_LUNG,ACH-000035,NCIH1650_LUNG,lung,lung_NSC,0.8945121809739,0.1054878190261,0.841867694499946,,False,False,False,False,Figshare all_CL_features.rds v3,interpretation_only_not_model_input,4,2.1006653,-0.56359684,-0.47476283,-0.49684945,1.3505236,False,0.37551805,36,2.4255264553554494,0.3510685685458444,0.3503579293738023,0.0517786349943776,-0.024556767,-0.30946237,-0.20860225,-0.06572811,0.02452241,-1.5292482
NCIH1693_LUNG,ACH-000021,NCIH1693_LUNG,lung,lung_NSC,0.6863821652871727,0.3136178347128273,0.704623404351002,0.634947,False,False,False,False,Figshare all_CL_features.rds v3,interpretation_only_not_model_input,3,-0.9619766,0.01655284,0.30259508,-2.599243,-1.1293414,False,0.2905031,80,2.537320352567686,0.2433149349256,0.2434670387241998,0.0220886141910593,-0.08076677,-0.4659972,-0.33412942,-0.10775079,-0.11707312,-1.8113973
NCIH1793_LUNG,ACH-000888,NCIH1793_LUNG,lung,lung_NSC,0.8012191250967533,0.1987808749032467,0.807655640450921,0.763994,False,False,False,False,Figshare all_CL_features.rds v3,interpretation_only_not_model_input,2,4.209052,-0.69752234,0.004083826,-2.4391034,0.51781064,False,0.34019753,43,2.975103977850075,0.3195243877997462,0.319678569776275,0.0732439916439312,-0.057293788,-0.29434833,-0.17809676,0.024239553,-0.03188541,-1.3751833
NCIH1915_LUNG,ACH-000434,NCIH1915_LUNG,lung,lung_NSC,0.456519725422737,0.543480274577263,0.635140011853539,0.174938,False,False,True,False,Figshare all_CL_features.rds v3,interpretation_only_not_model_input,2,-2.240233,3.122291,0.22153535,-5.694143,-2.7581964,False,0.39297575,60,2.5106207791719295,0.3414932060855285,0.3420557716979612,0.1126387553261364,-0.06959713,-0.43705037,-0.34955645,0.023945542,0.028546916,-2.1823938
NCIH2126_LUNG,ACH-000785,NCIH2126_LUNG,lung,lung_NSC,0.9014142117706654,0.0985857882293346,0.849428500822405,,False,False,False,False,Figshare all_CL_features.rds v3,interpretation_only_not_model_input,1,7.6742196,1.2015332,-0.17041911,3.8905728,0.55667996,False,0.29899967,49,3.355181445883638,0.288483976542078,0.2862780769041448,0.0356075936508647,-0.013146731,-0.06024018,-0.04080681,0.0652744,-0.019459033,-1.4211154
NCIH2347_LUNG,ACH-000875,NCIH2347_LUNG,lung,lung_NSC,0.3764784253139003,0.6235215746860997,0.470583827411964,0.329904,False,True,False,True,Figshare all_CL_features.rds v3,interpretation_only_not_model_input,0,-15.175375,8.514127,3.4251518,-14.908723,-5.3229094,True,0.53154963,24,1.8008701101744147,0.4863313566908807,0.4849010096284336,0.0992660348207995,-0.12799494,-0.64373314,-0.46870506,0.0363663,-0.12023125,-2.3747385
NCIH23_LUNG,ACH-000900,NCIH23_LUNG,lung,lung_NSC,0.7099773877371387,0.2900226122628613,0.754767150660788,0.585064,False,True,False,False,Figshare all_CL_features.rds v3,interpretation_only_not_model_input,0,6.092664,-1.5998007,0.18741879,0.6131416,-0.568008,True,0.30705094,70,2.6041344861838307,0.2739305423215004,0.2744868657328796,0.1392045355994267,-0.10467038,-0.089674525,-0.06800384,-0.10592636,-0.17383416,-1.9856344
NCIH2444_LUNG,ACH-000186,NCIH2444_LUNG,lung,lung_NSC,0.6276523780986296,0.3723476219013704,0.537558211857119,0.898953,False,True,False,False,Figshare all_CL_features.rds v3,interpretation_only_not_model_input,2,-9.334262,8.658574,3.2861493,-13.196374,-3.479816,True,0.38549834,46,2.581349983241119,0.3278998369086129,0.3276773808335969,0.1812581364252065,-0.032687828,-0.5074294,-0.36870128,0.04037294,-0.016376829,-2.1352506
NCIH322_LUNG,ACH-000837,NCIH322_LUNG,lung,lung_NSC,0.7356277818633916,0.2643722181366084,0.713495827257078,,False,False,False,False,Figshare all_CL_features.rds v3,interpretation_only_not_model_input,4,1.7302641,-0.94349307,0.23558211,0.37241122,0.46653277,False,0.35008684,34,2.978993839863706,0.3187670777618299,0.3190974959111853,0.0819467937346984,-0.1270017,-0.23578121,-0.16572334,-0.11350767,-0.0775521,-1.6275342
NCIH522_LUNG,ACH-000343,NCIH522_LUNG,lung,lung_NSC,0.9046895803279872,0.0953104196720129,0.971276755552299,0.883819,False,False,False,False,Figshare all_CL_features.rds v3,interpretation_only_not_model_input,1,10.605944,-3.4287603,-0.82261324,8.168729,2.0564704,False,0.33708102,45,2.940823875471109,0.3242609460966277,0.3251809961079988,0.1858792396295657,-0.061385725,-0.06275486,-0.027812988,-0.13829516,-0.06270551,-1.4859319
NCIH838_LUNG,ACH-000416,NCIH838_LUNG,lung,lung_NSC,0.8531335791636729,0.146866420836327,0.84948442866531,0.85392,False,False,False,False,Figshare all_CL_features.rds v3,interpretation_only_not_model_input,4,7.032649,-1.1255885,-0.23991238,0.8968729,0.5013403,False,0.23373623,117,2.2244942979062152,0.2141965555560196,0.2105449452035016,0.0757904570370918,-0.058360506,-0.14747174,-0.10758406,-0.0860642,0.00063703285,-0.8883494
NCIH841_LUNG,ACH-000292,NCIH841_LUNG,lung,lung_small,0.8519970415267398,0.1480029584732601,,0.906615,False,False,False,False,Figshare all_CL_features.rds v3,interpretation_only_not_model_input,1,7.4312086,-2.7997642,-0.13066913,2.6580853,0.64136976,False,0.2645689,101,2.8238207102994717,0.2364489177306364,0.2374105671108569,0.2035615489489375,-0.055836845,-0.20311883,-0.17594528,-0.08013824,-0.028434841,-1.6998937
NUGC3_STOMACH,ACH-000911,NUGC3_STOMACH,gastric,gastric_adenocarcinoma,0.48072122549562,0.51927877450438,0.520302130713853,0.517793,False,False,False,False,Figshare all_CL_features.rds v3,interpretation_only_not_model_input,4,0.03498123,5.21062,2.8029764,-3.1416347,-2.2121315,False,0.35779786,58,2.6445564229408105,0.3122267217122417,0.3126118890740864,0.1067351285833585,-0.081921205,-0.35802412,-0.26328084,-0.037342187,-0.15407164,-1.9115139
OAW42_OVARY,ACH-000704,OAW42_OVARY,ovary,,0.7813115152554448,0.2186884847445551,0.840719979379126,0.663894,False,False,False,False,Figshare all_CL_features.rds v3,interpretation_only_not_model_input,3,3.930241,-1.5667055,0.27844414,0.78267044,0.59912944,False,0.21817166,148,2.539052846764666,0.1765391867984831,0.1775762751290315,0.1520731699706401,-0.032302756,-0.29539698,-0.22855116,-0.017895088,-0.01004513,-1.9459636
OSRC2_KIDNEY,ACH-000159,OSRC2_KIDNEY,kidney,,0.8043399903893197,0.1956600096106803,0.762761299031886,0.839988,False,False,False,False,Figshare all_CL_features.rds v3,interpretation_only_not_model_input,4,4.8388963,-1.4892763,-0.62541837,-1.1067835,-0.36953306,False,0.33572626,35,1.5752164723490596,0.3071932563902113,0.3072823829984044,0.0721750861741997,-0.081019744,-0.30466902,-0.23659419,-0.08251588,-0.024041265,-1.313963
PANC0403_PANCREAS,ACH-000235,PANC0403_PANCREAS,pancreas,,0.4788002726500569,0.5211997273499431,0.578006308851989,,False,True,False,False,Figshare all_CL_features.rds v3,interpretation_only_not_model_input,1,-12.490972,8.750394,2.9919515,-6.088003,3.0225549,True,0.43498972,37,2.5097984485459293,0.37567968128542,0.3746461124280321,0.2009957980637364,-0.05036424,-0.752829,-0.5881369,0.016475333,-0.07778951,-1.8031214
PATU8988S_PANCREAS,ACH-000022,PATU8988S_PANCREAS,pancreas,,0.5326264458747405,0.4673735541252595,0.606816550279699,,False,True,False,False,Figshare all_CL_features.rds v3,interpretation_only_not_model_input,3,2.4170814,5.579691,4.348553,-5.2652874,-2.0389764,True,0.37141412,57,2.353998268139541,0.3313489738987252,0.3322455928271379,0.1545847312582351,0.0034632813,-0.22651175,-0.13752262,0.07726569,-0.01807168,-1.9364325
PC3_PROSTATE,ACH-000090,PC3_PROSTATE,prostate,,0.9039085779205048,0.0960914220794952,0.808707494891658,0.97985,False,False,False,False,Figshare all_CL_features.rds v3,interpretation_only_not_model_input,2,10.5675335,-4.37394,-0.5672149,5.511891,0.8223359,False,0.25813052,67,2.4530208140639673,0.2716982604189979,0.2713803136734897,-0.0623885652166841,-0.05419574,-0.03938862,-0.018785983,-0.040605083,-0.052126214,-0.316927
QGP1_PANCREAS,ACH-000347,QGP1_PANCREAS,pancreas,,0.5709870745303858,0.4290129254696142,0.63105515228602,,False,True,False,False,Figshare all_CL_features.rds v3,interpretation_only_not_model_input,4,-15.793011,-7.462335,-5.23928,17.13844,10.743783,True,0.52956367,26,3.353377734757344,0.4961372051070837,0.4947482420270278,0.020763177220981,-0.22363941,-0.92845935,-0.76429707,-0.3093339,-0.3019912,-2.7022102
RCC10RGB_KIDNEY,ACH-000189,RCC10RGB_KIDNEY,kidney,,0.6912541322205652,0.3087458677794348,0.660963924253193,0.765542,False,False,False,False,Figshare all_CL_features.rds v3,interpretation_only_not_model_input,0,-0.8344111,2.563892,1.9391187,-7.8702064,-1.4849211,False,0.32115364,53,1.5779985803075782,0.280460508656008,0.2834337566664353,0.1446290209427117,-0.00012659223,-0.46257854,-0.40366822,0.045521747,0.05133114,-1.3020256
RH30_SOFT_TISSUE,ACH-000833,RH30_SOFT_TISSUE,rhabdomyosarcoma,,0.6101821556124891,0.3898178443875109,0.643352463032087,,False,False,False,False,Figshare all_CL_features.rds v3,interpretation_only_not_model_input,4,8.719925,-1.883939,-0.9038803,2.0398154,0.2791241,False,0.2644235,60,2.6014693666081508,0.2569149419319056,0.2564275257640085,0.0837607259576581,-0.040090315,-0.06782833,-0.050868463,0.009464092,0.058961328,-1.2074376
SKMEL24_SKIN,ACH-000822,SKMEL24_SKIN,skin,melanoma,0.3603228785251275,0.6396771214748724,0.500288311003867,0.221386,True,False,False,False,Figshare all_CL_features.rds v3,interpretation_only_not_model_input,3,-16.83732,-5.8274593,-1.4622666,-8.216877,-7.2958426,True,0.44627237,64,2.4674065900642836,0.3847061338625806,0.3851105932881572,0.2285096880546226,-0.15788722,-0.7088573,-0.533183,-0.13930833,-0.03544721,-2.833486
SKUT1_SOFT_TISSUE,ACH-000939,SKUT1_SOFT_TISSUE,soft_tissue,leiomyosarcoma,0.8075376271303685,0.1924623728696315,0.734213465707432,0.905823,False,False,False,False,Figshare all_CL_features.rds v3,interpretation_only_not_model_input,1,7.430836,-1.3549759,1.4619498,0.7387311,-0.4823218,False,0.30318758,68,2.6835154344046432,0.2754217095046448,0.277178880440213,0.1484476713000484,-0.051802453,-0.12132126,-0.084529474,-0.040208496,-0.023684287,-1.954818
SNB75_CENTRAL_NERVOUS_SYSTEM,ACH-000504,SNB75_CENTRAL_NERVOUS_SYSTEM,central_nervous_system,glioma,0.7796397720078305,0.2203602279921694,0.744194859787596,0.812996,False,False,False,False,Figshare all_CL_features.rds v3,interpretation_only_not_model_input,4,7.366887,-2.4803555,-1.3148748,0.89816827,-0.36294514,False,0.35930222,60,1.9817625490014945,0.3441076642421314,0.3421240435779745,0.0345479342138233,-0.06985611,-0.15795694,-0.11883779,-0.016537473,-0.038719367,-1.2811314
SNU1041_UPPER_AERODIGESTIVE_TRACT,ACH-000618,SNU1041_UPPER_AERODIGESTIVE_TRACT,upper_aerodigestive,upper_aerodigestive_squamous,0.8771394633621455,0.1228605366378544,0.820399970611821,,False,False,False,False,Figshare all_CL_features.rds v3,interpretation_only_not_model_input,2,-6.2787857,8.000916,2.1489642,-4.1188726,-1.8696743,False,0.40941718,52,2.3578890503775254,0.3575739744821619,0.3581874730633254,0.1164914588573064,-0.069192216,-0.51816016,-0.37514752,-0.011686046,0.04509835,-2.0986638
SNU1105_CENTRAL_NERVOUS_SYSTEM,ACH-000368,SNU1105_CENTRAL_NERVOUS_SYSTEM,central_nervous_system,glioma,0.7167178868782121,0.2832821131217878,0.70119424823369,,False,False,False,False,Figshare all_CL_features.rds v3,interpretation_only_not_model_input,2,3.6053119,-1.7733943,-1.7362665,-2.3124006,0.14682528,False,0.36958158,37,1.9186209136068058,0.3365746904246899,0.336514354539369,0.1260270948030131,-0.08119947,-0.32291675,-0.22737102,-0.058545813,0.05096377,-1.628796
SNU1214_UPPER_AERODIGESTIVE_TRACT,ACH-000715,SNU1214_UPPER_AERODIGESTIVE_TRACT,upper_aerodigestive,upper_aerodigestive_squamous,0.4297089981434639,0.5702910018565361,0.544400665769965,,False,False,False,False,Figshare all_CL_features.rds v3,interpretation_only_not_model_input,1,-21.655487,40.678062,30.119818,38.234837,-24.461136,False,0.61708075,21,1.9946487155676176,0.5715313341015437,0.5724743722709886,0.1098966202300877,-0.17369686,-0.6478797,-0.39864323,-0.057090398,-0.25230536,-2.5221617
SNU245_BILIARY_TRACT,ACH-000268,SNU245_BILIARY_TRACT,bile_duct,cholangiocarcinoma,0.5208547086473753,0.4791452913526247,0.600176212712626,,False,False,False,False,Figshare all_CL_features.rds v3,interpretation_only_not_model_input,4,-2.6267798,0.06717377,1.9468976,0.63264126,2.2936158,False,0.38996658,38,1.9621353924997416,0.3518533732425059,0.3527835995720151,0.1145591244466258,-0.1064355,-0.5127066,-0.43552834,-0.09960491,-0.14715041,-1.6954379
SNU685_ENDOMETRIUM,ACH-000407,SNU685_ENDOMETRIUM,uterus,uterus_endometrium,0.7159669690432563,0.2840330309567437,0.700108618974883,,False,False,False,False,Figshare all_CL_features.rds v3,interpretation_only_not_model_input,0,6.2674227,-2.5512547,0.9879666,1.2468202,0.34573406,False,0.30748248,42,2.7414877094722665,0.2921890540661078,0.2923228501922681,0.1242264866524271,-0.12439383,-0.11985505,-0.13697459,-0.061282165,0.015988585,-1.7945207
SW480_LARGE_INTESTINE,ACH-000842,SW480_LARGE_INTESTINE,colorectal,,0.4371310398876486,0.5628689601123513,0.54608178673312,,False,True,False,False,Figshare all_CL_features.rds v3,interpretation_only_not_model_input,3,-0.05255522,1.5584981,4.499944,-11.83018,-1.2335418,True,0.4679775,23,3.0422921759531336,0.4399655368005388,0.4399482517446909,0.0431031760252197,-0.05605246,-0.36091942,-0.25337005,0.021630052,-0.0071711005,-2.8729782
SW48_LARGE_INTESTINE,ACH-000958,SW48_LARGE_INTESTINE,colorectal,colorectal_MSI,0.649982039230214,0.350017960769786,0.734548129285794,0.460759,False,False,False,False,Figshare all_CL_features.rds v3,interpretation_only_not_model_input,2,3.8513658,-3.1160886,-3.3190658,6.949299,1.7572947,False,0.44944462,25,2.2041505832549655,0.4279884653427465,0.4282740602984247,0.0549656158826768,-0.12859894,-0.40453875,-0.25647303,-0.20075956,-0.23760393,-1.6551254
SW579_THYROID,ACH-000163,SW579_THYROID,thyroid,,0.56157109081317,0.43842890918683,0.626640445258199,,False,False,False,False,Figshare all_CL_features.rds v3,interpretation_only_not_model_input,2,2.6915636,4.027687,-0.033453375,-6.498112,-3.0986493,False,0.42609674,36,2.3417037603343593,0.3928988589583678,0.3934214637519495,0.101934198345531,-0.034290846,-0.35294098,-0.21230796,0.1401048,0.19544964,-1.2435154
SW900_LUNG,ACH-000669,SW900_LUNG,lung,lung_NSC,0.6620321770286478,0.3379678229713522,0.734841427257028,0.490368,False,True,False,False,Figshare all_CL_features.rds v3,interpretation_only_not_model_input,3,-15.490856,4.10472,0.67439663,-10.705743,2.0375001,True,0.43920118,37,2.8761864060686624,0.381134720352271,0.3810141332917217,0.0590325604186954,-0.07846369,-0.9483113,-0.74802184,-0.001941959,-0.10731478,-1.7835402
TE11_OESOPHAGUS,ACH-000488,TE11_OESOPHAGUS,esophagus,esophagus_squamous,0.8484525598914794,0.1515474401085206,0.799608830622731,0.894568,False,False,False,False,Figshare all_CL_features.rds v3,interpretation_only_not_model_input,4,5.539256,3.0630033,1.694926,1.1582415,-0.98143536,False,0.30824754,84,1.8675206749252995,0.2939483794897281,0.2949661815917082,0.0672161621588599,-0.012748646,-0.092457764,-0.03592427,-0.06109636,-0.08664445,-1.650132
TE6_OESOPHAGUS,ACH-000605,TE6_OESOPHAGUS,esophagus,esophagus_squamous,0.8634467164968769,0.1365532835031231,0.773802080937673,0.952388,False,False,False,False,Figshare all_CL_features.rds v3,interpretation_only_not_model_input,0,3.3400779,2.8260972,1.8816494,-0.075342126,-0.9866765,False,0.3736052,35,2.4574486544147796,0.3492057953410593,0.3480928681801988,0.0541978113605745,-0.038812485,-0.1899523,-0.1653255,-0.017765999,-0.098358154,-2.3287137
TEN_ENDOMETRIUM,ACH-000397,TEN_ENDOMETRIUM,uterus,uterus_endometrium,1.14850034304127,-0.1485003430412701,1.30847686868859,,False,False,False,False,Figshare all_CL_features.rds v3,interpretation_only_not_model_input,1,6.745848,0.9213761,0.67560375,2.7797973,1.002025,False,0.32385758,35,3.3930250805088695,0.3030199241699239,0.3031699781108278,0.0903028622078979,-0.049659047,-0.11241407,-0.06674176,-0.084805675,-0.05894524,-1.8140657
TUHR4TKB_KIDNEY,ACH-000495,TUHR4TKB_KIDNEY,kidney,,0.883374268226462,0.1166257317735379,0.826454825394197,,False,False,False,False,Figshare all_CL_features.rds v3,interpretation_only_not_model_input,1,4.8353496,-1.2658887,-0.07153156,-2.9021847,-0.5627548,False,0.35107237,35,1.4523697383632084,0.3260798575495781,0.3269076997780604,0.1209728703290595,-0.063513115,-0.28121156,-0.19996111,0.012831586,-0.023966862,-1.6474228
UACC257_SKIN,ACH-000579,UACC257_SKIN,skin,melanoma,0.3192344962356939,0.6807655037643061,0.499567482082074,0.113417,True,False,False,False,Figshare all_CL_features.rds v3,interpretation_only_not_model_input,0,-20.862833,-10.816139,2.123195,-7.606026,-2.1884637,True,0.4434621,67,1.8561621014862553,0.3737192638156761,0.3748210022901477,0.2294646757399545,-0.08528292,-1.3067112,-1.0846894,-0.13217264,-0.039174322,-1.6311388
