outer_fold,model,inner_fold,control_dimension,response_rank,alpha,mean_rmse,n_validation_lines
0,CCLR,0,5,2,0.01,0.3338660093867635,19
0,CCLR,0,5,2,0.1,0.33386276884827737,19
0,CCLR,0,5,2,1.0,0.3338314907752541,19
0,CCLR,0,5,2,10.0,0.3336068662136457,19
0,CCLR,0,5,2,100.0,0.33340278431107206,19
0,CCLR,0,5,5,0.01,0.3348150150292185,19
0,CCLR,0,5,5,0.1,0.33480620684895185,19
0,CCLR,0,5,5,1.0,0.3347209200584569,19
0,CCLR,0,5,5,10.0,0.3340885805267611,19
0,CCLR,0,5,5,100.0,0.3331711926116972,19
0,CCLR,0,5,10,0.01,0.33592178361489927,19
0,CCLR,0,5,10,0.1,0.3359079448402724,19
0,CCLR,0,5,10,1.0,0.3357737790306953,19
0,CCLR,0,5,10,10.0,0.33476666496864266,19
0,CCLR,0,5,10,100.0,0.3331033610397347,19
0,CCLR,0,5,20,0.01,0.3364383200961087,19
0,CCLR,0,5,20,0.1,0.33642012907274405,19
0,CCLR,0,5,20,1.0,0.3362437871574381,19
0,CCLR,0,5,20,10.0,0.33492175911275934,19
0,CCLR,0,5,20,100.0,0.33278254999808726,19
0,CCLR,0,10,2,0.01,0.3339820007928638,19
0,CCLR,0,10,2,0.1,0.3339777294991191,19
0,CCLR,0,10,2,1.0,0.33393647149877326,19
0,CCLR,0,10,2,10.0,0.3336378564911083,19
0,CCLR,0,10,2,100.0,0.33332521184515423,19
0,CCLR,0,10,5,0.01,0.3374910244075484,19
0,CCLR,0,10,5,0.1,0.33747272720816773,19
0,CCLR,0,10,5,1.0,0.3372950467211792,19
0,CCLR,0,10,5,10.0,0.3359401887675389,19
0,CCLR,0,10,5,100.0,0.3333715747266384,19
0,CCLR,0,10,10,0.01,0.3397961685488761,19
0,CCLR,0,10,10,0.1,0.3397682468983296,19
0,CCLR,0,10,10,1.0,0.3394969612002683,19
0,CCLR,0,10,10,10.0,0.3374181605103829,19
0,CCLR,0,10,10,100.0,0.33333364936919635,19
0,CCLR,0,10,20,0.01,0.34056078620040986,19
0,CCLR,0,10,20,0.1,0.34052667525478797,19
0,CCLR,0,10,20,1.0,0.34019539482724337,19
0,CCLR,0,10,20,10.0,0.3376675451227244,19
0,CCLR,0,10,20,100.0,0.332892238579852,19
0,CCLR,0,20,2,0.01,0.3345529984655333,19
0,CCLR,0,20,2,0.1,0.3345470781277074,19
0,CCLR,0,20,2,1.0,0.3344897305877258,19
0,CCLR,0,20,2,10.0,0.33406291967491136,19
0,CCLR,0,20,2,100.0,0.33342094860746996,19
0,CCLR,0,20,5,0.01,0.33862643844384427,19
0,CCLR,0,20,5,0.1,0.3386038815373458,19
0,CCLR,0,20,5,1.0,0.3383847105803273,19
0,CCLR,0,20,5,10.0,0.33670478323406017,19
0,CCLR,0,20,5,100.0,0.3334081853611554,19
0,CCLR,0,20,10,0.01,0.34151707062782466,19
0,CCLR,0,20,10,0.1,0.3414829271995368,19
0,CCLR,0,20,10,1.0,0.3411510331070996,19
0,CCLR,0,20,10,10.0,0.33859671094221183,19
0,CCLR,0,20,10,100.0,0.33342802759851103,19
0,CCLR,0,20,20,0.01,0.3433470131713319,19
0,CCLR,0,20,20,0.1,0.3433028463992011,19
0,CCLR,0,20,20,1.0,0.3428736072211475,19
0,CCLR,0,20,20,10.0,0.3395771403418158,19
0,CCLR,0,20,20,100.0,0.33304972478688005,19
0,CCLR,0,30,2,0.01,0.3343703010762098,19
0,CCLR,0,30,2,0.1,0.3343653274929779,19
0,CCLR,0,30,2,1.0,0.3343171702629612,19
0,CCLR,0,30,2,10.0,0.33396019714655695,19
0,CCLR,0,30,2,100.0,0.3334478237944083,19
0,CCLR,0,30,5,0.01,0.33864972720838027,19
0,CCLR,0,30,5,0.1,0.33862719489425824,19
0,CCLR,0,30,5,1.0,0.338408240270542,19
0,CCLR,0,30,5,10.0,0.33672847649148024,19
0,CCLR,0,30,5,100.0,0.33341831617388373,19
0,CCLR,0,30,10,0.01,0.3417428606197113,19
0,CCLR,0,30,10,0.1,0.34170795993100006,19
0,CCLR,0,30,10,1.0,0.3413686782577744,19
0,CCLR,0,30,10,10.0,0.3387556477577462,19
0,CCLR,0,30,10,100.0,0.3334453872726854,19
0,CCLR,0,30,20,0.01,0.3438763824128963,19
0,CCLR,0,30,20,0.1,0.34383031918479134,19
0,CCLR,0,30,20,1.0,0.3433826030082341,19
0,CCLR,0,30,20,10.0,0.3399409391883014,19
0,CCLR,0,30,20,100.0,0.3330795841669244,19
0,CCLR,1,5,2,0.01,0.3188192454256808,18
0,CCLR,1,5,2,0.1,0.31881385008692537,18
0,CCLR,1,5,2,1.0,0.3187615323541791,18
0,CCLR,1,5,2,10.0,0.3183681575174639,18
0,CCLR,1,5,2,100.0,0.3177178316170277,18
0,CCLR,1,5,5,0.01,0.31938365125315865,18
0,CCLR,1,5,5,0.1,0.3193743826625363,18
0,CCLR,1,5,5,1.0,0.31928449954715143,18
0,CCLR,1,5,5,10.0,0.31860826331270986,18
0,CCLR,1,5,5,100.0,0.31748932394566876,18
0,CCLR,1,5,10,0.01,0.32072226925851066,18
0,CCLR,1,5,10,0.1,0.320705733997018,18
0,CCLR,1,5,10,1.0,0.32054528807982985,18
0,CCLR,1,5,10,10.0,0.31933149512614345,18
0,CCLR,1,5,10,100.0,0.31722201233059155,18
0,CCLR,1,5,20,0.01,0.3222692912668871,18
0,CCLR,1,5,20,0.1,0.32224417609448053,18
0,CCLR,1,5,20,1.0,0.3220004069053905,18
0,CCLR,1,5,20,10.0,0.3201515304014928,18
0,CCLR,1,5,20,100.0,0.3168810763722123,18
0,CCLR,1,10,2,0.01,0.32002393188543143,18
0,CCLR,1,10,2,0.1,0.32001343101592294,18
0,CCLR,1,10,2,1.0,0.31991146905448836,18
0,CCLR,1,10,2,10.0,0.3191348645338241,18
0,CCLR,1,10,2,100.0,0.31768880970911056,18
0,CCLR,1,10,5,0.01,0.3211445254893333,18
0,CCLR,1,10,5,0.1,0.32112794143260476,18
0,CCLR,1,10,5,1.0,0.3209669095633525,18
0,CCLR,1,10,5,10.0,0.31974035332570855,18
0,CCLR,1,10,5,100.0,0.31746566365676365,18
0,CCLR,1,10,10,0.01,0.3236945656213162,18
0,CCLR,1,10,10,0.1,0.3236664826441963,18
0,CCLR,1,10,10,1.0,0.3233936383464981,18
0,CCLR,1,10,10,10.0,0.32130442724519365,18
0,CCLR,1,10,10,100.0,0.3172819482730594,18
0,CCLR,1,10,20,0.01,0.32605933886368554,18
0,CCLR,1,10,20,0.1,0.3260193405947561,18
0,CCLR,1,10,20,1.0,0.3256306844556251,18
0,CCLR,1,10,20,10.0,0.3226520571688314,18
0,CCLR,1,10,20,100.0,0.3169189697041426,18
0,CCLR,1,20,2,0.01,0.31931463607390703,18
0,CCLR,1,20,2,0.1,0.3193030943964091,18
0,CCLR,1,20,2,1.0,0.31919125743764115,18
0,CCLR,1,20,2,10.0,0.31835689607321765,18
0,CCLR,1,20,2,100.0,0.3171151384276127,18
0,CCLR,1,20,5,0.01,0.32080889871047263,18
0,CCLR,1,20,5,0.1,0.32078970890392067,18
0,CCLR,1,20,5,1.0,0.3206035785672508,18
0,CCLR,1,20,5,10.0,0.3192013358103603,18
0,CCLR,1,20,5,100.0,0.31688343757507315,18
0,CCLR,1,20,10,0.01,0.32481408259393874,18
0,CCLR,1,20,10,0.1,0.3247784184920821,18
0,CCLR,1,20,10,1.0,0.32443195606427655,18
0,CCLR,1,20,10,10.0,0.32178286810288037,18
0,CCLR,1,20,10,100.0,0.3168073971058759,18
0,CCLR,1,20,20,0.01,0.32826287393047116,18
0,CCLR,1,20,20,0.1,0.32821156172576393,18
0,CCLR,1,20,20,1.0,0.32771287528563897,18
0,CCLR,1,20,20,10.0,0.32388549253820287,18
0,CCLR,1,20,20,100.0,0.3165158730860591,18
0,CCLR,1,30,2,0.01,0.3193967453281065,18
0,CCLR,1,30,2,0.1,0.31938508248638975,18
0,CCLR,1,30,2,1.0,0.31927204903876416,18
0,CCLR,1,30,2,10.0,0.31842715145270856,18
0,CCLR,1,30,2,100.0,0.31714469061352557,18
0,CCLR,1,30,5,0.01,0.3207442584753255,18
0,CCLR,1,30,5,0.1,0.32072554570454537,18
0,CCLR,1,30,5,1.0,0.3205440364488102,18
0,CCLR,1,30,5,10.0,0.3191762549328765,18
0,CCLR,1,30,5,100.0,0.31691328082558307,18
0,CCLR,1,30,10,0.01,0.3253083919039696,18
0,CCLR,1,30,10,0.1,0.32527115212683266,18
0,CCLR,1,30,10,1.0,0.3249092971854584,18
0,CCLR,1,30,10,10.0,0.32213654675470127,18
0,CCLR,1,30,10,100.0,0.3168521895002465,18
0,CCLR,1,30,20,0.01,0.3292580170982824,18
0,CCLR,1,30,20,0.1,0.32920340848678875,18
0,CCLR,1,30,20,1.0,0.3286725481107952,18
0,CCLR,1,30,20,10.0,0.32458852906627017,18
0,CCLR,1,30,20,100.0,0.31659413417608806,18
0,CCLR,2,5,2,0.01,0.3156608607563835,19
0,CCLR,2,5,2,0.1,0.3156543395676417,19
0,CCLR,2,5,2,1.0,0.31559113413787193,19
0,CCLR,2,5,2,10.0,0.31511782086682427,19
0,CCLR,2,5,2,100.0,0.31435088319963983,19
0,CCLR,2,5,5,0.01,0.3164514402566183,19
0,CCLR,2,5,5,0.1,0.31644066372682667,19
0,CCLR,2,5,5,1.0,0.31633616078712645,19
0,CCLR,2,5,5,10.0,0.315549687341309,19
0,CCLR,2,5,5,100.0,0.31421113287837266,19
0,CCLR,2,5,10,0.01,0.31801508922945,19
0,CCLR,2,5,10,0.1,0.3179971611366042,19
0,CCLR,2,5,10,1.0,0.3178231663858347,19
0,CCLR,2,5,10,10.0,0.31650361730758614,19
0,CCLR,2,5,10,100.0,0.31410540919526675,19
0,CCLR,2,5,20,0.01,0.3190181317263338,19
0,CCLR,2,5,20,0.1,0.31899472277574276,19
0,CCLR,2,5,20,1.0,0.31876751456593283,19
0,CCLR,2,5,20,10.0,0.3170432060582035,19
0,CCLR,2,5,20,100.0,0.3139067134123154,19
0,CCLR,2,10,2,0.01,0.31633786173228196,19
0,CCLR,2,10,2,0.1,0.31632916786664544,19
0,CCLR,2,10,2,1.0,0.3162447398573973,19
0,CCLR,2,10,2,10.0,0.3156010537568716,19
0,CCLR,2,10,2,100.0,0.31440881035261564,19
0,CCLR,2,10,5,0.01,0.3176966827955947,19
0,CCLR,2,10,5,0.1,0.31768135160156796,19
0,CCLR,2,10,5,1.0,0.31753246322822676,19
0,CCLR,2,10,5,10.0,0.3163967282625222,19
0,CCLR,2,10,5,100.0,0.314260284207789,19
0,CCLR,2,10,10,0.01,0.31921828648035877,19
0,CCLR,2,10,10,0.1,0.3191947940733395,19
0,CCLR,2,10,10,1.0,0.31896664988611784,19
0,CCLR,2,10,10,10.0,0.31722673820773223,19
0,CCLR,2,10,10,100.0,0.3139737022361821,19
0,CCLR,2,10,20,0.01,0.32119258037677145,19
0,CCLR,2,10,20,0.1,0.3211596956140877,19
0,CCLR,2,10,20,1.0,0.32084027338214777,19
0,CCLR,2,10,20,10.0,0.31839975369608203,19
0,CCLR,2,10,20,100.0,0.31377510553147187,19
0,CCLR,2,20,2,0.01,0.31648698527837943,19
0,CCLR,2,20,2,0.1,0.31647715240402585,19
0,CCLR,2,20,2,1.0,0.3163816979098144,19
0,CCLR,2,20,2,10.0,0.31565631346732487,19
0,CCLR,2,20,2,100.0,0.31433996250920254,19
0,CCLR,2,20,5,0.01,0.31830532208325346,19
0,CCLR,2,20,5,0.1,0.3182875609638186,19
0,CCLR,2,20,5,1.0,0.3181150405817746,19
0,CCLR,2,20,5,10.0,0.3167964697218251,19
0,CCLR,2,20,5,100.0,0.3142694223093416,19
0,CCLR,2,20,10,0.01,0.3204166944723349,19
0,CCLR,2,20,10,0.1,0.32038763185849184,19
0,CCLR,2,20,10,1.0,0.3201053530282091,19
0,CCLR,2,20,10,10.0,0.31794968251627204,19
0,CCLR,2,20,10,100.0,0.31387309701150107,19
0,CCLR,2,20,20,0.01,0.32328627115147723,19
0,CCLR,2,20,20,0.1,0.32324403742960417,19
0,CCLR,2,20,20,1.0,0.3228337066753367,19
0,CCLR,2,20,20,10.0,0.3196917438731607,19
0,CCLR,2,20,20,100.0,0.3136445647183754,19
0,CCLR,2,30,2,0.01,0.3155829046453695,19
0,CCLR,2,30,2,0.1,0.31557487956056923,19
0,CCLR,2,30,2,1.0,0.3154971513303015,19
0,CCLR,2,30,2,10.0,0.3149194085351308,19
0,CCLR,2,30,2,100.0,0.3140788174855352,19
0,CCLR,2,30,5,0.01,0.31719258691515273,19
0,CCLR,2,30,5,0.1,0.3171768243406776,19
0,CCLR,2,30,5,1.0,0.31702394402805806,19
0,CCLR,2,30,5,10.0,0.31587199602493765,19
0,CCLR,2,30,5,100.0,0.3139202299570336,19
0,CCLR,2,30,10,0.01,0.3196721096308587,19
0,CCLR,2,30,10,0.1,0.31964369828802897,19
0,CCLR,2,30,10,1.0,0.31936794059608414,19
0,CCLR,2,30,10,10.0,0.3172763478738124,19
0,CCLR,2,30,10,100.0,0.3135449905182521,19
0,CCLR,2,30,20,0.01,0.3233245231941087,19
0,CCLR,2,30,20,0.1,0.32327997247744084,19
0,CCLR,2,30,20,1.0,0.32284726219709253,19
0,CCLR,2,30,20,10.0,0.3195436930940136,19
0,CCLR,2,30,20,100.0,0.3133429610755993,19
0,CCLR,3,5,2,0.01,0.33685403112585605,19
0,CCLR,3,5,2,0.1,0.33684946401065813,19
0,CCLR,3,5,2,1.0,0.33680526972942,19
0,CCLR,3,5,2,10.0,0.33647961924183106,19
0,CCLR,3,5,2,100.0,0.3360410195703847,19
0,CCLR,3,5,5,0.01,0.3374168802608914,19
0,CCLR,3,5,5,0.1,0.3374086741479118,19
0,CCLR,3,5,5,1.0,0.3373291925284642,19
0,CCLR,3,5,5,10.0,0.33673812815779147,19
0,CCLR,3,5,5,100.0,0.335854139093132,19
0,CCLR,3,5,10,0.01,0.33843861774895784,19
0,CCLR,3,5,10,0.1,0.33842416902442346,19
0,CCLR,3,5,10,1.0,0.33828412954979564,19
0,CCLR,3,5,10,10.0,0.3372359641690299,19
0,CCLR,3,5,10,100.0,0.3355633492016584,19
0,CCLR,3,5,20,0.01,0.33970622596189276,19
0,CCLR,3,5,20,0.1,0.3396858803555317,19
0,CCLR,3,5,20,1.0,0.3394885316948722,19
0,CCLR,3,5,20,10.0,0.3380003029215115,19
0,CCLR,3,5,20,100.0,0.33545781099557487,19
0,CCLR,3,10,2,0.01,0.3367684008607991,19
0,CCLR,3,10,2,0.1,0.3367636848483,19
0,CCLR,3,10,2,1.0,0.3367180735922914,19
0,CCLR,3,10,2,10.0,0.3363838021916139,19
0,CCLR,3,10,2,100.0,0.33596799762048396,19
0,CCLR,3,10,5,0.01,0.33761560115300077,19
0,CCLR,3,10,5,0.1,0.3376059151526225,19
0,CCLR,3,10,5,1.0,0.33751209188254955,19
0,CCLR,3,10,5,10.0,0.3368137923022862,19
0,CCLR,3,10,5,100.0,0.33576017654774126,19
0,CCLR,3,10,10,0.01,0.3389687929328989,19
0,CCLR,3,10,10,0.1,0.3389511373784327,19
0,CCLR,3,10,10,1.0,0.33877999056557734,19
0,CCLR,3,10,10,10.0,0.33749709227077535,19
0,CCLR,3,10,10,100.0,0.33541878799318176,19
0,CCLR,3,10,20,0.01,0.34086208346172997,19
0,CCLR,3,10,20,0.1,0.3408356351732367,19
0,CCLR,3,10,20,1.0,0.34057903468218326,19
0,CCLR,3,10,20,10.0,0.3386398889028793,19
0,CCLR,3,10,20,100.0,0.33526323034491307,19
0,CCLR,3,20,2,0.01,0.3363064082063663,19
0,CCLR,3,20,2,0.1,0.33630158532553217,19
0,CCLR,3,20,2,1.0,0.3362550774836122,19
0,CCLR,3,20,2,10.0,0.33592434993154446,19
0,CCLR,3,20,2,100.0,0.33568524614934947,19
0,CCLR,3,20,5,0.01,0.3372028059144629,19
0,CCLR,3,20,5,0.1,0.33719262620917745,19
0,CCLR,3,20,5,1.0,0.33709415864831627,19
0,CCLR,3,20,5,10.0,0.3363714828104358,19
0,CCLR,3,20,5,100.0,0.33545217826571955,19
0,CCLR,3,20,10,0.01,0.3390463983858243,19
0,CCLR,3,20,10,0.1,0.339026034712385,19
0,CCLR,3,20,10,1.0,0.3388287267368857,19
0,CCLR,3,20,10,10.0,0.3373564516032452,19
0,CCLR,3,20,10,100.0,0.33508428035884835,19
0,CCLR,3,20,20,0.01,0.34231258181190105,19
0,CCLR,3,20,20,0.1,0.34227853890697996,19
0,CCLR,3,20,20,1.0,0.34194818116864995,19
0,CCLR,3,20,20,10.0,0.33944653015379533,19
0,CCLR,3,20,20,100.0,0.3350229911250235,19
0,CCLR,3,30,2,0.01,0.3362594196790295,19
0,CCLR,3,30,2,0.1,0.3362546068582656,19
0,CCLR,3,30,2,1.0,0.336208212215515,19
0,CCLR,3,30,2,10.0,0.33587944668063063,19
0,CCLR,3,30,2,100.0,0.33566016443186497,19
0,CCLR,3,30,5,0.01,0.3368868827355842,19
0,CCLR,3,30,5,0.1,0.3368776967840242,19
0,CCLR,3,30,5,1.0,0.3367889168983269,19
0,CCLR,3,30,5,10.0,0.33614281779849287,19
0,CCLR,3,30,5,100.0,0.3354105561583865,19
0,CCLR,3,30,10,0.01,0.3390278985608575,19
0,CCLR,3,30,10,0.1,0.3390073775945238,19
0,CCLR,3,30,10,1.0,0.3388085533401839,19
0,CCLR,3,30,10,10.0,0.3373256049698243,19
0,CCLR,3,30,10,100.0,0.33505072932618973,19
0,CCLR,3,30,20,0.01,0.3435168763101786,19
0,CCLR,3,30,20,0.1,0.3434786116440355,19
0,CCLR,3,30,20,1.0,0.3431071293349847,19
0,CCLR,3,30,20,10.0,0.3402828200094148,19
0,CCLR,3,30,20,100.0,0.3351160115085211,19
1,CCLR,0,5,2,0.01,0.3225144573844661,19
1,CCLR,0,5,2,0.1,0.3225100826443139,19
1,CCLR,0,5,2,1.0,0.3224676624997496,19
1,CCLR,0,5,2,10.0,0.32214857987872325,19
1,CCLR,0,5,2,100.0,0.32160555543596464,19
1,CCLR,0,5,5,0.01,0.32344896699743353,19
1,CCLR,0,5,5,0.1,0.3234396254324658,19
1,CCLR,0,5,5,1.0,0.3233490015624108,19
1,CCLR,0,5,5,10.0,0.32266424994913406,19
1,CCLR,0,5,5,100.0,0.3214497581887525,19
1,CCLR,0,5,10,0.01,0.3249149782980827,19
1,CCLR,0,5,10,0.1,0.3248979797137287,19
1,CCLR,0,5,10,1.0,0.3247330209910282,19
1,CCLR,0,5,10,10.0,0.32348297378551644,19
1,CCLR,0,5,10,100.0,0.3212193840671224,19
1,CCLR,0,5,20,0.01,0.32480216679334445,19
1,CCLR,0,5,20,0.1,0.3247801227211612,19
1,CCLR,0,5,20,1.0,0.32456647212487083,19
1,CCLR,0,5,20,10.0,0.32296788129552645,19
1,CCLR,0,5,20,100.0,0.3204342911855209,19
1,CCLR,0,10,2,0.01,0.3228913325118783,19
1,CCLR,0,10,2,0.1,0.32288550811793254,19
1,CCLR,0,10,2,1.0,0.32282898692493417,19
1,CCLR,0,10,2,10.0,0.3224006126506101,19
1,CCLR,0,10,2,100.0,0.3216199963658561,19
1,CCLR,0,10,5,0.01,0.3243105331704589,19
1,CCLR,0,10,5,0.1,0.32429730637441023,19
1,CCLR,0,10,5,1.0,0.3241689311014481,19
1,CCLR,0,10,5,10.0,0.3231946152033449,19
1,CCLR,0,10,5,100.0,0.3214011406826714,19
1,CCLR,0,10,10,0.01,0.32745872768928247,19
1,CCLR,0,10,10,0.1,0.3274313353329943,19
1,CCLR,0,10,10,1.0,0.32716529113042947,19
1,CCLR,0,10,10,10.0,0.3251334094752254,19
1,CCLR,0,10,10,100.0,0.3212189424990825,19
1,CCLR,0,10,20,0.01,0.3282673072924003,19
1,CCLR,0,10,20,0.1,0.3282320653000403,19
1,CCLR,0,10,20,1.0,0.3278899738726593,19
1,CCLR,0,10,20,10.0,0.3252920725966904,19
1,CCLR,0,10,20,100.0,0.32056448693288986,19
1,CCLR,0,20,2,0.01,0.32135837792952016,19
1,CCLR,0,20,2,0.1,0.32135419415738276,19
1,CCLR,0,20,2,1.0,0.3213139511386574,19
1,CCLR,0,20,2,10.0,0.32103524809965545,19
1,CCLR,0,20,2,100.0,0.3209611044806026,19
1,CCLR,0,20,5,0.01,0.3223261820762556,19
1,CCLR,0,20,5,0.1,0.32231582834840294,19
1,CCLR,0,20,5,1.0,0.3222157546399391,19
1,CCLR,0,20,5,10.0,0.321486971622776,19
1,CCLR,0,20,5,100.0,0.32065446643210693,19
1,CCLR,0,20,10,0.01,0.3267171535203268,19
1,CCLR,0,20,10,0.1,0.3266879991203207,19
1,CCLR,0,20,10,1.0,0.32640513204466437,19
1,CCLR,0,20,10,10.0,0.32426666297638773,19
1,CCLR,0,20,10,100.0,0.3205302754707839,19
1,CCLR,0,20,20,0.01,0.3279698222064835,19
1,CCLR,0,20,20,0.1,0.32793071652942385,19
1,CCLR,0,20,20,1.0,0.32755136338474844,19
1,CCLR,0,20,20,10.0,0.32468919149731756,19
1,CCLR,0,20,20,100.0,0.3198294980075406,19
1,CCLR,0,30,2,0.01,0.3212009346315861,19
1,CCLR,0,30,2,0.1,0.32119738191019537,19
1,CCLR,0,30,2,1.0,0.3211632718457957,19
1,CCLR,0,30,2,10.0,0.3209317506062314,19
1,CCLR,0,30,2,100.0,0.3209570263788484,19
1,CCLR,0,30,5,0.01,0.3220933011565926,19
1,CCLR,0,30,5,0.1,0.322083505605727,19
1,CCLR,0,30,5,1.0,0.32198888810071197,19
1,CCLR,0,30,5,10.0,0.32130433554445387,19
1,CCLR,0,30,5,100.0,0.3205983633482612,19
1,CCLR,0,30,10,0.01,0.3270676381023835,19
1,CCLR,0,30,10,0.1,0.32703705271212297,19
1,CCLR,0,30,10,1.0,0.3267402593858888,19
1,CCLR,0,30,10,10.0,0.3244935256287077,19
1,CCLR,0,30,10,100.0,0.32052619400321314,19
1,CCLR,0,30,20,0.01,0.32913248535203327,19
1,CCLR,0,30,20,0.1,0.329088880170941,19
1,CCLR,0,30,20,1.0,0.32866573348686023,19
1,CCLR,0,30,20,10.0,0.325462603086595,19
1,CCLR,0,30,20,100.0,0.31985811608190157,19
1,CCLR,1,5,2,0.01,0.300827476809091,19
1,CCLR,1,5,2,0.1,0.3008229779815402,19
1,CCLR,1,5,2,1.0,0.3007795028992118,19
1,CCLR,1,5,2,10.0,0.3004635011100871,19
1,CCLR,1,5,2,100.0,0.3001127084491408,19
1,CCLR,1,5,5,0.01,0.30257821689615644,19
1,CCLR,1,5,5,0.1,0.30256499437697953,19
1,CCLR,1,5,5,1.0,0.3024368125521122,19
1,CCLR,1,5,5,10.0,0.3014753434731303,19
1,CCLR,1,5,5,100.0,0.29990043378449716,19
1,CCLR,1,5,10,0.01,0.3038167161356881,19
1,CCLR,1,5,10,0.1,0.30379664258811573,19
1,CCLR,1,5,10,1.0,0.30360195287338626,19
1,CCLR,1,5,10,10.0,0.30213516952140657,19
1,CCLR,1,5,10,100.0,0.2996447414566955,19
1,CCLR,1,5,20,0.01,0.3043003098003087,19
1,CCLR,1,5,20,0.1,0.3042769056799546,19
1,CCLR,1,5,20,1.0,0.3040499092953908,19
1,CCLR,1,5,20,10.0,0.30233969247183384,19
1,CCLR,1,5,20,100.0,0.29944874476026934,19
1,CCLR,1,10,2,0.01,0.3020474837456748,19
1,CCLR,1,10,2,0.1,0.30203550700153214,19
1,CCLR,1,10,2,1.0,0.3019193992382832,19
1,CCLR,1,10,2,10.0,0.30104989714543945,19
1,CCLR,1,10,2,100.0,0.29973157676229184,19
1,CCLR,1,10,5,0.01,0.30505804808397413,19
1,CCLR,1,10,5,0.1,0.3050339017549736,19
1,CCLR,1,10,5,1.0,0.3047993829203028,19
1,CCLR,1,10,5,10.0,0.3030104276830576,19
1,CCLR,1,10,5,100.0,0.29972486008389393,19
1,CCLR,1,10,10,0.01,0.307515784316043,19
1,CCLR,1,10,10,0.1,0.30748026402269324,19
1,CCLR,1,10,10,1.0,0.30713520787593473,19
1,CCLR,1,10,10,10.0,0.304497456571242,19
1,CCLR,1,10,10,100.0,0.29952994539033606,19
1,CCLR,1,10,20,0.01,0.3093027659956074,19
1,CCLR,1,10,20,0.1,0.3092588407526571,19
1,CCLR,1,10,20,1.0,0.3088320474709876,19
1,CCLR,1,10,20,10.0,0.3055635228368482,19
1,CCLR,1,10,20,100.0,0.2993434060649572,19
1,CCLR,1,20,2,0.01,0.3027461747752496,19
1,CCLR,1,20,2,0.1,0.3027310790783397,19
1,CCLR,1,20,2,1.0,0.3025846376875799,19
1,CCLR,1,20,2,10.0,0.3014808032702353,19
1,CCLR,1,20,2,100.0,0.2996877288116624,19
1,CCLR,1,20,5,0.01,0.30747624453459715,19
1,CCLR,1,20,5,0.1,0.30744376628282777,19
1,CCLR,1,20,5,1.0,0.30712797227661803,19
1,CCLR,1,20,5,10.0,0.30469401395091233,19
1,CCLR,1,20,5,100.0,0.299878903535897,19
1,CCLR,1,20,10,0.01,0.31067233252514476,19
1,CCLR,1,20,10,0.1,0.3106260906134724,19
1,CCLR,1,20,10,1.0,0.3101764541664387,19
1,CCLR,1,20,10,10.0,0.3067089845158664,19
1,CCLR,1,20,10,100.0,0.2997641622728675,19
1,CCLR,1,20,20,0.01,0.3134418558039845,19
1,CCLR,1,20,20,0.1,0.3133842398156375,19
1,CCLR,1,20,20,1.0,0.3128238862551557,19
1,CCLR,1,20,20,10.0,0.3084941914065961,19
1,CCLR,1,20,20,100.0,0.2997109873114371,19
1,CCLR,1,30,2,0.01,0.303460412462982,19
1,CCLR,1,30,2,0.1,0.3034423029883735,19
1,CCLR,1,30,2,1.0,0.3032664787959884,19
1,CCLR,1,30,2,10.0,0.3019310756085913,19
1,CCLR,1,30,2,100.0,0.29964005752270656,19
1,CCLR,1,30,5,0.01,0.3086737565231655,19
1,CCLR,1,30,5,0.1,0.30863700841963515,19
1,CCLR,1,30,5,1.0,0.30827953754641585,19
1,CCLR,1,30,5,10.0,0.30551334257216994,19
1,CCLR,1,30,5,100.0,0.2999158622290241,19
1,CCLR,1,30,10,0.01,0.3121543194176987,19
1,CCLR,1,30,10,0.1,0.31210286472226645,19
1,CCLR,1,30,10,1.0,0.311602358008479,19
1,CCLR,1,30,10,10.0,0.3077299881922717,19
1,CCLR,1,30,10,100.0,0.29982997423370994,19
1,CCLR,1,30,20,0.01,0.3160143400622265,19
1,CCLR,1,30,20,0.1,0.3159478616250036,19
1,CCLR,1,30,20,1.0,0.31530104516189045,19
1,CCLR,1,30,20,10.0,0.3102843830675235,19
1,CCLR,1,30,20,100.0,0.29986988361673433,19
1,CCLR,2,5,2,0.01,0.3081663796553656,18
1,CCLR,2,5,2,0.1,0.30816097895681716,18
1,CCLR,2,5,2,1.0,0.3081086436338795,18
1,CCLR,2,5,2,10.0,0.30771770271576915,18
1,CCLR,2,5,2,100.0,0.3071158229657301,18
1,CCLR,2,5,5,0.01,0.3086633776241283,18
1,CCLR,2,5,5,0.1,0.3086547184500505,18
1,CCLR,2,5,5,1.0,0.30857077576937775,18
1,CCLR,2,5,5,10.0,0.30794149274336624,18
1,CCLR,2,5,5,100.0,0.30693778631004215,18
1,CCLR,2,5,10,0.01,0.30933524378689436,18
1,CCLR,2,5,10,0.1,0.30932270844260906,18
1,CCLR,2,5,10,1.0,0.30920114072898985,18
1,CCLR,2,5,10,10.0,0.3082862634123719,18
1,CCLR,2,5,10,100.0,0.3067719231217254,18
1,CCLR,2,5,20,0.01,0.3096649195844613,18
1,CCLR,2,5,20,0.1,0.30964875045957946,18
1,CCLR,2,5,20,1.0,0.30949198578027787,18
1,CCLR,2,5,20,10.0,0.3083156576885437,18
1,CCLR,2,5,20,100.0,0.3064374916064596,18
1,CCLR,2,10,2,0.01,0.3078347845150522,18
1,CCLR,2,10,2,0.1,0.30783019637341696,18
1,CCLR,2,10,2,1.0,0.3077857987875243,18
1,CCLR,2,10,2,10.0,0.30745888648985414,18
1,CCLR,2,10,2,100.0,0.3070375896780003,18
1,CCLR,2,10,5,0.01,0.30993974108012573,18
1,CCLR,2,10,5,0.1,0.3099264019607441,18
1,CCLR,2,10,5,1.0,0.3097968972368774,18
1,CCLR,2,10,5,10.0,0.30881183108954763,18
1,CCLR,2,10,5,100.0,0.3070074334670613,18
1,CCLR,2,10,10,0.01,0.3108914526198962,18
1,CCLR,2,10,10,0.1,0.31087295334609766,18
1,CCLR,2,10,10,1.0,0.3106933394429152,18
1,CCLR,2,10,10,10.0,0.3093264402795037,18
1,CCLR,2,10,10,100.0,0.30681805014086394,18
1,CCLR,2,10,20,0.01,0.3117332519412041,18
1,CCLR,2,10,20,0.1,0.31170882745801903,18
1,CCLR,2,10,20,1.0,0.3114717319839781,18
1,CCLR,2,10,20,10.0,0.3096712512095849,18
1,CCLR,2,10,20,100.0,0.30644896116482884,18
1,CCLR,2,20,2,0.01,0.3080406617303889,18
1,CCLR,2,20,2,0.1,0.30803555648011477,18
1,CCLR,2,20,2,1.0,0.30798610970659696,18
1,CCLR,2,20,2,10.0,0.3076186357305606,18
1,CCLR,2,20,2,100.0,0.3070849719206461,18
1,CCLR,2,20,5,0.01,0.3111991918586263,18
1,CCLR,2,20,5,0.1,0.31118197670976616,18
1,CCLR,2,20,5,1.0,0.31101464656715005,18
1,CCLR,2,20,5,10.0,0.30972795679985005,18
1,CCLR,2,20,5,100.0,0.3071669273980882,18
1,CCLR,2,20,10,0.01,0.31245588924762446,18
1,CCLR,2,20,10,0.1,0.3124321051271723,18
1,CCLR,2,20,10,1.0,0.3122009666852919,18
1,CCLR,2,20,10,10.0,0.3104267607287283,18
1,CCLR,2,20,10,100.0,0.30694932952419557,18
1,CCLR,2,20,20,0.01,0.31397414486767644,18
1,CCLR,2,20,20,0.1,0.3139418590087063,18
1,CCLR,2,20,20,1.0,0.31362813648892096,18
1,CCLR,2,20,20,10.0,0.3112233195423199,18
1,CCLR,2,20,20,100.0,0.30659224415609754,18
1,CCLR,2,30,2,0.01,0.3074056180050407,18
1,CCLR,2,30,2,0.1,0.30740200267569,18
1,CCLR,2,30,2,1.0,0.3073671191191705,18
1,CCLR,2,30,2,10.0,0.30711771256483483,18
1,CCLR,2,30,2,100.0,0.30692563730358746,18
1,CCLR,2,30,5,0.01,0.31066196369436844,18
1,CCLR,2,30,5,0.1,0.31064583202629015,18
1,CCLR,2,30,5,1.0,0.31048910542779995,18
1,CCLR,2,30,5,10.0,0.3092894242850488,18
1,CCLR,2,30,5,100.0,0.30700258229508204,18
1,CCLR,2,30,10,0.01,0.31205257692685223,18
1,CCLR,2,30,10,0.1,0.31202974997587624,18
1,CCLR,2,30,10,1.0,0.31180795942641476,18
1,CCLR,2,30,10,10.0,0.31010900550238246,18
1,CCLR,2,30,10,100.0,0.30684560612710177,18
1,CCLR,2,30,20,0.01,0.3146930695835458,18
1,CCLR,2,30,20,0.1,0.31465817431508936,18
1,CCLR,2,30,20,1.0,0.31431903334691774,18
1,CCLR,2,30,20,10.0,0.31171480905660576,18
1,CCLR,2,30,20,100.0,0.30662892739354575,18
1,CCLR,3,5,2,0.01,0.3570025555944144,19
1,CCLR,3,5,2,0.1,0.35699860866331473,19
1,CCLR,3,5,2,1.0,0.35696045261452314,19
1,CCLR,3,5,2,10.0,0.35668211307330466,19
1,CCLR,3,5,2,100.0,0.3563587211360013,19
1,CCLR,3,5,5,0.01,0.3570675046657496,19
1,CCLR,3,5,5,0.1,0.35706044380450147,19
1,CCLR,3,5,5,1.0,0.3569922129143247,19
1,CCLR,3,5,5,10.0,0.35649657104662824,19
1,CCLR,3,5,5,100.0,0.3559567779481883,19
1,CCLR,3,5,10,0.01,0.3578966356622329,19
1,CCLR,3,5,10,0.1,0.3578839342762222,19
1,CCLR,3,5,10,1.0,0.35776102321841674,19
1,CCLR,3,5,10,10.0,0.3568552523847471,19
1,CCLR,3,5,10,100.0,0.3556440569689986,19
1,CCLR,3,5,20,0.01,0.3584819657313773,19
1,CCLR,3,5,20,0.1,0.35846603203200145,19
1,CCLR,3,5,20,1.0,0.3583117498195625,19
1,CCLR,3,5,20,10.0,0.3571680530490974,19
1,CCLR,3,5,20,100.0,0.35552707090300534,19
1,CCLR,3,10,2,0.01,0.3571809388121332,19
1,CCLR,3,10,2,0.1,0.3571762349494178,19
1,CCLR,3,10,2,1.0,0.3571307264581208,19
1,CCLR,3,10,2,10.0,0.35679608283028813,19
1,CCLR,3,10,2,100.0,0.3563573750888831,19
1,CCLR,3,10,5,0.01,0.3571946802096114,19
1,CCLR,3,10,5,0.1,0.3571856346916257,19
1,CCLR,3,10,5,1.0,0.3570982114471372,19
1,CCLR,3,10,5,10.0,0.35646209269226187,19
1,CCLR,3,10,5,100.0,0.3557505392197509,19
1,CCLR,3,10,10,0.01,0.3583699725600907,19
1,CCLR,3,10,10,0.1,0.3583534917925846,19
1,CCLR,3,10,10,1.0,0.3581939583097012,19
1,CCLR,3,10,10,10.0,0.3570147556863472,19
1,CCLR,3,10,10,100.0,0.35538308057308693,19
1,CCLR,3,10,20,0.01,0.3597212751034152,19
1,CCLR,3,10,20,0.1,0.3596981981567345,19
1,CCLR,3,10,20,1.0,0.3594745909087513,19
1,CCLR,3,10,20,10.0,0.3578055432981988,19
1,CCLR,3,10,20,100.0,0.35523165293081543,19
1,CCLR,3,20,2,0.01,0.3566886982128482,19
1,CCLR,3,20,2,0.1,0.35668406067465047,19
1,CCLR,3,20,2,1.0,0.35663933117689817,19
1,CCLR,3,20,2,10.0,0.35632061721806835,19
1,CCLR,3,20,2,100.0,0.3560794329383921,19
1,CCLR,3,20,5,0.01,0.35763473579436217,19
1,CCLR,3,20,5,0.1,0.3576231484018088,19
1,CCLR,3,20,5,1.0,0.3575110480546268,19
1,CCLR,3,20,5,10.0,0.3566874485579496,19
1,CCLR,3,20,5,100.0,0.35564200206658725,19
1,CCLR,3,20,10,0.01,0.3602880945143324,19
1,CCLR,3,20,10,0.1,0.36026391120836737,19
1,CCLR,3,20,10,1.0,0.36002945090572885,19
1,CCLR,3,20,10,10.0,0.35826971488004605,19
1,CCLR,3,20,10,100.0,0.35540039805356793,19
1,CCLR,3,20,20,0.01,0.36277427119553457,19
1,CCLR,3,20,20,0.1,0.36273964627838123,19
1,CCLR,3,20,20,1.0,0.3624036393694029,19
1,CCLR,3,20,20,10.0,0.35985904529841095,19
1,CCLR,3,20,20,100.0,0.3553538497507972,19
1,CCLR,3,30,2,0.01,0.3567103908320996,19
1,CCLR,3,30,2,0.1,0.3567051605655701,19
1,CCLR,3,30,2,1.0,0.35665469661802757,19
1,CCLR,3,30,2,10.0,0.35629394292355304,19
1,CCLR,3,30,2,100.0,0.3560060661688404,19
1,CCLR,3,30,5,0.01,0.35785317986660775,19
1,CCLR,3,30,5,0.1,0.3578405809756415,19
1,CCLR,3,30,5,1.0,0.35771864422611643,19
1,CCLR,3,30,5,10.0,0.3568191416315624,19
1,CCLR,3,30,5,100.0,0.3556221034825629,19
1,CCLR,3,30,10,0.01,0.3608345999451669,19
1,CCLR,3,30,10,0.1,0.3608081570466404,19
1,CCLR,3,30,10,1.0,0.36055170775273715,19
1,CCLR,3,30,10,10.0,0.35862114657950733,19
1,CCLR,3,30,10,100.0,0.3553906193508188,19
1,CCLR,3,30,20,0.01,0.3641726604037401,19
1,CCLR,3,30,20,0.1,0.36413308098076097,19
1,CCLR,3,30,20,1.0,0.36374880757609224,19
1,CCLR,3,30,20,10.0,0.36082530740499497,19
1,CCLR,3,30,20,100.0,0.3554500590298624,19
2,CCLR,0,5,2,0.01,0.33223206906417,18
2,CCLR,0,5,2,0.1,0.33222502619104627,18
2,CCLR,0,5,2,1.0,0.3321569363624481,18
2,CCLR,0,5,2,10.0,0.33166015555004935,18
2,CCLR,0,5,2,100.0,0.3311005899599062,18
2,CCLR,0,5,5,0.01,0.33284750780377526,18
2,CCLR,0,5,5,0.1,0.3328368101852109,18
2,CCLR,0,5,5,1.0,0.3327332538833807,18
2,CCLR,0,5,5,10.0,0.3319678777667978,18
2,CCLR,0,5,5,100.0,0.33093502667582664,18
2,CCLR,0,5,10,0.01,0.33447139112140495,18
2,CCLR,0,5,10,0.1,0.33445410425246574,18
2,CCLR,0,5,10,1.0,0.33428644823000586,18
2,CCLR,0,5,10,10.0,0.33302425323478835,18
2,CCLR,0,5,10,100.0,0.33093311661527597,18
2,CCLR,0,5,20,0.01,0.33541915471107814,18
2,CCLR,0,5,20,0.1,0.33539527813747977,18
2,CCLR,0,5,20,1.0,0.33516368968343846,18
2,CCLR,0,5,20,10.0,0.33341894925827115,18
2,CCLR,0,5,20,100.0,0.3305291790697853,18
2,CCLR,0,10,2,0.01,0.3316275080754651,18
2,CCLR,0,10,2,0.1,0.3316192269871656,18
2,CCLR,0,10,2,1.0,0.3315393325856207,18
2,CCLR,0,10,2,10.0,0.33096919630672655,18
2,CCLR,0,10,2,100.0,0.33056714458030423,18
2,CCLR,0,10,5,0.01,0.33257504727430587,18
2,CCLR,0,10,5,0.1,0.3325609988839778,18
2,CCLR,0,10,5,1.0,0.3324251366385351,18
2,CCLR,0,10,5,10.0,0.3314312345443998,18
2,CCLR,0,10,5,100.0,0.33029033433495675,18
2,CCLR,0,10,10,0.01,0.3349412838570387,18
2,CCLR,0,10,10,0.1,0.3349181841750775,18
2,CCLR,0,10,10,1.0,0.3346942311428549,18
2,CCLR,0,10,10,10.0,0.33301461022469575,18
2,CCLR,0,10,10,100.0,0.3303663432923155,18
2,CCLR,0,10,20,0.01,0.3371066914589023,18
2,CCLR,0,10,20,0.1,0.3370717713812874,18
2,CCLR,0,10,20,1.0,0.33673299178938376,18
2,CCLR,0,10,20,10.0,0.3341760488855222,18
2,CCLR,0,10,20,100.0,0.32990744503044145,18
2,CCLR,0,20,2,0.01,0.33145047220775337,18
2,CCLR,0,20,2,0.1,0.33144140677249356,18
2,CCLR,0,20,2,1.0,0.3313539413592103,18
2,CCLR,0,20,2,10.0,0.33073020112818335,18
2,CCLR,0,20,2,100.0,0.33033504913894285,18
2,CCLR,0,20,5,0.01,0.3333110755017524,18
2,CCLR,0,20,5,0.1,0.33329444689992105,18
2,CCLR,0,20,5,1.0,0.3331334004892963,18
2,CCLR,0,20,5,10.0,0.3319388760022857,18
2,CCLR,0,20,5,100.0,0.3303259166421109,18
2,CCLR,0,20,10,0.01,0.3361120911797159,18
2,CCLR,0,20,10,0.1,0.3360847830326501,18
2,CCLR,0,20,10,1.0,0.3358197968086082,18
2,CCLR,0,20,10,10.0,0.3338159989863341,18
2,CCLR,0,20,10,100.0,0.3304206298227119,18
2,CCLR,0,20,20,0.01,0.3401013720304059,18
2,CCLR,0,20,20,0.1,0.3400561519717822,18
2,CCLR,0,20,20,1.0,0.33961694251003305,18
2,CCLR,0,20,20,10.0,0.3362658245049317,18
2,CCLR,0,20,20,100.0,0.3301272371575504,18
2,CCLR,0,30,2,0.01,0.33167963529722644,18
2,CCLR,0,30,2,0.1,0.3316691042319048,18
2,CCLR,0,30,2,1.0,0.3315673920640952,18
2,CCLR,0,30,2,10.0,0.33083441336836195,18
2,CCLR,0,30,2,100.0,0.33024794468222085,18
2,CCLR,0,30,5,0.01,0.3337263780575132,18
2,CCLR,0,30,5,0.1,0.33370787370232485,18
2,CCLR,0,30,5,1.0,0.33352855469340315,18
2,CCLR,0,30,5,10.0,0.33219101928077344,18
2,CCLR,0,30,5,100.0,0.33028124383517643,18
2,CCLR,0,30,10,0.01,0.33668232411936355,18
2,CCLR,0,30,10,0.1,0.33665252624520914,18
2,CCLR,0,30,10,1.0,0.3363632905727665,18
2,CCLR,0,30,10,10.0,0.3341698897274587,18
2,CCLR,0,30,10,100.0,0.33037646502763096,18
2,CCLR,0,30,20,0.01,0.34156009292943146,18
2,CCLR,0,30,20,0.1,0.3415093601915113,18
2,CCLR,0,30,20,1.0,0.3410164309887523,18
2,CCLR,0,30,20,10.0,0.33724291503624726,18
2,CCLR,0,30,20,100.0,0.33015549568880304,18
2,CCLR,1,5,2,0.01,0.32997015904573906,19
2,CCLR,1,5,2,0.1,0.32996564024984565,19
2,CCLR,1,5,2,1.0,0.3299220398171891,19
2,CCLR,1,5,2,10.0,0.32961013405006984,19
2,CCLR,1,5,2,100.0,0.3293521409392299,19
2,CCLR,1,5,5,0.01,0.3309372237337069,19
2,CCLR,1,5,5,0.1,0.3309277152643631,19
2,CCLR,1,5,5,1.0,0.33083567877059794,19
2,CCLR,1,5,5,10.0,0.3301556253916603,19
2,CCLR,1,5,5,100.0,0.3292120799345307,19
2,CCLR,1,5,10,0.01,0.3316081241052775,19
2,CCLR,1,5,10,0.1,0.33159272888807856,19
2,CCLR,1,5,10,1.0,0.3314436692436067,19
2,CCLR,1,5,10,10.0,0.33033936499166294,19
2,CCLR,1,5,10,100.0,0.32876889480596755,19
2,CCLR,1,5,20,0.01,0.33269708501797457,19
2,CCLR,1,5,20,0.1,0.33267620067661857,19
2,CCLR,1,5,20,1.0,0.3324738256974077,19
2,CCLR,1,5,20,10.0,0.330962374200675,19
2,CCLR,1,5,20,100.0,0.3286207203822273,19
2,CCLR,1,10,2,0.01,0.3308588371003693,19
2,CCLR,1,10,2,0.1,0.3308487064043824,19
2,CCLR,1,10,2,1.0,0.3307506444467823,19
2,CCLR,1,10,2,10.0,0.3300264423593309,19
2,CCLR,1,10,2,100.0,0.32906010296673166,19
2,CCLR,1,10,5,0.01,0.3320193275662977,19
2,CCLR,1,10,5,0.1,0.3320030011411598,19
2,CCLR,1,10,5,1.0,0.33184479187091614,19
2,CCLR,1,10,5,10.0,0.3306633859245368,19
2,CCLR,1,10,5,100.0,0.32885724189973553,19
2,CCLR,1,10,10,0.01,0.33335133615056056,19
2,CCLR,1,10,10,0.1,0.3333260740062139,19
2,CCLR,1,10,10,1.0,0.33308120847120015,19
2,CCLR,1,10,10,10.0,0.33124792482279514,19
2,CCLR,1,10,10,100.0,0.3283641884777453,19
2,CCLR,1,10,20,0.01,0.3351742842060144,19
2,CCLR,1,10,20,0.1,0.3351399550518237,19
2,CCLR,1,10,20,1.0,0.3348070019213429,19
2,CCLR,1,10,20,10.0,0.33229971430904665,19
2,CCLR,1,10,20,100.0,0.3281283866557705,19
2,CCLR,1,20,2,0.01,0.3302736856059305,19
2,CCLR,1,20,2,0.1,0.3302621492382181,19
2,CCLR,1,20,2,1.0,0.3301506987607928,19
2,CCLR,1,20,2,10.0,0.3293435892989996,19
2,CCLR,1,20,2,100.0,0.3285283859889944,19
2,CCLR,1,20,5,0.01,0.3317520815850862,19
2,CCLR,1,20,5,0.1,0.3317330546133373,19
2,CCLR,1,20,5,1.0,0.33154885159211006,19
2,CCLR,1,20,5,10.0,0.3301863539360801,19
2,CCLR,1,20,5,100.0,0.32832192501390045,19
2,CCLR,1,20,10,0.01,0.3338222864363695,19
2,CCLR,1,20,10,0.1,0.33379147490812827,19
2,CCLR,1,20,10,1.0,0.33349288277626693,19
2,CCLR,1,20,10,10.0,0.3312623287989653,19
2,CCLR,1,20,10,100.0,0.32784840351599803,19
2,CCLR,1,20,20,0.01,0.33694437206506966,19
2,CCLR,1,20,20,0.1,0.3368999949414681,19
2,CCLR,1,20,20,1.0,0.33646946409015915,19
2,CCLR,1,20,20,10.0,0.33321901038179585,19
2,CCLR,1,20,20,100.0,0.32771072225160797,19
2,CCLR,1,30,2,0.01,0.3303600846039774,19
2,CCLR,1,30,2,0.1,0.3303475910058331,19
2,CCLR,1,30,2,1.0,0.33022688468688505,19
2,CCLR,1,30,2,10.0,0.3293520386411779,19
2,CCLR,1,30,2,100.0,0.3284488039632737,19
2,CCLR,1,30,5,0.01,0.33151968224653444,19
2,CCLR,1,30,5,0.1,0.33150027991672587,19
2,CCLR,1,30,5,1.0,0.3313125313874382,19
2,CCLR,1,30,5,10.0,0.32993025799363673,19
2,CCLR,1,30,5,100.0,0.32814085520553293,19
2,CCLR,1,30,10,0.01,0.3337145238440211,19
2,CCLR,1,30,10,0.1,0.3336827239112187,19
2,CCLR,1,30,10,1.0,0.33337461951426217,19
2,CCLR,1,30,10,10.0,0.3310779773870072,19
2,CCLR,1,30,10,100.0,0.32764787337627793,19
2,CCLR,1,30,20,0.01,0.33738296328294654,19
2,CCLR,1,30,20,0.1,0.33733513081628635,19
2,CCLR,1,30,20,1.0,0.33687109387960923,19
2,CCLR,1,30,20,10.0,0.3333691676943285,19
2,CCLR,1,30,20,100.0,0.3274710589438977,19
2,CCLR,2,5,2,0.01,0.31207417888769123,19
2,CCLR,2,5,2,0.1,0.3120697379990193,19
2,CCLR,2,5,2,1.0,0.3120268416410033,19
2,CCLR,2,5,2,10.0,0.31171640511686227,19
2,CCLR,2,5,2,100.0,0.3113940880210975,19
2,CCLR,2,5,5,0.01,0.31283274309828923,19
2,CCLR,2,5,5,0.1,0.3128234684381089,19
2,CCLR,2,5,5,1.0,0.3127337008448453,19
2,CCLR,2,5,5,10.0,0.312070784678556,19
2,CCLR,2,5,5,100.0,0.31115419569114205,19
2,CCLR,2,5,10,0.01,0.3133872953006741,19
2,CCLR,2,5,10,0.1,0.3133748375203462,19
2,CCLR,2,5,10,1.0,0.313254175721595,19
2,CCLR,2,5,10,10.0,0.31235699742471135,19
2,CCLR,2,5,10,100.0,0.31102303024785094,19
2,CCLR,2,5,20,0.01,0.3139336195722404,19
2,CCLR,2,5,20,0.1,0.3139155318143107,19
2,CCLR,2,5,20,1.0,0.31374035539822315,19
2,CCLR,2,5,20,10.0,0.31243923142400887,19
2,CCLR,2,5,20,100.0,0.3105406933801197,19
2,CCLR,2,10,2,0.01,0.3118716675947836,19
2,CCLR,2,10,2,0.1,0.3118678915685587,19
2,CCLR,2,10,2,1.0,0.3118314694751659,19
2,CCLR,2,10,2,10.0,0.3115717281296314,19
2,CCLR,2,10,2,100.0,0.311368782118077,19
2,CCLR,2,10,5,0.01,0.3135558387185398,19
2,CCLR,2,10,5,0.1,0.31354378418588097,19
2,CCLR,2,10,5,1.0,0.3134269715671458,19
2,CCLR,2,10,5,10.0,0.31255413335144305,19
2,CCLR,2,10,5,100.0,0.3111792690211718,19
2,CCLR,2,10,10,0.01,0.31622286334951477,19
2,CCLR,2,10,10,0.1,0.3162000445311075,19
2,CCLR,2,10,10,1.0,0.31597850680594375,19
2,CCLR,2,10,10,10.0,0.31429332194228576,19
2,CCLR,2,10,10,100.0,0.31118441969837873,19
2,CCLR,2,10,20,0.01,0.31729772175311055,19
2,CCLR,2,10,20,0.1,0.3172668716768576,19
2,CCLR,2,10,20,1.0,0.3169674717583419,19
2,CCLR,2,10,20,10.0,0.31469839813474465,19
2,CCLR,2,10,20,100.0,0.3106639186303692,19
2,CCLR,2,20,2,0.01,0.31300822664039246,19
2,CCLR,2,20,2,0.1,0.31300169672454076,19
2,CCLR,2,20,2,1.0,0.3129383671786104,19
2,CCLR,2,20,2,10.0,0.31246122690243083,19
2,CCLR,2,20,2,100.0,0.31164082073525134,19
2,CCLR,2,20,5,0.01,0.31504601495876144,19
2,CCLR,2,20,5,0.1,0.3150285851049819,19
2,CCLR,2,20,5,1.0,0.3148594524490905,19
2,CCLR,2,20,5,10.0,0.3135787668879212,19
2,CCLR,2,20,5,100.0,0.3112847167194308,19
2,CCLR,2,20,10,0.01,0.31889310658436465,19
2,CCLR,2,20,10,0.1,0.31886039333142246,19
2,CCLR,2,20,10,1.0,0.3185425298130211,19
2,CCLR,2,20,10,10.0,0.3161055153542409,19
2,CCLR,2,20,10,100.0,0.31131682569148134,19
2,CCLR,2,20,20,0.01,0.32115716020626467,19
2,CCLR,2,20,20,0.1,0.3211132906309558,19
2,CCLR,2,20,20,1.0,0.3206870174631776,19
2,CCLR,2,20,20,10.0,0.31741887196824387,19
2,CCLR,2,20,20,100.0,0.31102755396063725,19
2,CCLR,2,30,2,0.01,0.3131239626177303,19
2,CCLR,2,30,2,0.1,0.313117360779121,19
2,CCLR,2,30,2,1.0,0.31305330060517733,19
2,CCLR,2,30,2,10.0,0.31256825357214807,19
2,CCLR,2,30,2,100.0,0.311696506820493,19
2,CCLR,2,30,5,0.01,0.3153338799757111,19
2,CCLR,2,30,5,0.1,0.31531598110286746,19
2,CCLR,2,30,5,1.0,0.3151422330112527,19
2,CCLR,2,30,5,10.0,0.3138219343880418,19
2,CCLR,2,30,5,100.0,0.31138352583353646,19
2,CCLR,2,30,10,0.01,0.31943021332561944,19
2,CCLR,2,30,10,0.1,0.3193966401389015,19
2,CCLR,2,30,10,1.0,0.31907031270867453,19
2,CCLR,2,30,10,10.0,0.3165604923690168,19
2,CCLR,2,30,10,100.0,0.3115029633837926,19
2,CCLR,2,30,20,0.01,0.3219605604417624,19
2,CCLR,2,30,20,0.1,0.3219144721520805,19
2,CCLR,2,30,20,1.0,0.32146652330304776,19
2,CCLR,2,30,20,10.0,0.3180238149585744,19
2,CCLR,2,30,20,100.0,0.3111676945476047,19
2,CCLR,3,5,2,0.01,0.33102583996660423,19
2,CCLR,3,5,2,0.1,0.33101755723434545,19
2,CCLR,3,5,2,1.0,0.330937396563983,19
2,CCLR,3,5,2,10.0,0.3303461725507548,19
2,CCLR,3,5,2,100.0,0.3295541642847778,19
2,CCLR,3,5,5,0.01,0.3315085570301523,19
2,CCLR,3,5,5,0.1,0.3314972286156562,19
2,CCLR,3,5,5,1.0,0.33138752824897,19
2,CCLR,3,5,5,10.0,0.3305737387224316,19
2,CCLR,3,5,5,100.0,0.32940382494826526,19
2,CCLR,3,5,10,0.01,0.3326833369858279,19
2,CCLR,3,5,10,0.1,0.3326659834389781,19
2,CCLR,3,5,10,1.0,0.3324977860932439,19
2,CCLR,3,5,10,10.0,0.3312387846710776,19
2,CCLR,3,5,10,100.0,0.32923554352244055,19
2,CCLR,3,5,20,0.01,0.33349833035451115,19
2,CCLR,3,5,20,0.1,0.3334755330974472,19
2,CCLR,3,5,20,1.0,0.3332545383224737,19
2,CCLR,3,5,20,10.0,0.3315979996930283,19
2,CCLR,3,5,20,100.0,0.32893482540093644,19
2,CCLR,3,10,2,0.01,0.33259623657969245,19
2,CCLR,3,10,2,0.1,0.33258112394304395,19
2,CCLR,3,10,2,1.0,0.3324345514395846,19
2,CCLR,3,10,2,10.0,0.33133074863105827,19
2,CCLR,3,10,2,100.0,0.32948494800766087,19
2,CCLR,3,10,5,0.01,0.33286148147950284,19
2,CCLR,3,10,5,0.1,0.33284309453829364,19
2,CCLR,3,10,5,1.0,0.33266482424267485,19
2,CCLR,3,10,5,10.0,0.33132677175634856,19
2,CCLR,3,10,5,100.0,0.32917048998640375,19
2,CCLR,3,10,10,0.01,0.33549284118007394,19
2,CCLR,3,10,10,0.1,0.3354627232550626,19
2,CCLR,3,10,10,1.0,0.33517039217021366,19
2,CCLR,3,10,10,10.0,0.3329528945478747,19
2,CCLR,3,10,10,100.0,0.3290150867869499,19
2,CCLR,3,10,20,0.01,0.3373487798731317,19
2,CCLR,3,10,20,0.1,0.33730956109575866,19
2,CCLR,3,10,20,1.0,0.33692878499468487,19
2,CCLR,3,10,20,10.0,0.3340326066934542,19
2,CCLR,3,10,20,100.0,0.3287810515198939,19
2,CCLR,3,20,2,0.01,0.333776170685033,19
2,CCLR,3,20,2,0.1,0.33375801222870083,19
2,CCLR,3,20,2,1.0,0.33358162075155945,19
2,CCLR,3,20,2,10.0,0.33223343738410116,19
2,CCLR,3,20,2,100.0,0.32969844165220247,19
2,CCLR,3,20,5,0.01,0.33421089193557135,19
2,CCLR,3,20,5,0.1,0.33418838807949336,19
2,CCLR,3,20,5,1.0,0.3339698937340304,19
2,CCLR,3,20,5,10.0,0.33230802950817473,19
2,CCLR,3,20,5,100.0,0.3293229735553885,19
2,CCLR,3,20,10,0.01,0.33875421211555073,19
2,CCLR,3,20,10,0.1,0.3387134643641143,19
2,CCLR,3,20,10,1.0,0.33831741697799234,19
2,CCLR,3,20,10,10.0,0.3352746117196956,19
2,CCLR,3,20,10,100.0,0.3293230389537469,19
2,CCLR,3,20,20,0.01,0.3414769709054177,19
2,CCLR,3,20,20,0.1,0.34142388164709725,19
2,CCLR,3,20,20,1.0,0.3409078015121032,19
2,CCLR,3,20,20,10.0,0.33693729952783036,19
2,CCLR,3,20,20,100.0,0.329105220520146,19
2,CCLR,3,30,2,0.01,0.33470193581358904,19
2,CCLR,3,30,2,0.1,0.3346808631941437,19
2,CCLR,3,30,2,1.0,0.3344760031918122,19
2,CCLR,3,30,2,10.0,0.3328989509680656,19
2,CCLR,3,30,2,100.0,0.32978578537845565,19
2,CCLR,3,30,5,0.01,0.3354321763072026,19
2,CCLR,3,30,5,0.1,0.3354052885062358,19
2,CCLR,3,30,5,1.0,0.3351440417872929,19
2,CCLR,3,30,5,10.0,0.3331436795350859,19
2,CCLR,3,30,5,100.0,0.3293684740749134,19
2,CCLR,3,30,10,0.01,0.34066853076619735,19
2,CCLR,3,30,10,0.1,0.34062138878222437,19
2,CCLR,3,30,10,1.0,0.34016293788722574,19
2,CCLR,3,30,10,10.0,0.33662272357424494,19
2,CCLR,3,30,10,100.0,0.3294636030067133,19
2,CCLR,3,30,20,0.01,0.3436127463559306,19
2,CCLR,3,30,20,0.1,0.3435526353259581,19
2,CCLR,3,30,20,1.0,0.3429680191250378,19
2,CCLR,3,30,20,10.0,0.3384505737069581,19
2,CCLR,3,30,20,100.0,0.32927861887121923,19
3,CCLR,0,5,2,0.01,0.31823037237567275,19
3,CCLR,0,5,2,0.1,0.31821910272807713,19
3,CCLR,0,5,2,1.0,0.31810980041935044,19
3,CCLR,0,5,2,10.0,0.31728719859765553,19
3,CCLR,0,5,2,100.0,0.3159638257351657,19
3,CCLR,0,5,5,0.01,0.318966893557724,19
3,CCLR,0,5,5,0.1,0.3189530960209332,19
3,CCLR,0,5,5,1.0,0.31881916202412636,19
3,CCLR,0,5,5,10.0,0.3178027351012047,19
3,CCLR,0,5,5,100.0,0.3160248280173668,19
3,CCLR,0,5,10,0.01,0.3202983899595147,19
3,CCLR,0,5,10,0.1,0.3202774453250654,19
3,CCLR,0,5,10,1.0,0.32007410162648275,19
3,CCLR,0,5,10,10.0,0.3185284125872682,19
3,CCLR,0,5,10,100.0,0.31577095918122433,19
3,CCLR,0,5,20,0.01,0.3210044721103092,19
3,CCLR,0,5,20,0.1,0.32097807343659984,19
3,CCLR,0,5,20,1.0,0.32072182362233714,19
3,CCLR,0,5,20,10.0,0.31877761060473175,19
3,CCLR,0,5,20,100.0,0.31538520738835046,19
3,CCLR,0,10,2,0.01,0.3186100476249082,19
3,CCLR,0,10,2,0.1,0.3185975698457259,19
3,CCLR,0,10,2,1.0,0.31847643232474065,19
3,CCLR,0,10,2,10.0,0.31755672393562195,19
3,CCLR,0,10,2,100.0,0.3159835788288568,19
3,CCLR,0,10,5,0.01,0.31977423274446914,19
3,CCLR,0,10,5,0.1,0.3197572169004977,19
3,CCLR,0,10,5,1.0,0.3195919117873484,19
3,CCLR,0,10,5,10.0,0.31832831936434425,19
3,CCLR,0,10,5,100.0,0.31600318526249804,19
3,CCLR,0,10,10,0.01,0.32213229429616186,19
3,CCLR,0,10,10,0.1,0.3221043403900967,19
3,CCLR,0,10,10,1.0,0.32183267809353994,19
3,CCLR,0,10,10,10.0,0.3197489441267432,19
3,CCLR,0,10,10,100.0,0.3157848259677683,19
3,CCLR,0,10,20,0.01,0.32380163892866026,19
3,CCLR,0,10,20,0.1,0.32376445150318456,19
3,CCLR,0,10,20,1.0,0.32340307615806924,19
3,CCLR,0,10,20,10.0,0.3206329136991578,19
3,CCLR,0,10,20,100.0,0.3154014676969378,19
3,CCLR,0,20,2,0.01,0.31897824128223656,19
3,CCLR,0,20,2,0.1,0.31896574992759996,19
3,CCLR,0,20,2,1.0,0.31884436132222294,19
3,CCLR,0,20,2,10.0,0.3179141127217399,19
3,CCLR,0,20,2,100.0,0.31618980823635057,19
3,CCLR,0,20,5,0.01,0.32098716211013567,19
3,CCLR,0,20,5,0.1,0.3209668689093241,19
3,CCLR,0,20,5,1.0,0.3207695545773653,19
3,CCLR,0,20,5,10.0,0.3192486075408118,19
3,CCLR,0,20,5,100.0,0.3162329881541113,19
3,CCLR,0,20,10,0.01,0.32437593753883415,19
3,CCLR,0,20,10,0.1,0.3243411288328884,19
3,CCLR,0,20,10,1.0,0.3240025793769496,19
3,CCLR,0,20,10,10.0,0.3213858858815664,19
3,CCLR,0,20,10,100.0,0.31608364946060863,19
3,CCLR,0,20,20,0.01,0.3270914822520171,19
3,CCLR,0,20,20,0.1,0.32704393189536296,19
3,CCLR,0,20,20,1.0,0.3265814637320712,19
3,CCLR,0,20,20,10.0,0.3230077173251093,19
3,CCLR,0,20,20,100.0,0.31579155190805946,19
3,CCLR,0,30,2,0.01,0.3194015332876168,19
3,CCLR,0,30,2,0.1,0.31938735229750553,19
3,CCLR,0,30,2,1.0,0.31924953139962947,19
3,CCLR,0,30,2,10.0,0.318192151984058,19
3,CCLR,0,30,2,100.0,0.3161959530064002,19
3,CCLR,0,30,5,0.01,0.32160432586572607,19
3,CCLR,0,30,5,0.1,0.32158138062592523,19
3,CCLR,0,30,5,1.0,0.32135827933511313,19
3,CCLR,0,30,5,10.0,0.31963832572278034,19
3,CCLR,0,30,5,100.0,0.3162117919886949,19
3,CCLR,0,30,10,0.01,0.32522848312296654,19
3,CCLR,0,30,10,0.1,0.3251904285141551,19
3,CCLR,0,30,10,1.0,0.3248202757811987,19
3,CCLR,0,30,10,10.0,0.32195677551734836,19
3,CCLR,0,30,10,100.0,0.316107693506869,19
3,CCLR,0,30,20,0.01,0.328451793266072,19
3,CCLR,0,30,20,0.1,0.3283987794924528,19
3,CCLR,0,30,20,1.0,0.3278831099605537,19
3,CCLR,0,30,20,10.0,0.3238936968421184,19
3,CCLR,0,30,20,100.0,0.31577598362098674,19
3,CCLR,1,5,2,0.01,0.34519466973461355,19
3,CCLR,1,5,2,0.1,0.3451923146983323,19
3,CCLR,1,5,2,1.0,0.3451696935872689,19
3,CCLR,1,5,2,10.0,0.34501561291077426,19
3,CCLR,1,5,2,100.0,0.34503683664485757,19
3,CCLR,1,5,5,0.01,0.3458728495781423,19
3,CCLR,1,5,5,0.1,0.34586723137614106,19
3,CCLR,1,5,5,1.0,0.3458129105749865,19
3,CCLR,1,5,5,10.0,0.34541626451798335,19
3,CCLR,1,5,5,100.0,0.34496567172311343,19
3,CCLR,1,5,10,0.01,0.346366532498193,19
3,CCLR,1,5,10,0.1,0.3463557942278081,19
3,CCLR,1,5,10,1.0,0.3462518868748717,19
3,CCLR,1,5,10,10.0,0.3454871591542929,19
3,CCLR,1,5,10,100.0,0.3445168804614313,19
3,CCLR,1,5,20,0.01,0.3467876290000295,19
3,CCLR,1,5,20,0.1,0.3467723011452563,19
3,CCLR,1,5,20,1.0,0.3466239372452477,19
3,CCLR,1,5,20,10.0,0.34552886431622254,19
3,CCLR,1,5,20,100.0,0.34409729387609245,19
3,CCLR,1,10,2,0.01,0.34610696310134503,19
3,CCLR,1,10,2,0.1,0.34610093293210986,19
3,CCLR,1,10,2,1.0,0.34604257090803725,19
3,CCLR,1,10,2,10.0,0.3456120826908314,19
3,CCLR,1,10,2,100.0,0.3450452306796206,19
3,CCLR,1,10,5,0.01,0.3475993242986675,19
3,CCLR,1,10,5,0.1,0.3475867250515314,19
3,CCLR,1,10,5,1.0,0.34746450561954095,19
3,CCLR,1,10,5,10.0,0.34654234020104613,19
3,CCLR,1,10,5,100.0,0.3449740779264407,19
3,CCLR,1,10,10,0.01,0.34841018761571,19
3,CCLR,1,10,10,0.1,0.34839092976890135,19
3,CCLR,1,10,10,1.0,0.3482041670125342,19
3,CCLR,1,10,10,10.0,0.34679885589032977,19
3,CCLR,1,10,10,100.0,0.3444861505952218,19
3,CCLR,1,10,20,0.01,0.34963548328189376,19
3,CCLR,1,10,20,0.1,0.3496084303431466,19
3,CCLR,1,10,20,1.0,0.3493460126294799,19
3,CCLR,1,10,20,10.0,0.3473675782919026,19
3,CCLR,1,10,20,100.0,0.3440695957551993,19
3,CCLR,1,20,2,0.01,0.3459338839743422,19
3,CCLR,1,20,2,0.1,0.34592703290240434,19
3,CCLR,1,20,2,1.0,0.3458607845906204,19
3,CCLR,1,20,2,10.0,0.3453765883477538,19
3,CCLR,1,20,2,100.0,0.34482241365972727,19
3,CCLR,1,20,5,0.01,0.3476281833919223,19
3,CCLR,1,20,5,0.1,0.34761355289275664,19
3,CCLR,1,20,5,1.0,0.34747169900577113,19
3,CCLR,1,20,5,10.0,0.34640673032727376,19
3,CCLR,1,20,5,100.0,0.3446950296495376,19
3,CCLR,1,20,10,0.01,0.3488347109020617,19
3,CCLR,1,20,10,0.1,0.3488119151307718,19
3,CCLR,1,20,10,1.0,0.34859084472184054,19
3,CCLR,1,20,10,10.0,0.34692793598051186,19
3,CCLR,1,20,10,100.0,0.3442173044106128,19
3,CCLR,1,20,20,0.01,0.3508013399774369,19
3,CCLR,1,20,20,0.1,0.35076790813444947,19
3,CCLR,1,20,20,1.0,0.35044351399522233,19
3,CCLR,1,20,20,10.0,0.3479909650051703,19
3,CCLR,1,20,20,100.0,0.34381593494546187,19
3,CCLR,1,30,2,0.01,0.3459650626911543,19
3,CCLR,1,30,2,0.1,0.34595766778177917,19
3,CCLR,1,30,2,1.0,0.3458861538246173,19
3,CCLR,1,30,2,10.0,0.345363035333845,19
3,CCLR,1,30,2,100.0,0.34476043880285073,19
3,CCLR,1,30,5,0.01,0.34732591739498025,19
3,CCLR,1,30,5,0.1,0.347311847511663,19
3,CCLR,1,30,5,1.0,0.3471754886072798,19
3,CCLR,1,30,5,10.0,0.34615622626104203,19
3,CCLR,1,30,5,100.0,0.3445969848986665,19
3,CCLR,1,30,10,0.01,0.3490698579793119,19
3,CCLR,1,30,10,0.1,0.3490457667530048,19
3,CCLR,1,30,10,1.0,0.3488121098544065,19
3,CCLR,1,30,10,10.0,0.34705291725226467,19
3,CCLR,1,30,10,100.0,0.3441645804647222,19
3,CCLR,1,30,20,0.01,0.35187559207463454,19
3,CCLR,1,30,20,0.1,0.3518383236175014,19
3,CCLR,1,30,20,1.0,0.351476544753856,19
3,CCLR,1,30,20,10.0,0.3487299725366183,19
3,CCLR,1,30,20,100.0,0.34387854909554644,19
3,CCLR,2,5,2,0.01,0.3298230513916082,19
3,CCLR,2,5,2,0.1,0.32981801051555865,19
3,CCLR,2,5,2,1.0,0.329769009784149,19
3,CCLR,2,5,2,10.0,0.329391642841918,19
3,CCLR,2,5,2,100.0,0.32861377594185254,19
3,CCLR,2,5,5,0.01,0.3301571095366233,19
3,CCLR,2,5,5,0.1,0.3301477498046356,19
3,CCLR,2,5,5,1.0,0.3300569435925587,19
3,CCLR,2,5,5,10.0,0.3293708595769463,19
3,CCLR,2,5,5,100.0,0.3281857955930228,19
3,CCLR,2,5,10,0.01,0.33084004152322943,19
3,CCLR,2,5,10,0.1,0.3308259593890216,19
3,CCLR,2,5,10,1.0,0.3306893473857832,19
3,CCLR,2,5,10,10.0,0.3296581191826408,19
3,CCLR,2,5,10,100.0,0.32790267115843497,19
3,CCLR,2,5,20,0.01,0.3316808154401489,19
3,CCLR,2,5,20,0.1,0.33166255152137314,19
3,CCLR,2,5,20,1.0,0.33148530435649465,19
3,CCLR,2,5,20,10.0,0.3301425733371587,19
3,CCLR,2,5,20,100.0,0.3277873632751539,19
3,CCLR,2,10,2,0.01,0.3297558829269324,19
3,CCLR,2,10,2,0.1,0.3297507104389099,19
3,CCLR,2,10,2,1.0,0.329700452804808,19
3,CCLR,2,10,2,10.0,0.32931513855578204,19
3,CCLR,2,10,2,100.0,0.32855354178253593,19
3,CCLR,2,10,5,0.01,0.33064955194817147,19
3,CCLR,2,10,5,0.1,0.33063826673228036,19
3,CCLR,2,10,5,1.0,0.3305287221397853,19
3,CCLR,2,10,5,10.0,0.3296968902868326,19
3,CCLR,2,10,5,100.0,0.3281948149616756,19
3,CCLR,2,10,10,0.01,0.3320099041108883,19
3,CCLR,2,10,10,0.1,0.33199123219900606,19
3,CCLR,2,10,10,1.0,0.3318099416726569,19
3,CCLR,2,10,10,10.0,0.33043050888866665,19
3,CCLR,2,10,10,100.0,0.3279164954723578,19
3,CCLR,2,10,20,0.01,0.3337170474070464,19
3,CCLR,2,10,20,0.1,0.33369071990246246,19
3,CCLR,2,10,20,1.0,0.3334349832352288,19
3,CCLR,2,10,20,10.0,0.3314808404950414,19
3,CCLR,2,10,20,100.0,0.3277989889171531,19
3,CCLR,2,20,2,0.01,0.32927180332932116,19
3,CCLR,2,20,2,0.1,0.32926683684891883,19
3,CCLR,2,20,2,1.0,0.3292187012425398,19
3,CCLR,2,20,2,10.0,0.3288585892224302,19
3,CCLR,2,20,2,100.0,0.3282980143808875,19
3,CCLR,2,20,5,0.01,0.3311285706880267,19
3,CCLR,2,20,5,0.1,0.3311146886998919,19
3,CCLR,2,20,5,1.0,0.3309799178671403,19
3,CCLR,2,20,5,10.0,0.3299553017395943,19
3,CCLR,2,20,5,100.0,0.3280959893309382,19
3,CCLR,2,20,10,0.01,0.3339532751936294,19
3,CCLR,2,20,10,0.1,0.3339273422249331,19
3,CCLR,2,20,10,1.0,0.3336753019056524,19
3,CCLR,2,20,10,10.0,0.3317399159892235,19
3,CCLR,2,20,10,100.0,0.32797126504042506,19
3,CCLR,2,20,20,0.01,0.3363832376929078,19
3,CCLR,2,20,20,0.1,0.3363465419449219,19
3,CCLR,2,20,20,1.0,0.33598980259557054,19
3,CCLR,2,20,20,10.0,0.33324372027048943,19
3,CCLR,2,20,20,100.0,0.3278087351688872,19
3,CCLR,2,30,2,0.01,0.3292038455373007,19
3,CCLR,2,30,2,0.1,0.32919889668403746,19
3,CCLR,2,30,2,1.0,0.32915094625563684,19
3,CCLR,2,30,2,10.0,0.32879333364404717,19
3,CCLR,2,30,2,100.0,0.32825879617970927,19
3,CCLR,2,30,5,0.01,0.33126328226037305,19
3,CCLR,2,30,5,0.1,0.3312486787633539,19
3,CCLR,2,30,5,1.0,0.3311068930180568,19
3,CCLR,2,30,5,10.0,0.330028301117808,19
3,CCLR,2,30,5,100.0,0.3280668996132517,19
3,CCLR,2,30,10,0.01,0.3347723532680727,19
3,CCLR,2,30,10,0.1,0.3347432615822043,19
3,CCLR,2,30,10,1.0,0.33446041908893287,19
3,CCLR,2,30,10,10.0,0.33228152446100573,19
3,CCLR,2,30,10,100.0,0.3279634892340062,19
3,CCLR,2,30,20,0.01,0.33775683142551133,19
3,CCLR,2,30,20,0.1,0.33771479885091776,19
3,CCLR,2,30,20,1.0,0.3373060515477571,19
3,CCLR,2,30,20,10.0,0.3341509633381201,19
3,CCLR,2,30,20,100.0,0.32780456463339364,19
3,CCLR,3,5,2,0.01,0.3167594934993583,19
3,CCLR,3,5,2,0.1,0.3167477995271658,19
3,CCLR,3,5,2,1.0,0.31663423867373786,19
3,CCLR,3,5,2,10.0,0.31576825129092273,19
3,CCLR,3,5,2,100.0,0.3141363022985167,19
3,CCLR,3,5,5,0.01,0.3179401747298001,19
3,CCLR,3,5,5,0.1,0.317923734505868,19
3,CCLR,3,5,5,1.0,0.317763993869002,19
3,CCLR,3,5,5,10.0,0.3165395040744872,19
3,CCLR,3,5,5,100.0,0.3141384528090901,19
3,CCLR,3,5,10,0.01,0.3203231785931453,19
3,CCLR,3,5,10,0.1,0.32029759327463486,19
3,CCLR,3,5,10,1.0,0.3200488412555481,19
3,CCLR,3,5,10,10.0,0.3181309865081923,19
3,CCLR,3,5,10,100.0,0.3142045827977428,19
3,CCLR,3,5,20,0.01,0.321270897991454,19
3,CCLR,3,5,20,0.1,0.3212389343905607,19
3,CCLR,3,5,20,1.0,0.32092827618482217,19
3,CCLR,3,5,20,10.0,0.31854150153572336,19
3,CCLR,3,5,20,100.0,0.31382263874770505,19
3,CCLR,3,10,2,0.01,0.31691336357736377,19
3,CCLR,3,10,2,0.1,0.31690028401473624,19
3,CCLR,3,10,2,1.0,0.3167732522549595,19
3,CCLR,3,10,2,10.0,0.3158040758823412,19
3,CCLR,3,10,2,100.0,0.3140075154348532,19
3,CCLR,3,10,5,0.01,0.3191661382872284,19
3,CCLR,3,10,5,0.1,0.31914498320098983,19
3,CCLR,3,10,5,1.0,0.31893929737423854,19
3,CCLR,3,10,5,10.0,0.31735361602412393,19
3,CCLR,3,10,5,100.0,0.3141464407358718,19
3,CCLR,3,10,10,0.01,0.3228351946541197,19
3,CCLR,3,10,10,0.1,0.3228001582249046,19
3,CCLR,3,10,10,1.0,0.3224593219177571,19
3,CCLR,3,10,10,10.0,0.3198182312504383,19
3,CCLR,3,10,10,100.0,0.31426536685408424,19
3,CCLR,3,10,20,0.01,0.3253557910367384,19
3,CCLR,3,10,20,0.1,0.3253086633865701,19
3,CCLR,3,10,20,1.0,0.32485023972713034,19
3,CCLR,3,10,20,10.0,0.3213015085678509,19
3,CCLR,3,10,20,100.0,0.31394867748885646,19
3,CCLR,3,20,2,0.01,0.31640237950645983,19
3,CCLR,3,20,2,0.1,0.3163892702214743,19
3,CCLR,3,20,2,1.0,0.3162620307990905,19
3,CCLR,3,20,2,10.0,0.3152981264413899,19
3,CCLR,3,20,2,100.0,0.31367663085048764,19
3,CCLR,3,20,5,0.01,0.31895922687535466,19
3,CCLR,3,20,5,0.1,0.31893706691761325,19
3,CCLR,3,20,5,1.0,0.3187216643219359,19
3,CCLR,3,20,5,10.0,0.3170658585213187,19
3,CCLR,3,20,5,100.0,0.31384842481208086,19
3,CCLR,3,20,10,0.01,0.3237507731765348,19
3,CCLR,3,20,10,0.1,0.32371146575394394,19
3,CCLR,3,20,10,1.0,0.323329040307033,19
3,CCLR,3,20,10,10.0,0.3203635323063238,19
3,CCLR,3,20,10,100.0,0.3141467427828539,19
3,CCLR,3,20,20,0.01,0.32842982263660714,19
3,CCLR,3,20,20,0.1,0.32837114750860114,19
3,CCLR,3,20,20,1.0,0.32780018193666627,19
3,CCLR,3,20,20,10.0,0.32336547165874385,19
3,CCLR,3,20,20,100.0,0.31400971795550175,19
3,CCLR,3,30,2,0.01,0.316548285529441,19
3,CCLR,3,30,2,0.1,0.3165355309680339,19
3,CCLR,3,30,2,1.0,0.31641167777596146,19
3,CCLR,3,30,2,10.0,0.31546923112091413,19
3,CCLR,3,30,2,100.0,0.3138133454391569,19
3,CCLR,3,30,5,0.01,0.3190267357947675,19
3,CCLR,3,30,5,0.1,0.3190051498462492,19
3,CCLR,3,30,5,1.0,0.3187952773817307,19
3,CCLR,3,30,5,10.0,0.3171782817380811,19
3,CCLR,3,30,5,100.0,0.31397237241516,19
3,CCLR,3,30,10,0.01,0.3236327778758329,19
3,CCLR,3,30,10,0.1,0.32359451440076586,19
3,CCLR,3,30,10,1.0,0.3232222178481229,19
3,CCLR,3,30,10,10.0,0.32033308246472325,19
3,CCLR,3,30,10,100.0,0.31423371184523474,19
3,CCLR,3,30,20,0.01,0.32938722270981924,19
3,CCLR,3,30,20,0.1,0.32932596865426617,19
3,CCLR,3,30,20,1.0,0.32872980604494434,19
3,CCLR,3,30,20,10.0,0.32409194559699833,19
3,CCLR,3,30,20,100.0,0.31418785381311637,19
4,CCLR,0,5,2,0.01,0.31709050251624993,19
4,CCLR,0,5,2,0.1,0.3170845567396534,19
4,CCLR,0,5,2,1.0,0.31702689898319136,19
4,CCLR,0,5,2,10.0,0.31659292494216756,19
4,CCLR,0,5,2,100.0,0.315850799745108,19
4,CCLR,0,5,5,0.01,0.3175773028312872,19
4,CCLR,0,5,5,0.1,0.31756779062144436,19
4,CCLR,0,5,5,1.0,0.31747557382000857,19
4,CCLR,0,5,5,10.0,0.31678339799327726,19
4,CCLR,0,5,5,100.0,0.3156324457484538,19
4,CCLR,0,5,10,0.01,0.3188727939686814,19
4,CCLR,0,5,10,0.1,0.3188552253255716,19
4,CCLR,0,5,10,1.0,0.3186848580981495,19
4,CCLR,0,5,10,10.0,0.3174030410300642,19
4,CCLR,0,5,10,100.0,0.31524166115619756,19
4,CCLR,0,5,20,0.01,0.3191582359103381,19
4,CCLR,0,5,20,0.1,0.3191365288235447,19
4,CCLR,0,5,20,1.0,0.3189261122382655,19
4,CCLR,0,5,20,10.0,0.31734938360151854,19
4,CCLR,0,5,20,100.0,0.314815510233175,19
4,CCLR,0,10,2,0.01,0.31754547223575924,19
4,CCLR,0,10,2,0.1,0.31753767901887525,19
4,CCLR,0,10,2,1.0,0.31746206132611315,19
4,CCLR,0,10,2,10.0,0.3168895961372138,19
4,CCLR,0,10,2,100.0,0.31585528499885207,19
4,CCLR,0,10,5,0.01,0.3185175597328131,19
4,CCLR,0,10,5,0.1,0.3185044944465886,19
4,CCLR,0,10,5,1.0,0.3183777097337986,19
4,CCLR,0,10,5,10.0,0.31741714633640117,19
4,CCLR,0,10,5,100.0,0.3156762852452589,19
4,CCLR,0,10,10,0.01,0.320544497543373,19
4,CCLR,0,10,10,0.1,0.3205201028504241,19
4,CCLR,0,10,10,1.0,0.3202833443855958,19
4,CCLR,0,10,10,10.0,0.31848777769378583,19
4,CCLR,0,10,10,100.0,0.3152400114907346,19
4,CCLR,0,10,20,0.01,0.32148580906829055,19
4,CCLR,0,10,20,0.1,0.3214545028215002,19
4,CCLR,0,10,20,1.0,0.3211507175823625,19
4,CCLR,0,10,20,10.0,0.31885125246453255,19
4,CCLR,0,10,20,100.0,0.3147951355632076,19
4,CCLR,0,20,2,0.01,0.3169169467138871,19
4,CCLR,0,20,2,0.1,0.31690974177311115,19
4,CCLR,0,20,2,1.0,0.31683998147559883,19
4,CCLR,0,20,2,10.0,0.31632290972124544,19
4,CCLR,0,20,2,100.0,0.3155731302647748,19
4,CCLR,0,20,5,0.01,0.3172769855683154,19
4,CCLR,0,20,5,0.1,0.31726623278903027,19
4,CCLR,0,20,5,1.0,0.3171621216809605,19
4,CCLR,0,20,5,10.0,0.31639060531633845,19
4,CCLR,0,20,5,100.0,0.3152811778410627,19
4,CCLR,0,20,10,0.01,0.3196339477745038,19
4,CCLR,0,20,10,0.1,0.3196109812752379,19
4,CCLR,0,20,10,1.0,0.3193882739275245,19
4,CCLR,0,20,10,10.0,0.3177133147159512,19
4,CCLR,0,20,10,100.0,0.3149161489808104,19
4,CCLR,0,20,20,0.01,0.3217480866419975,19
4,CCLR,0,20,20,0.1,0.32171394137548825,19
4,CCLR,0,20,20,1.0,0.3213826654184092,19
4,CCLR,0,20,20,10.0,0.3188795874369402,19
4,CCLR,0,20,20,100.0,0.31454518778148044,19
4,CCLR,0,30,2,0.01,0.3171033613163998,19
4,CCLR,0,30,2,0.1,0.31709600716179387,19
4,CCLR,0,30,2,1.0,0.3170247570591875,19
4,CCLR,0,30,2,10.0,0.316493252551022,19
4,CCLR,0,30,2,100.0,0.31566202955331074,19
4,CCLR,0,30,5,0.01,0.3178363373069704,19
4,CCLR,0,30,5,0.1,0.3178243164109322,19
4,CCLR,0,30,5,1.0,0.3177078129654887,19
4,CCLR,0,30,5,10.0,0.3168359123317978,19
4,CCLR,0,30,5,100.0,0.3154308842419797,19
4,CCLR,0,30,10,0.01,0.32028653191458023,19
4,CCLR,0,30,10,0.1,0.32026193956140053,19
4,CCLR,0,30,10,1.0,0.3200233471321262,19
4,CCLR,0,30,10,10.0,0.3182201595174206,19
4,CCLR,0,30,10,100.0,0.31506416821525457,19
4,CCLR,0,30,20,0.01,0.3226256979155132,19
4,CCLR,0,30,20,0.1,0.322588916327868,19
4,CCLR,0,30,20,1.0,0.32223192662301586,19
4,CCLR,0,30,20,10.0,0.3195246121408757,19
4,CCLR,0,30,20,100.0,0.31467689203095545,19
4,CCLR,1,5,2,0.01,0.3261239263287455,19
4,CCLR,1,5,2,0.1,0.32611496630442505,19
4,CCLR,1,5,2,1.0,0.3260280688405423,19
4,CCLR,1,5,2,10.0,0.3253737262215739,19
4,CCLR,1,5,2,100.0,0.32427099157030354,19
4,CCLR,1,5,5,0.01,0.32686876288147004,19
4,CCLR,1,5,5,0.1,0.3268564241005746,19
4,CCLR,1,5,5,1.0,0.3267366975757923,19
4,CCLR,1,5,5,10.0,0.32583063255955,19
4,CCLR,1,5,5,100.0,0.3242261610417928,19
4,CCLR,1,5,10,0.01,0.32792886131970606,19
4,CCLR,1,5,10,0.1,0.32790916958400507,19
4,CCLR,1,5,10,1.0,0.3277181372536642,19
4,CCLR,1,5,10,10.0,0.32627582627224017,19
4,CCLR,1,5,10,100.0,0.323793616369977,19
4,CCLR,1,5,20,0.01,0.32839380553763775,19
4,CCLR,1,5,20,0.1,0.328370698872735,19
4,CCLR,1,5,20,1.0,0.3281465544923785,19
4,CCLR,1,5,20,10.0,0.3264556432635798,19
4,CCLR,1,5,20,100.0,0.3235766418627085,19
4,CCLR,1,10,2,0.01,0.32609154327809053,19
4,CCLR,1,10,2,0.1,0.326080819459956,19
4,CCLR,1,10,2,1.0,0.3259768894047446,19
4,CCLR,1,10,2,10.0,0.3251999141238853,19
4,CCLR,1,10,2,100.0,0.32399642669886614,19
4,CCLR,1,10,5,0.01,0.32746330413794505,19
4,CCLR,1,10,5,0.1,0.32744659170399,19
4,CCLR,1,10,5,1.0,0.32728446310781956,19
4,CCLR,1,10,5,10.0,0.3260603697185562,19
4,CCLR,1,10,5,100.0,0.32394883427346177,19
4,CCLR,1,10,10,0.01,0.32925276424118,19
4,CCLR,1,10,10,0.1,0.3292259666546597,19
4,CCLR,1,10,10,1.0,0.3289659259254221,19
4,CCLR,1,10,10,10.0,0.32699751423141743,19
4,CCLR,1,10,10,100.0,0.32354443069350713,19
4,CCLR,1,10,20,0.01,0.330093489574122,19
4,CCLR,1,10,20,0.1,0.33006169885804043,19
4,CCLR,1,10,20,1.0,0.3297531896045109,19
4,CCLR,1,10,20,10.0,0.3274170050990136,19
4,CCLR,1,10,20,100.0,0.32331733659010925,19
4,CCLR,1,20,2,0.01,0.3259331741195848,19
4,CCLR,1,20,2,0.1,0.3259230458803631,19
4,CCLR,1,20,2,1.0,0.3258248552112888,19
4,CCLR,1,20,2,10.0,0.32508908209698223,19
4,CCLR,1,20,2,100.0,0.32396385296667995,19
4,CCLR,1,20,5,0.01,0.3279750703366782,19
4,CCLR,1,20,5,0.1,0.327956017907341,19
4,CCLR,1,20,5,1.0,0.3277710829305955,19
4,CCLR,1,20,5,10.0,0.3263678149380224,19
4,CCLR,1,20,5,100.0,0.3238826820818836,19
4,CCLR,1,20,10,0.01,0.3307516110896161,19
4,CCLR,1,20,10,0.1,0.3307193464049845,19
4,CCLR,1,20,10,1.0,0.3304060095245631,19
4,CCLR,1,20,10,10.0,0.3280171088724501,19
4,CCLR,1,20,10,100.0,0.3236020767812677,19
4,CCLR,1,20,20,0.01,0.3323586982444558,19
4,CCLR,1,20,20,0.1,0.33231840624565795,19
4,CCLR,1,20,20,1.0,0.33192705606415274,19
4,CCLR,1,20,20,10.0,0.32893962166086205,19
4,CCLR,1,20,20,100.0,0.32337650812815977,19
4,CCLR,1,30,2,0.01,0.3267978307759359,19
4,CCLR,1,30,2,0.1,0.3267857868948793,19
4,CCLR,1,30,2,1.0,0.32666882623631927,19
4,CCLR,1,30,2,10.0,0.32577788364801635,19
4,CCLR,1,30,2,100.0,0.32418099075745854,19
4,CCLR,1,30,5,0.01,0.3283781967275232,19
4,CCLR,1,30,5,0.1,0.3283584260275084,19
4,CCLR,1,30,5,1.0,0.3281664086608382,19
4,CCLR,1,30,5,10.0,0.326701540470713,19
4,CCLR,1,30,5,100.0,0.32399830265234497,19
4,CCLR,1,30,10,0.01,0.3312016327275982,19
4,CCLR,1,30,10,0.1,0.3311681060959267,19
4,CCLR,1,30,10,1.0,0.33084241464884895,19
4,CCLR,1,30,10,10.0,0.32835237764622854,19
4,CCLR,1,30,10,100.0,0.3236632073067547,19
4,CCLR,1,30,20,0.01,0.33354299660011205,19
4,CCLR,1,30,20,0.1,0.3334991133012714,19
4,CCLR,1,30,20,1.0,0.33307268973709825,19
4,CCLR,1,30,20,10.0,0.3298038268093756,19
4,CCLR,1,30,20,100.0,0.32352398909542035,19
4,CCLR,2,5,2,0.01,0.3133201449595293,19
4,CCLR,2,5,2,0.1,0.31330930851046657,19
4,CCLR,2,5,2,1.0,0.31320417114795474,19
4,CCLR,2,5,2,10.0,0.3124093589071114,19
4,CCLR,2,5,2,100.0,0.3110163077950359,19
4,CCLR,2,5,5,0.01,0.3137232913114875,19
4,CCLR,2,5,5,0.1,0.31371034137032683,19
4,CCLR,2,5,5,1.0,0.3135846885327137,19
4,CCLR,2,5,5,10.0,0.31263401271013447,19
4,CCLR,2,5,5,100.0,0.3109526885921885,19
4,CCLR,2,5,10,0.01,0.3155160425723064,19
4,CCLR,2,5,10,0.1,0.315494761262104,19
4,CCLR,2,5,10,1.0,0.3152881647066788,19
4,CCLR,2,5,10,10.0,0.31371743460754287,19
4,CCLR,2,5,10,100.0,0.31081520745329055,19
4,CCLR,2,5,20,0.01,0.315650558584095,19
4,CCLR,2,5,20,0.1,0.31562329327792327,19
4,CCLR,2,5,20,1.0,0.3153588615811291,19
4,CCLR,2,5,20,10.0,0.31336787428691043,19
4,CCLR,2,5,20,100.0,0.3100364396177914,19
4,CCLR,2,10,2,0.01,0.3131174131414493,19
4,CCLR,2,10,2,0.1,0.31310650241408844,19
4,CCLR,2,10,2,1.0,0.31300070544005476,19
4,CCLR,2,10,2,10.0,0.31220543298809517,19
4,CCLR,2,10,2,100.0,0.3108878603559834,19
4,CCLR,2,10,5,0.01,0.31427883599691375,19
4,CCLR,2,10,5,0.1,0.31426305525462017,19
4,CCLR,2,10,5,1.0,0.31410991388086024,19
4,CCLR,2,10,5,10.0,0.3129497149503741,19
4,CCLR,2,10,5,100.0,0.3108737820766394,19
4,CCLR,2,10,10,0.01,0.31592015425962117,19
4,CCLR,2,10,10,0.1,0.31589623260511973,19
4,CCLR,2,10,10,1.0,0.3156640248298805,19
4,CCLR,2,10,10,10.0,0.3139002095136593,19
4,CCLR,2,10,10,100.0,0.310673365854721,19
4,CCLR,2,10,20,0.01,0.31677361908914564,19
4,CCLR,2,10,20,0.1,0.3167409247981739,19
4,CCLR,2,10,20,1.0,0.316423743199082,19
4,CCLR,2,10,20,10.0,0.31402864590287916,19
4,CCLR,2,10,20,100.0,0.3099152360731903,19
4,CCLR,2,20,2,0.01,0.311921007460218,19
4,CCLR,2,20,2,0.1,0.31191391803223334,19
4,CCLR,2,20,2,1.0,0.31184536129767926,19
4,CCLR,2,20,2,10.0,0.31134370365170905,19
4,CCLR,2,20,2,100.0,0.3107366810630535,19
4,CCLR,2,20,5,0.01,0.3133268862740339,19
4,CCLR,2,20,5,0.1,0.31331307075491194,19
4,CCLR,2,20,5,1.0,0.313179192818764,19
4,CCLR,2,20,5,10.0,0.3121788839932506,19
4,CCLR,2,20,5,100.0,0.31060725232145964,19
4,CCLR,2,20,10,0.01,0.31612630651415546,19
4,CCLR,2,20,10,0.1,0.31610008146225876,19
4,CCLR,2,20,10,1.0,0.31584558586725436,19
4,CCLR,2,20,10,10.0,0.31391765717974335,19
4,CCLR,2,20,10,100.0,0.310470928091298,19
4,CCLR,2,20,20,0.01,0.3182222548576221,19
4,CCLR,2,20,20,0.1,0.3181830698565673,19
4,CCLR,2,20,20,1.0,0.31780278596227945,19
4,CCLR,2,20,20,10.0,0.3149216102322503,19
4,CCLR,2,20,20,100.0,0.3098271457792907,19
4,CCLR,2,30,2,0.01,0.311847022955119,19
4,CCLR,2,30,2,0.1,0.311839467174553,19
4,CCLR,2,30,2,1.0,0.3117664277499196,19
4,CCLR,2,30,2,10.0,0.31123402635381314,19
4,CCLR,2,30,2,100.0,0.3106274231727982,19
4,CCLR,2,30,5,0.01,0.31290534550025,19
4,CCLR,2,30,5,0.1,0.3128921972964582,19
4,CCLR,2,30,5,1.0,0.31276487578848505,19
4,CCLR,2,30,5,10.0,0.31182029556979285,19
4,CCLR,2,30,5,100.0,0.3104545442287161,19
4,CCLR,2,30,10,0.01,0.3158764548375013,19
4,CCLR,2,30,10,0.1,0.315850310755699,19
4,CCLR,2,30,10,1.0,0.3155966618507727,19
4,CCLR,2,30,10,10.0,0.3136797796919199,19
4,CCLR,2,30,10,100.0,0.31033584740663556,19
4,CCLR,2,30,20,0.01,0.3188121024779951,19
4,CCLR,2,30,20,0.1,0.31876906267751637,19
4,CCLR,2,30,20,1.0,0.31835134886963806,19
4,CCLR,2,30,20,10.0,0.3151857716978019,19
4,CCLR,2,30,20,100.0,0.30960787945014706,19
4,CCLR,3,5,2,0.01,0.33406342643838777,18
4,CCLR,3,5,2,0.1,0.3340553887433855,18
4,CCLR,3,5,2,1.0,0.33397795696784566,18
4,CCLR,3,5,2,10.0,0.3334341517665128,18
4,CCLR,3,5,2,100.0,0.3332198636019452,18
4,CCLR,3,5,5,0.01,0.33407490753710767,18
4,CCLR,3,5,5,0.1,0.3340638603180953,18
4,CCLR,3,5,5,1.0,0.3339573557832592,18
4,CCLR,3,5,5,10.0,0.3332033411823423,18
4,CCLR,3,5,5,100.0,0.33279347220414723,18
4,CCLR,3,5,10,0.01,0.334938256418086,18
4,CCLR,3,5,10,0.1,0.3349228088328089,18
4,CCLR,3,5,10,1.0,0.3347735481937849,18
4,CCLR,3,5,10,10.0,0.33369209576785014,18
4,CCLR,3,5,10,100.0,0.33266055686930196,18
4,CCLR,3,5,20,0.01,0.33601798491430573,18
4,CCLR,3,5,20,0.1,0.3359981961860016,18
4,CCLR,3,5,20,1.0,0.3358066818190436,18
4,CCLR,3,5,20,10.0,0.33439627990785814,18
4,CCLR,3,5,20,100.0,0.3326562584429681,18
4,CCLR,3,10,2,0.01,0.33494230811038345,18
4,CCLR,3,10,2,0.1,0.3349297984895356,18
4,CCLR,3,10,2,1.0,0.33480890536833247,18
4,CCLR,3,10,2,10.0,0.3339316823334246,18
4,CCLR,3,10,2,100.0,0.3330828061111546,18
4,CCLR,3,10,5,0.01,0.3354513003264179,18
4,CCLR,3,10,5,0.1,0.335433471838063,18
4,CCLR,3,10,5,1.0,0.33526105720434657,18
4,CCLR,3,10,5,10.0,0.334000885653428,18
4,CCLR,3,10,5,100.0,0.33261214409348855,18
4,CCLR,3,10,10,0.01,0.3376920663074085,18
4,CCLR,3,10,10,0.1,0.3376651239960978,18
4,CCLR,3,10,10,1.0,0.337404015347343,18
4,CCLR,3,10,10,10.0,0.3354544011618009,18
4,CCLR,3,10,10,100.0,0.332595080678345,18
4,CCLR,3,10,20,0.01,0.3394666406841888,18
4,CCLR,3,10,20,0.1,0.33943231542084834,18
4,CCLR,3,10,20,1.0,0.3390993489975179,18
4,CCLR,3,10,20,10.0,0.33659071602377005,18
4,CCLR,3,10,20,100.0,0.3325453369081112,18
4,CCLR,3,20,2,0.01,0.33624171155339,18
4,CCLR,3,20,2,0.1,0.33622380465626134,18
4,CCLR,3,20,2,1.0,0.3360503865646853,18
4,CCLR,3,20,2,10.0,0.33476496637325304,18
4,CCLR,3,20,2,100.0,0.3330523813610397,18
4,CCLR,3,20,5,0.01,0.3376687845038399,18
4,CCLR,3,20,5,0.1,0.33764222783285797,18
4,CCLR,3,20,5,1.0,0.33738484752631653,18
4,CCLR,3,20,5,10.0,0.335462410532412,18
4,CCLR,3,20,5,100.0,0.3326341119924701,18
4,CCLR,3,20,10,0.01,0.34106375630742103,18
4,CCLR,3,20,10,0.1,0.34102434733040216,18
4,CCLR,3,20,10,1.0,0.3406417824717378,18
4,CCLR,3,20,10,10.0,0.33773867798598317,18
4,CCLR,3,20,10,100.0,0.33272461808843723,18
4,CCLR,3,20,20,0.01,0.34406122411684065,18
4,CCLR,3,20,20,0.1,0.3440104375384314,18
4,CCLR,3,20,20,1.0,0.34351701450053274,18
4,CCLR,3,20,20,10.0,0.3397429906684905,18
4,CCLR,3,20,20,100.0,0.3327745444686452,18
4,CCLR,3,30,2,0.01,0.33705985798516713,18
4,CCLR,3,30,2,0.1,0.3370385484674963,18
4,CCLR,3,30,2,1.0,0.3368320135850038,18
4,CCLR,3,30,2,10.0,0.3352889753965198,18
4,CCLR,3,30,2,100.0,0.33302878864778906,18
4,CCLR,3,30,5,0.01,0.3392601142052859,18
4,CCLR,3,30,5,0.1,0.3392267577775509,18
4,CCLR,3,30,5,1.0,0.3389032117258283,18
4,CCLR,3,30,5,10.0,0.33646714455903676,18
4,CCLR,3,30,5,100.0,0.33256391280518816,18
4,CCLR,3,30,10,0.01,0.34239416741494877,18
4,CCLR,3,30,10,0.1,0.3423486137170287,18
4,CCLR,3,30,10,1.0,0.341906275776367,18
4,CCLR,3,30,10,10.0,0.33854070426891236,18
4,CCLR,3,30,10,100.0,0.3325931017384575,18
4,CCLR,3,30,20,0.01,0.34584237509459015,18
4,CCLR,3,30,20,0.1,0.34578432710065493,18
4,CCLR,3,30,20,1.0,0.34522019801733217,18
4,CCLR,3,30,20,10.0,0.34089407080624984,18
4,CCLR,3,30,20,100.0,0.33273622084855364,18
