outer_fold,component,direction,collection,top_gene_count,pathway_gene_count,overlap_count,overlap_genes,p_value,fdr_bh
0,1,negative,MAPK_KRAS_signaling,50,384,3,CELSR2;IFI44L;RSAD2,0.021059636979382085,0.13514205548266578
0,1,negative,E2F_targets,50,195,0,,1.0,1.0
0,1,negative,G2M_checkpoint,50,187,0,,1.0,1.0
0,1,negative,apoptosis,50,159,3,LUM;NEDD9;TNFSF10,0.001879100618517223,0.03861799438185083
0,1,negative,epithelial_mesenchymal_transition,50,195,2,LRP1;LUM,0.03605769434394831,0.15791690953554005
0,1,negative,immediate_early_response,50,8,0,,1.0,1.0
0,1,positive,MAPK_KRAS_signaling,50,384,2,DUSP6;HBEGF,0.11711436088896492,0.4324222555900243
0,1,positive,E2F_targets,50,195,10,ASF1B;CDCA3;CDK1;HELLS;MCM4;POLA2;PSMC3IP;RAD51AP1;RFC3;RRM2,3.8290160349909443e-13,4.595335113580512e-11
0,1,positive,G2M_checkpoint,50,187,7,CDC45;CDK1;E2F1;GINS2;KIF11;KIF23;POLA2,1.4673949163231238e-08,1.6007944541706807e-06
0,1,positive,apoptosis,50,159,0,,1.0,1.0
0,1,positive,epithelial_mesenchymal_transition,50,195,0,,1.0,1.0
0,1,positive,immediate_early_response,50,8,1,DUSP6,0.012189583767522912,0.10523381669803952
0,2,negative,MAPK_KRAS_signaling,50,384,3,ADAM8;PCSK1N;SCG5,0.021059636979382085,0.13514205548266578
0,2,negative,E2F_targets,50,195,0,,1.0,1.0
0,2,negative,G2M_checkpoint,50,187,1,POLQ,0.2498424474885676,0.6059390940465911
0,2,negative,apoptosis,50,159,0,,1.0,1.0
0,2,negative,epithelial_mesenchymal_transition,50,195,2,MGP;TFPI2,0.03605769434394831,0.15791690953554005
0,2,negative,immediate_early_response,50,8,0,,1.0,1.0
0,2,positive,MAPK_KRAS_signaling,50,384,3,CBL;ETV1;IGFBP3,0.021059636979382085,0.13514205548266578
0,2,positive,E2F_targets,50,195,1,CDKN1B,0.2590389627049177,0.6059390940465911
0,2,positive,G2M_checkpoint,50,187,1,CDKN1B,0.2498424474885676,0.6059390940465911
0,2,positive,apoptosis,50,159,1,CDKN1B,0.2167651816129296,0.6059390940465911
0,2,positive,epithelial_mesenchymal_transition,50,195,4,COL16A1;COL7A1;IGFBP3;SNTB1,0.00022936699770803538,0.0070574460833241655
0,2,positive,immediate_early_response,50,8,0,,1.0,1.0
0,3,negative,MAPK_KRAS_signaling,50,384,0,,1.0,1.0
0,3,negative,E2F_targets,50,195,2,CDK1;SPAG5,0.03605769434394831,0.15791690953554005
0,3,negative,G2M_checkpoint,50,187,3,BUB1;CDK1;FANCC,0.0029750446061036955,0.03861799438185083
0,3,negative,apoptosis,50,159,0,,1.0,1.0
0,3,negative,epithelial_mesenchymal_transition,50,195,1,MYLK,0.2590389627049177,0.6059390940465911
0,3,negative,immediate_early_response,50,8,0,,1.0,1.0
0,3,positive,MAPK_KRAS_signaling,50,384,3,INHBA;MAST3;SPP1,0.021059636979382085,0.13514205548266578
0,3,positive,E2F_targets,50,195,0,,1.0,1.0
0,3,positive,G2M_checkpoint,50,187,0,,1.0,1.0
0,3,positive,apoptosis,50,159,0,,1.0,1.0
0,3,positive,epithelial_mesenchymal_transition,50,195,2,INHBA;SPP1,0.03605769434394831,0.15791690953554005
0,3,positive,immediate_early_response,50,8,0,,1.0,1.0
0,4,negative,MAPK_KRAS_signaling,50,384,3,CALCB;CXCL10;RSAD2,0.021059636979382085,0.13514205548266578
0,4,negative,E2F_targets,50,195,0,,1.0,1.0
0,4,negative,G2M_checkpoint,50,187,0,,1.0,1.0
0,4,negative,apoptosis,50,159,0,,1.0,1.0
0,4,negative,epithelial_mesenchymal_transition,50,195,3,EDIL3;MGP;SPOCK1,0.0033468928464270723,0.03861799438185083
0,4,negative,immediate_early_response,50,8,0,,1.0,1.0
0,4,positive,MAPK_KRAS_signaling,50,384,3,ANGPTL4;ETV1;PCP4,0.021059636979382085,0.13514205548266578
0,4,positive,E2F_targets,50,195,1,HMGA1,0.2590389627049177,0.6059390940465911
0,4,positive,G2M_checkpoint,50,187,1,HMGA1,0.2498424474885676,0.6059390940465911
0,4,positive,apoptosis,50,159,1,SLC20A1,0.2167651816129296,0.6059390940465911
0,4,positive,epithelial_mesenchymal_transition,50,195,2,NT5E;PTX3,0.03605769434394831,0.15791690953554005
0,4,positive,immediate_early_response,50,8,0,,1.0,1.0
0,5,negative,MAPK_KRAS_signaling,50,384,1,G0S2,0.4468440685515185,0.9626802195005785
0,5,negative,E2F_targets,50,195,2,RPA2;WEE1,0.03605769434394831,0.15791690953554005
0,5,negative,G2M_checkpoint,50,187,1,RPA2,0.2498424474885676,0.6059390940465911
0,5,negative,apoptosis,50,159,2,PMAIP1;WEE1,0.02478994479538037,0.14511187197295827
0,5,negative,epithelial_mesenchymal_transition,50,195,1,IL32,0.2590389627049177,0.6059390940465911
0,5,negative,immediate_early_response,50,8,0,,1.0,1.0
0,5,positive,MAPK_KRAS_signaling,50,384,1,PCP4,0.4468440685515185,0.9626802195005785
0,5,positive,E2F_targets,50,195,1,SPC25,0.2590389627049177,0.6059390940465911
0,5,positive,G2M_checkpoint,50,187,0,,1.0,1.0
0,5,positive,apoptosis,50,159,0,,1.0,1.0
0,5,positive,epithelial_mesenchymal_transition,50,195,0,,1.0,1.0
0,5,positive,immediate_early_response,50,8,0,,1.0,1.0
0,6,negative,MAPK_KRAS_signaling,50,384,0,,1.0,1.0
0,6,negative,E2F_targets,50,195,1,SPC24,0.2590389627049177,0.6059390940465911
0,6,negative,G2M_checkpoint,50,187,2,CDC45;STIL,0.03340855616934965,0.15791690953554005
0,6,negative,apoptosis,50,159,0,,1.0,1.0
0,6,negative,epithelial_mesenchymal_transition,50,195,0,,1.0,1.0
0,6,negative,immediate_early_response,50,8,0,,1.0,1.0
0,6,positive,MAPK_KRAS_signaling,50,384,3,HDAC9;HKDC1;PLAG1,0.021059636979382085,0.13514205548266578
0,6,positive,E2F_targets,50,195,0,,1.0,1.0
0,6,positive,G2M_checkpoint,50,187,0,,1.0,1.0
0,6,positive,apoptosis,50,159,1,BMF,0.2167651816129296,0.6059390940465911
0,6,positive,epithelial_mesenchymal_transition,50,195,1,CXCL1,0.2590389627049177,0.6059390940465911
0,6,positive,immediate_early_response,50,8,0,,1.0,1.0
0,7,negative,MAPK_KRAS_signaling,50,384,2,G0S2;TFF2,0.11711436088896492,0.4324222555900243
0,7,negative,E2F_targets,50,195,0,,1.0,1.0
0,7,negative,G2M_checkpoint,50,187,0,,1.0,1.0
0,7,negative,apoptosis,50,159,0,,1.0,1.0
0,7,negative,epithelial_mesenchymal_transition,50,195,0,,1.0,1.0
0,7,negative,immediate_early_response,50,8,0,,1.0,1.0
0,7,positive,MAPK_KRAS_signaling,50,384,3,MALL;TNFAIP3;WNT7A,0.021059636979382085,0.13514205548266578
0,7,positive,E2F_targets,50,195,0,,1.0,1.0
0,7,positive,G2M_checkpoint,50,187,0,,1.0,1.0
0,7,positive,apoptosis,50,159,1,IER3,0.2167651816129296,0.6059390940465911
0,7,positive,epithelial_mesenchymal_transition,50,195,2,FSTL1;TNFAIP3,0.03605769434394831,0.15791690953554005
0,7,positive,immediate_early_response,50,8,1,DUSP4,0.012189583767522912,0.10523381669803952
0,8,negative,MAPK_KRAS_signaling,50,384,2,FGFR3;MMP9,0.11711436088896492,0.4324222555900243
0,8,negative,E2F_targets,50,195,1,PRIM2,0.2590389627049177,0.6059390940465911
0,8,negative,G2M_checkpoint,50,187,2,E2F2;PRIM2,0.03340855616934965,0.15791690953554005
0,8,negative,apoptosis,50,159,0,,1.0,1.0
0,8,negative,epithelial_mesenchymal_transition,50,195,0,,1.0,1.0
0,8,negative,immediate_early_response,50,8,0,,1.0,1.0
0,8,positive,MAPK_KRAS_signaling,50,384,2,SERPINB2;UPK3B,0.11711436088896492,0.4324222555900243
0,8,positive,E2F_targets,50,195,0,,1.0,1.0
0,8,positive,G2M_checkpoint,50,187,0,,1.0,1.0
0,8,positive,apoptosis,50,159,1,IL6,0.2167651816129296,0.6059390940465911
0,8,positive,epithelial_mesenchymal_transition,50,195,2,IL6;TAGLN,0.03605769434394831,0.15791690953554005
0,8,positive,immediate_early_response,50,8,0,,1.0,1.0
0,9,negative,MAPK_KRAS_signaling,50,384,0,,1.0,1.0
0,9,negative,E2F_targets,50,195,0,,1.0,1.0
0,9,negative,G2M_checkpoint,50,187,0,,1.0,1.0
0,9,negative,apoptosis,50,159,0,,1.0,1.0
0,9,negative,epithelial_mesenchymal_transition,50,195,0,,1.0,1.0
0,9,negative,immediate_early_response,50,8,1,DUSP5,0.012189583767522912,0.10523381669803952
0,9,positive,MAPK_KRAS_signaling,50,384,4,FGFR3;PTPRJ;SPRR3;TNNI3,0.002833930021249421,0.03861799438185083
0,9,positive,E2F_targets,50,195,0,,1.0,1.0
0,9,positive,G2M_checkpoint,50,187,0,,1.0,1.0
0,9,positive,apoptosis,50,159,0,,1.0,1.0
0,9,positive,epithelial_mesenchymal_transition,50,195,2,SFRP1;TGM2,0.03605769434394831,0.15791690953554005
0,9,positive,immediate_early_response,50,8,0,,1.0,1.0
0,10,negative,MAPK_KRAS_signaling,50,384,3,ANGPTL4;SNAP25;TSPAN1,0.021059636979382085,0.13514205548266578
0,10,negative,E2F_targets,50,195,0,,1.0,1.0
0,10,negative,G2M_checkpoint,50,187,0,,1.0,1.0
0,10,negative,apoptosis,50,159,1,TIMP3,0.2167651816129296,0.6059390940465911
0,10,negative,epithelial_mesenchymal_transition,50,195,3,CXCL1;NTM;TIMP3,0.0033468928464270723,0.03861799438185083
0,10,negative,immediate_early_response,50,8,0,,1.0,1.0
0,10,positive,MAPK_KRAS_signaling,50,384,1,ADAM8,0.4468440685515185,0.9626802195005785
0,10,positive,E2F_targets,50,195,0,,1.0,1.0
0,10,positive,G2M_checkpoint,50,187,0,,1.0,1.0
0,10,positive,apoptosis,50,159,0,,1.0,1.0
0,10,positive,epithelial_mesenchymal_transition,50,195,3,AREG;MGP;MYLK,0.0033468928464270723,0.03861799438185083
0,10,positive,immediate_early_response,50,8,0,,1.0,1.0
0,11,negative,MAPK_KRAS_signaling,50,384,3,FGGY;ITGA2;TMEM100,0.021059636979382085,0.13514205548266578
0,11,negative,E2F_targets,50,195,0,,1.0,1.0
0,11,negative,G2M_checkpoint,50,187,0,,1.0,1.0
0,11,negative,apoptosis,50,159,0,,1.0,1.0
0,11,negative,epithelial_mesenchymal_transition,50,195,2,ITGA2;MGP,0.03605769434394831,0.15791690953554005
0,11,negative,immediate_early_response,50,8,0,,1.0,1.0
0,11,positive,MAPK_KRAS_signaling,50,384,8,ASB7;DNMBP;EMP1;EPHB2;ETV1;ETV4;LIF;SPRR3,1.1894376570264292e-07,9.515501256211434e-06
0,11,positive,E2F_targets,50,195,0,,1.0,1.0
0,11,positive,G2M_checkpoint,50,187,1,DMD,0.2498424474885676,0.6059390940465911
0,11,positive,apoptosis,50,159,1,EMP1,0.2167651816129296,0.6059390940465911
0,11,positive,epithelial_mesenchymal_transition,50,195,0,,1.0,1.0
0,11,positive,immediate_early_response,50,8,1,ETV4,0.012189583767522912,0.10523381669803952
0,12,negative,MAPK_KRAS_signaling,50,384,0,,1.0,1.0
0,12,negative,E2F_targets,50,195,0,,1.0,1.0
0,12,negative,G2M_checkpoint,50,187,0,,1.0,1.0
0,12,negative,apoptosis,50,159,0,,1.0,1.0
0,12,negative,epithelial_mesenchymal_transition,50,195,0,,1.0,1.0
0,12,negative,immediate_early_response,50,8,0,,1.0,1.0
0,12,positive,MAPK_KRAS_signaling,50,384,2,IGFBP3;UPK3B,0.11711436088896492,0.4324222555900243
0,12,positive,E2F_targets,50,195,1,MCM5,0.2590389627049177,0.6059390940465911
0,12,positive,G2M_checkpoint,50,187,1,MCM5,0.2498424474885676,0.6059390940465911
0,12,positive,apoptosis,50,159,2,CASP7;IL6,0.02478994479538037,0.14511187197295827
0,12,positive,epithelial_mesenchymal_transition,50,195,5,COL1A2;COL5A1;IGFBP3;IL6;SERPINE1,1.230822619053175e-05,0.000738493571431905
0,12,positive,immediate_early_response,50,8,0,,1.0,1.0
0,13,negative,MAPK_KRAS_signaling,50,384,0,,1.0,1.0
0,13,negative,E2F_targets,50,195,1,ESPL1,0.2590389627049177,0.6059390940465911
0,13,negative,G2M_checkpoint,50,187,1,ESPL1,0.2498424474885676,0.6059390940465911
0,13,negative,apoptosis,50,159,1,TNF,0.2167651816129296,0.6059390940465911
0,13,negative,epithelial_mesenchymal_transition,50,195,1,MFAP5,0.2590389627049177,0.6059390940465911
0,13,negative,immediate_early_response,50,8,0,,1.0,1.0
0,13,positive,MAPK_KRAS_signaling,50,384,1,CCL20,0.4468440685515185,0.9626802195005785
0,13,positive,E2F_targets,50,195,0,,1.0,1.0
0,13,positive,G2M_checkpoint,50,187,0,,1.0,1.0
0,13,positive,apoptosis,50,159,0,,1.0,1.0
0,13,positive,epithelial_mesenchymal_transition,50,195,0,,1.0,1.0
0,13,positive,immediate_early_response,50,8,0,,1.0,1.0
0,14,negative,MAPK_KRAS_signaling,50,384,0,,1.0,1.0
0,14,negative,E2F_targets,50,195,0,,1.0,1.0
0,14,negative,G2M_checkpoint,50,187,1,EFNA5,0.2498424474885676,0.6059390940465911
0,14,negative,apoptosis,50,159,0,,1.0,1.0
0,14,negative,epithelial_mesenchymal_transition,50,195,1,COL3A1,0.2590389627049177,0.6059390940465911
0,14,negative,immediate_early_response,50,8,0,,1.0,1.0
0,14,positive,MAPK_KRAS_signaling,50,384,3,CCL20;INHBA;LCP1,0.021059636979382085,0.13514205548266578
0,14,positive,E2F_targets,50,195,0,,1.0,1.0
0,14,positive,G2M_checkpoint,50,187,0,,1.0,1.0
0,14,positive,apoptosis,50,159,1,HMOX1,0.2167651816129296,0.6059390940465911
0,14,positive,epithelial_mesenchymal_transition,50,195,1,INHBA,0.2590389627049177,0.6059390940465911
0,14,positive,immediate_early_response,50,8,2,EGR1;SPRY4,6.400325770302598e-05,0.002560130308121039
0,15,negative,MAPK_KRAS_signaling,50,384,0,,1.0,1.0
0,15,negative,E2F_targets,50,195,0,,1.0,1.0
0,15,negative,G2M_checkpoint,50,187,1,MEIS1,0.2498424474885676,0.6059390940465911
0,15,negative,apoptosis,50,159,0,,1.0,1.0
0,15,negative,epithelial_mesenchymal_transition,50,195,0,,1.0,1.0
0,15,negative,immediate_early_response,50,8,0,,1.0,1.0
0,15,positive,MAPK_KRAS_signaling,50,384,1,LIF,0.4468440685515185,0.9626802195005785
0,15,positive,E2F_targets,50,195,0,,1.0,1.0
0,15,positive,G2M_checkpoint,50,187,0,,1.0,1.0
0,15,positive,apoptosis,50,159,3,IL18;LEF1;TIMP3,0.001879100618517223,0.03861799438185083
0,15,positive,epithelial_mesenchymal_transition,50,195,1,TIMP3,0.2590389627049177,0.6059390940465911
0,15,positive,immediate_early_response,50,8,0,,1.0,1.0
0,16,negative,MAPK_KRAS_signaling,50,384,1,ETV1,0.4468440685515185,0.9626802195005785
0,16,negative,E2F_targets,50,195,0,,1.0,1.0
0,16,negative,G2M_checkpoint,50,187,1,E2F2,0.2498424474885676,0.6059390940465911
0,16,negative,apoptosis,50,159,0,,1.0,1.0
0,16,negative,epithelial_mesenchymal_transition,50,195,0,,1.0,1.0
0,16,negative,immediate_early_response,50,8,0,,1.0,1.0
0,16,positive,MAPK_KRAS_signaling,50,384,2,HBEGF;MTMR10,0.11711436088896492,0.4324222555900243
0,16,positive,E2F_targets,50,195,0,,1.0,1.0
0,16,positive,G2M_checkpoint,50,187,0,,1.0,1.0
0,16,positive,apoptosis,50,159,0,,1.0,1.0
0,16,positive,epithelial_mesenchymal_transition,50,195,2,PTHLH;TAGLN,0.03605769434394831,0.15791690953554005
0,16,positive,immediate_early_response,50,8,0,,1.0,1.0
0,17,negative,MAPK_KRAS_signaling,50,384,1,AKR1B10,0.4468440685515185,0.9626802195005785
0,17,negative,E2F_targets,50,195,0,,1.0,1.0
0,17,negative,G2M_checkpoint,50,187,1,KIF11,0.2498424474885676,0.6059390940465911
0,17,negative,apoptosis,50,159,0,,1.0,1.0
0,17,negative,epithelial_mesenchymal_transition,50,195,1,MGP,0.2590389627049177,0.6059390940465911
0,17,negative,immediate_early_response,50,8,0,,1.0,1.0
0,17,positive,MAPK_KRAS_signaling,50,384,1,GPRC5B,0.4468440685515185,0.9626802195005785
0,17,positive,E2F_targets,50,195,0,,1.0,1.0
0,17,positive,G2M_checkpoint,50,187,0,,1.0,1.0
0,17,positive,apoptosis,50,159,0,,1.0,1.0
0,17,positive,epithelial_mesenchymal_transition,50,195,0,,1.0,1.0
0,17,positive,immediate_early_response,50,8,0,,1.0,1.0
0,18,negative,MAPK_KRAS_signaling,50,384,2,CCL20;MALL,0.11711436088896492,0.4324222555900243
0,18,negative,E2F_targets,50,195,0,,1.0,1.0
0,18,negative,G2M_checkpoint,50,187,0,,1.0,1.0
0,18,negative,apoptosis,50,159,0,,1.0,1.0
0,18,negative,epithelial_mesenchymal_transition,50,195,0,,1.0,1.0
0,18,negative,immediate_early_response,50,8,0,,1.0,1.0
0,18,positive,MAPK_KRAS_signaling,50,384,2,CXCL10;MAFB,0.11711436088896492,0.4324222555900243
0,18,positive,E2F_targets,50,195,0,,1.0,1.0
0,18,positive,G2M_checkpoint,50,187,0,,1.0,1.0
0,18,positive,apoptosis,50,159,0,,1.0,1.0
0,18,positive,epithelial_mesenchymal_transition,50,195,2,MMP1;TNC,0.03605769434394831,0.15791690953554005
0,18,positive,immediate_early_response,50,8,0,,1.0,1.0
0,19,negative,MAPK_KRAS_signaling,50,384,2,NR4A2;YPEL1,0.11711436088896492,0.4324222555900243
0,19,negative,E2F_targets,50,195,1,DONSON,0.2590389627049177,0.6059390940465911
0,19,negative,G2M_checkpoint,50,187,0,,1.0,1.0
0,19,negative,apoptosis,50,159,0,,1.0,1.0
0,19,negative,epithelial_mesenchymal_transition,50,195,1,NT5E,0.2590389627049177,0.6059390940465911
0,19,negative,immediate_early_response,50,8,0,,1.0,1.0
0,19,positive,MAPK_KRAS_signaling,50,384,3,AKR1B10;PLAT;TFF2,0.021059636979382085,0.13514205548266578
0,19,positive,E2F_targets,50,195,0,,1.0,1.0
0,19,positive,G2M_checkpoint,50,187,0,,1.0,1.0
0,19,positive,apoptosis,50,159,2,PLAT;RHOB,0.02478994479538037,0.14511187197295827
0,19,positive,epithelial_mesenchymal_transition,50,195,1,RHOB,0.2590389627049177,0.6059390940465911
0,19,positive,immediate_early_response,50,8,0,,1.0,1.0
0,20,negative,MAPK_KRAS_signaling,50,384,2,GADD45G;GPRC5B,0.11711436088896492,0.4324222555900243
0,20,negative,E2F_targets,50,195,0,,1.0,1.0
0,20,negative,G2M_checkpoint,50,187,0,,1.0,1.0
0,20,negative,apoptosis,50,159,0,,1.0,1.0
0,20,negative,epithelial_mesenchymal_transition,50,195,1,TGM2,0.2590389627049177,0.6059390940465911
0,20,negative,immediate_early_response,50,8,0,,1.0,1.0
0,20,positive,MAPK_KRAS_signaling,50,384,3,AKR1B10;KRT13;TMEM158,0.021059636979382085,0.13514205548266578
0,20,positive,E2F_targets,50,195,0,,1.0,1.0
0,20,positive,G2M_checkpoint,50,187,0,,1.0,1.0
0,20,positive,apoptosis,50,159,0,,1.0,1.0
0,20,positive,epithelial_mesenchymal_transition,50,195,3,AREG;COL3A1;CXCL6,0.0033468928464270723,0.03861799438185083
0,20,positive,immediate_early_response,50,8,0,,1.0,1.0
1,1,negative,MAPK_KRAS_signaling,50,384,2,BTG2;GALNT3,0.11711436088896492,0.4324222555900243
1,1,negative,E2F_targets,50,195,0,,1.0,1.0
1,1,negative,G2M_checkpoint,50,187,0,,1.0,1.0
1,1,negative,apoptosis,50,159,3,BMF;BTG2;LUM,0.001879100618517223,0.03861799438185083
1,1,negative,epithelial_mesenchymal_transition,50,195,2,LUM;MATN2,0.03605769434394831,0.15791690953554005
1,1,negative,immediate_early_response,50,8,0,,1.0,1.0
1,1,positive,MAPK_KRAS_signaling,50,384,3,DUSP6;ETV4;HBEGF,0.021059636979382085,0.13514205548266578
1,1,positive,E2F_targets,50,195,13,ASF1B;AURKB;CDC25A;DEPDC1;DIAPH3;MCM4;MYBL2;PSMC3IP;RRM2;SPC25;SUV39H1;TCF19;TOP2A,2.405898238994233e-18,4.811796477988466e-16
1,1,positive,G2M_checkpoint,50,187,15,AURKB;CCNA2;CCND1;CDC25A;CDC45;CDC6;CENPA;CHAF1A;E2F1;GINS2;MYBL2;STIL;SUV39H1;TOP2A;UBE2C,2.50483830252556e-22,1.001935321010224e-19
1,1,positive,apoptosis,50,159,3,CCND1;SLC20A1;TOP2A,0.001879100618517223,0.03861799438185083
1,1,positive,epithelial_mesenchymal_transition,50,195,0,,1.0,1.0
1,1,positive,immediate_early_response,50,8,2,DUSP6;ETV4,6.400325770302598e-05,0.002560130308121039
1,2,negative,MAPK_KRAS_signaling,50,384,1,AKAP12,0.4468440685515185,0.9626802195005785
1,2,negative,E2F_targets,50,195,1,CDK1,0.2590389627049177,0.6059390940465911
1,2,negative,G2M_checkpoint,50,187,1,CDK1,0.2498424474885676,0.6059390940465911
1,2,negative,apoptosis,50,159,1,BMF,0.2167651816129296,0.6059390940465911
1,2,negative,epithelial_mesenchymal_transition,50,195,0,,1.0,1.0
1,2,negative,immediate_early_response,50,8,0,,1.0,1.0
1,2,positive,MAPK_KRAS_signaling,50,384,4,ANGPTL4;FCER1G;PLAT;SYNPO,0.002833930021249421,0.03861799438185083
1,2,positive,E2F_targets,50,195,0,,1.0,1.0
1,2,positive,G2M_checkpoint,50,187,0,,1.0,1.0
1,2,positive,apoptosis,50,159,4,NEDD9;PLAT;SLC20A1;TNFSF10,0.00010482924409048046,0.0038119725123811074
1,2,positive,epithelial_mesenchymal_transition,50,195,0,,1.0,1.0
1,2,positive,immediate_early_response,50,8,0,,1.0,1.0
1,3,negative,MAPK_KRAS_signaling,50,384,2,CBL;MX1,0.11711436088896492,0.4324222555900243
1,3,negative,E2F_targets,50,195,1,CDKN1B,0.2590389627049177,0.6059390940465911
1,3,negative,G2M_checkpoint,50,187,1,CDKN1B,0.2498424474885676,0.6059390940465911
1,3,negative,apoptosis,50,159,1,CDKN1B,0.2167651816129296,0.6059390940465911
1,3,negative,epithelial_mesenchymal_transition,50,195,3,COL16A1;COL7A1;SNTB1,0.0033468928464270723,0.03861799438185083
1,3,negative,immediate_early_response,50,8,0,,1.0,1.0
1,3,positive,MAPK_KRAS_signaling,50,384,1,DUSP6,0.4468440685515185,0.9626802195005785
1,3,positive,E2F_targets,50,195,0,,1.0,1.0
1,3,positive,G2M_checkpoint,50,187,1,POLQ,0.2498424474885676,0.6059390940465911
1,3,positive,apoptosis,50,159,1,GCH1,0.2167651816129296,0.6059390940465911
1,3,positive,epithelial_mesenchymal_transition,50,195,1,MYLK,0.2590389627049177,0.6059390940465911
1,3,positive,immediate_early_response,50,8,1,DUSP6,0.012189583767522912,0.10523381669803952
1,4,negative,MAPK_KRAS_signaling,50,384,0,,1.0,1.0
1,4,negative,E2F_targets,50,195,0,,1.0,1.0
1,4,negative,G2M_checkpoint,50,187,0,,1.0,1.0
1,4,negative,apoptosis,50,159,1,TNFSF10,0.2167651816129296,0.6059390940465911
1,4,negative,epithelial_mesenchymal_transition,50,195,3,DKK1;EDIL3;SPOCK1,0.0033468928464270723,0.03861799438185083
1,4,negative,immediate_early_response,50,8,0,,1.0,1.0
1,4,positive,MAPK_KRAS_signaling,50,384,4,ANGPTL4;CSF2;G0S2;PCP4,0.002833930021249421,0.03861799438185083
1,4,positive,E2F_targets,50,195,1,CDC25A,0.2590389627049177,0.6059390940465911
1,4,positive,G2M_checkpoint,50,187,1,CDC25A,0.2498424474885676,0.6059390940465911
1,4,positive,apoptosis,50,159,0,,1.0,1.0
1,4,positive,epithelial_mesenchymal_transition,50,195,2,AREG;PTX3,0.03605769434394831,0.15791690953554005
1,4,positive,immediate_early_response,50,8,0,,1.0,1.0
1,5,negative,MAPK_KRAS_signaling,50,384,0,,1.0,1.0
1,5,negative,E2F_targets,50,195,0,,1.0,1.0
1,5,negative,G2M_checkpoint,50,187,0,,1.0,1.0
1,5,negative,apoptosis,50,159,0,,1.0,1.0
1,5,negative,epithelial_mesenchymal_transition,50,195,1,SERPINE2,0.2590389627049177,0.6059390940465911
1,5,negative,immediate_early_response,50,8,0,,1.0,1.0
1,5,positive,MAPK_KRAS_signaling,50,384,1,HKDC1,0.4468440685515185,0.9626802195005785
1,5,positive,E2F_targets,50,195,0,,1.0,1.0
1,5,positive,G2M_checkpoint,50,187,0,,1.0,1.0
1,5,positive,apoptosis,50,159,0,,1.0,1.0
1,5,positive,epithelial_mesenchymal_transition,50,195,1,MATN3,0.2590389627049177,0.6059390940465911
1,5,positive,immediate_early_response,50,8,0,,1.0,1.0
1,6,negative,MAPK_KRAS_signaling,50,384,1,G0S2,0.4468440685515185,0.9626802195005785
1,6,negative,E2F_targets,50,195,2,RPA2;WEE1,0.03605769434394831,0.15791690953554005
1,6,negative,G2M_checkpoint,50,187,1,RPA2,0.2498424474885676,0.6059390940465911
1,6,negative,apoptosis,50,159,1,WEE1,0.2167651816129296,0.6059390940465911
1,6,negative,epithelial_mesenchymal_transition,50,195,1,IL32,0.2590389627049177,0.6059390940465911
1,6,negative,immediate_early_response,50,8,0,,1.0,1.0
1,6,positive,MAPK_KRAS_signaling,50,384,1,PCP4,0.4468440685515185,0.9626802195005785
1,6,positive,E2F_targets,50,195,0,,1.0,1.0
1,6,positive,G2M_checkpoint,50,187,0,,1.0,1.0
1,6,positive,apoptosis,50,159,0,,1.0,1.0
1,6,positive,epithelial_mesenchymal_transition,50,195,0,,1.0,1.0
1,6,positive,immediate_early_response,50,8,0,,1.0,1.0
1,7,negative,MAPK_KRAS_signaling,50,384,3,ETV1;HBEGF;SPRY2,0.021059636979382085,0.13514205548266578
1,7,negative,E2F_targets,50,195,3,DEPDC1;HMMR;SPC25,0.0033468928464270723,0.03861799438185083
1,7,negative,G2M_checkpoint,50,187,4,HMMR;NDC80;RAD54L;RPS6KA5,0.00019547120898536052,0.006339606777903585
1,7,negative,apoptosis,50,159,0,,1.0,1.0
1,7,negative,epithelial_mesenchymal_transition,50,195,0,,1.0,1.0
1,7,negative,immediate_early_response,50,8,1,SPRY2,0.012189583767522912,0.10523381669803952
1,7,positive,MAPK_KRAS_signaling,50,384,4,HDAC9;SYNPO;TNFAIP3;UPK3B,0.002833930021249421,0.03861799438185083
1,7,positive,E2F_targets,50,195,0,,1.0,1.0
1,7,positive,G2M_checkpoint,50,187,1,ATF5,0.2498424474885676,0.6059390940465911
1,7,positive,apoptosis,50,159,0,,1.0,1.0
1,7,positive,epithelial_mesenchymal_transition,50,195,2,NNMT;TNFAIP3,0.03605769434394831,0.15791690953554005
1,7,positive,immediate_early_response,50,8,1,DUSP4,0.012189583767522912,0.10523381669803952
1,8,negative,MAPK_KRAS_signaling,50,384,5,CXCL10;ETV4;LIF;MALL;PTPRJ,0.00030104163380272097,0.007853260012244895
1,8,negative,E2F_targets,50,195,0,,1.0,1.0
1,8,negative,G2M_checkpoint,50,187,0,,1.0,1.0
1,8,negative,apoptosis,50,159,0,,1.0,1.0
1,8,negative,epithelial_mesenchymal_transition,50,195,0,,1.0,1.0
1,8,negative,immediate_early_response,50,8,1,ETV4,0.012189583767522912,0.10523381669803952
1,8,positive,MAPK_KRAS_signaling,50,384,3,FBXO4;G0S2;UPK3B,0.021059636979382085,0.13514205548266578
1,8,positive,E2F_targets,50,195,0,,1.0,1.0
1,8,positive,G2M_checkpoint,50,187,0,,1.0,1.0
1,8,positive,apoptosis,50,159,0,,1.0,1.0
1,8,positive,epithelial_mesenchymal_transition,50,195,2,MSX1;NTM,0.03605769434394831,0.15791690953554005
1,8,positive,immediate_early_response,50,8,0,,1.0,1.0
1,9,negative,MAPK_KRAS_signaling,50,384,8,ADAM8;HBEGF;INHBA;NGF;PTPRR;SCG5;SERPINB2;TRIB1,1.1894376570264292e-07,9.515501256211434e-06
1,9,negative,E2F_targets,50,195,0,,1.0,1.0
1,9,negative,G2M_checkpoint,50,187,0,,1.0,1.0
1,9,negative,apoptosis,50,159,1,IER3,0.2167651816129296,0.6059390940465911
1,9,negative,epithelial_mesenchymal_transition,50,195,4,AREG;INHBA;LAMA3;TAGLN,0.00022936699770803538,0.0070574460833241655
1,9,negative,immediate_early_response,50,8,2,DUSP4;EGR1,6.400325770302598e-05,0.002560130308121039
1,9,positive,MAPK_KRAS_signaling,50,384,3,ETV1;FGFR3;KRT13,0.021059636979382085,0.13514205548266578
1,9,positive,E2F_targets,50,195,2,BUB1B;HMMR,0.03605769434394831,0.15791690953554005
1,9,positive,G2M_checkpoint,50,187,4,BUB1;CENPA;CENPF;HMMR,0.00019547120898536052,0.006339606777903585
1,9,positive,apoptosis,50,159,1,TNFSF10,0.2167651816129296,0.6059390940465911
1,9,positive,epithelial_mesenchymal_transition,50,195,0,,1.0,1.0
1,9,positive,immediate_early_response,50,8,0,,1.0,1.0
1,10,negative,MAPK_KRAS_signaling,50,384,2,DUSP6;SGK1,0.11711436088896492,0.4324222555900243
1,10,negative,E2F_targets,50,195,0,,1.0,1.0
1,10,negative,G2M_checkpoint,50,187,0,,1.0,1.0
1,10,negative,apoptosis,50,159,0,,1.0,1.0
1,10,negative,epithelial_mesenchymal_transition,50,195,1,SERPINE1,0.2590389627049177,0.6059390940465911
1,10,negative,immediate_early_response,50,8,1,DUSP6,0.012189583767522912,0.10523381669803952
1,10,positive,MAPK_KRAS_signaling,50,384,1,SPRR3,0.4468440685515185,0.9626802195005785
1,10,positive,E2F_targets,50,195,0,,1.0,1.0
1,10,positive,G2M_checkpoint,50,187,0,,1.0,1.0
1,10,positive,apoptosis,50,159,0,,1.0,1.0
1,10,positive,epithelial_mesenchymal_transition,50,195,2,AREG;NT5E,0.03605769434394831,0.15791690953554005
1,10,positive,immediate_early_response,50,8,0,,1.0,1.0
1,11,negative,MAPK_KRAS_signaling,50,384,2,LAT2;SLC6A14,0.11711436088896492,0.4324222555900243
1,11,negative,E2F_targets,50,195,0,,1.0,1.0
1,11,negative,G2M_checkpoint,50,187,0,,1.0,1.0
1,11,negative,apoptosis,50,159,1,LEF1,0.2167651816129296,0.6059390940465911
1,11,negative,epithelial_mesenchymal_transition,50,195,0,,1.0,1.0
1,11,negative,immediate_early_response,50,8,0,,1.0,1.0
1,11,positive,MAPK_KRAS_signaling,50,384,1,CXCL10,0.4468440685515185,0.9626802195005785
1,11,positive,E2F_targets,50,195,3,AURKB;CDCA8;MCM5,0.0033468928464270723,0.03861799438185083
1,11,positive,G2M_checkpoint,50,187,4,AURKB;CENPF;MCM5;RBL1,0.00019547120898536052,0.006339606777903585
1,11,positive,apoptosis,50,159,0,,1.0,1.0
1,11,positive,epithelial_mesenchymal_transition,50,195,5,CADM1;COL1A2;IGFBP4;SERPINE1;SLIT3,1.230822619053175e-05,0.000738493571431905
1,11,positive,immediate_early_response,50,8,1,SPRY4,0.012189583767522912,0.10523381669803952
1,12,negative,MAPK_KRAS_signaling,50,384,0,,1.0,1.0
1,12,negative,E2F_targets,50,195,0,,1.0,1.0
1,12,negative,G2M_checkpoint,50,187,0,,1.0,1.0
1,12,negative,apoptosis,50,159,0,,1.0,1.0
1,12,negative,epithelial_mesenchymal_transition,50,195,1,AREG,0.2590389627049177,0.6059390940465911
1,12,negative,immediate_early_response,50,8,0,,1.0,1.0
1,12,positive,MAPK_KRAS_signaling,50,384,4,ANGPTL4;CCL20;CTSS;SPP1,0.002833930021249421,0.03861799438185083
1,12,positive,E2F_targets,50,195,0,,1.0,1.0
1,12,positive,G2M_checkpoint,50,187,0,,1.0,1.0
1,12,positive,apoptosis,50,159,0,,1.0,1.0
1,12,positive,epithelial_mesenchymal_transition,50,195,1,SPP1,0.2590389627049177,0.6059390940465911
1,12,positive,immediate_early_response,50,8,0,,1.0,1.0
1,13,negative,MAPK_KRAS_signaling,50,384,1,C5,0.4468440685515185,0.9626802195005785
1,13,negative,E2F_targets,50,195,0,,1.0,1.0
1,13,negative,G2M_checkpoint,50,187,0,,1.0,1.0
1,13,negative,apoptosis,50,159,1,BMF,0.2167651816129296,0.6059390940465911
1,13,negative,epithelial_mesenchymal_transition,50,195,0,,1.0,1.0
1,13,negative,immediate_early_response,50,8,0,,1.0,1.0
1,13,positive,MAPK_KRAS_signaling,50,384,1,LIF,0.4468440685515185,0.9626802195005785
1,13,positive,E2F_targets,50,195,0,,1.0,1.0
1,13,positive,G2M_checkpoint,50,187,0,,1.0,1.0
1,13,positive,apoptosis,50,159,4,FAS;IL18;IL6;TIMP3,0.00010482924409048046,0.0038119725123811074
1,13,positive,epithelial_mesenchymal_transition,50,195,3,FAS;IL6;TIMP3,0.0033468928464270723,0.03861799438185083
1,13,positive,immediate_early_response,50,8,0,,1.0,1.0
1,14,negative,MAPK_KRAS_signaling,50,384,0,,1.0,1.0
1,14,negative,E2F_targets,50,195,0,,1.0,1.0
1,14,negative,G2M_checkpoint,50,187,2,CDC7;E2F2,0.03340855616934965,0.15791690953554005
1,14,negative,apoptosis,50,159,1,DIABLO,0.2167651816129296,0.6059390940465911
1,14,negative,epithelial_mesenchymal_transition,50,195,0,,1.0,1.0
1,14,negative,immediate_early_response,50,8,1,EGR1,0.012189583767522912,0.10523381669803952
1,14,positive,MAPK_KRAS_signaling,50,384,3,ASB7;KCNN4;KRT15,0.021059636979382085,0.13514205548266578
1,14,positive,E2F_targets,50,195,0,,1.0,1.0
1,14,positive,G2M_checkpoint,50,187,0,,1.0,1.0
1,14,positive,apoptosis,50,159,2,IL6;NEDD9,0.02478994479538037,0.14511187197295827
1,14,positive,epithelial_mesenchymal_transition,50,195,3,IL6;PTHLH;TAGLN,0.0033468928464270723,0.03861799438185083
1,14,positive,immediate_early_response,50,8,0,,1.0,1.0
1,15,negative,MAPK_KRAS_signaling,50,384,2,KRT4;MALL,0.11711436088896492,0.4324222555900243
1,15,negative,E2F_targets,50,195,1,CDKN2C,0.2590389627049177,0.6059390940465911
1,15,negative,G2M_checkpoint,50,187,3,CDKN2C;KIF11;TTK,0.0029750446061036955,0.03861799438185083
1,15,negative,apoptosis,50,159,0,,1.0,1.0
1,15,negative,epithelial_mesenchymal_transition,50,195,2,COL5A2;CRLF1,0.03605769434394831,0.15791690953554005
1,15,negative,immediate_early_response,50,8,0,,1.0,1.0
1,15,positive,MAPK_KRAS_signaling,50,384,3,GPRC5B;IL7R;INHBA,0.021059636979382085,0.13514205548266578
1,15,positive,E2F_targets,50,195,0,,1.0,1.0
1,15,positive,G2M_checkpoint,50,187,1,FANCC,0.2498424474885676,0.6059390940465911
1,15,positive,apoptosis,50,159,0,,1.0,1.0
1,15,positive,epithelial_mesenchymal_transition,50,195,1,INHBA,0.2590389627049177,0.6059390940465911
1,15,positive,immediate_early_response,50,8,0,,1.0,1.0
1,16,negative,MAPK_KRAS_signaling,50,384,4,DNMBP;ETV5;MAFB;SPP1,0.002833930021249421,0.03861799438185083
1,16,negative,E2F_targets,50,195,0,,1.0,1.0
1,16,negative,G2M_checkpoint,50,187,0,,1.0,1.0
1,16,negative,apoptosis,50,159,0,,1.0,1.0
1,16,negative,epithelial_mesenchymal_transition,50,195,3,NT5E;PTX3;SPP1,0.0033468928464270723,0.03861799438185083
1,16,negative,immediate_early_response,50,8,2,DUSP5;ETV5,6.400325770302598e-05,0.002560130308121039
1,16,positive,MAPK_KRAS_signaling,50,384,3,CCL20;CELSR2;MALL,0.021059636979382085,0.13514205548266578
1,16,positive,E2F_targets,50,195,1,ZW10,0.2590389627049177,0.6059390940465911
1,16,positive,G2M_checkpoint,50,187,0,,1.0,1.0
1,16,positive,apoptosis,50,159,0,,1.0,1.0
1,16,positive,epithelial_mesenchymal_transition,50,195,0,,1.0,1.0
1,16,positive,immediate_early_response,50,8,0,,1.0,1.0
1,17,negative,MAPK_KRAS_signaling,50,384,3,EDN2;LAT2;NR4A2,0.021059636979382085,0.13514205548266578
1,17,negative,E2F_targets,50,195,0,,1.0,1.0
1,17,negative,G2M_checkpoint,50,187,0,,1.0,1.0
1,17,negative,apoptosis,50,159,0,,1.0,1.0
1,17,negative,epithelial_mesenchymal_transition,50,195,1,OXTR,0.2590389627049177,0.6059390940465911
1,17,negative,immediate_early_response,50,8,0,,1.0,1.0
1,17,positive,MAPK_KRAS_signaling,50,384,4,CXCL10;EDN1;HTR1D;MAFB,0.002833930021249421,0.03861799438185083
1,17,positive,E2F_targets,50,195,0,,1.0,1.0
1,17,positive,G2M_checkpoint,50,187,0,,1.0,1.0
1,17,positive,apoptosis,50,159,0,,1.0,1.0
1,17,positive,epithelial_mesenchymal_transition,50,195,0,,1.0,1.0
1,17,positive,immediate_early_response,50,8,0,,1.0,1.0
1,18,negative,MAPK_KRAS_signaling,50,384,2,CXCL10;NR6A1,0.11711436088896492,0.4324222555900243
1,18,negative,E2F_targets,50,195,0,,1.0,1.0
1,18,negative,G2M_checkpoint,50,187,1,E2F2,0.2498424474885676,0.6059390940465911
1,18,negative,apoptosis,50,159,0,,1.0,1.0
1,18,negative,epithelial_mesenchymal_transition,50,195,1,MGP,0.2590389627049177,0.6059390940465911
1,18,negative,immediate_early_response,50,8,0,,1.0,1.0
1,18,positive,MAPK_KRAS_signaling,50,384,2,DUSP6;NUDT11,0.11711436088896492,0.4324222555900243
1,18,positive,E2F_targets,50,195,0,,1.0,1.0
1,18,positive,G2M_checkpoint,50,187,0,,1.0,1.0
1,18,positive,apoptosis,50,159,0,,1.0,1.0
1,18,positive,epithelial_mesenchymal_transition,50,195,0,,1.0,1.0
1,18,positive,immediate_early_response,50,8,2,DUSP6;EGR1,6.400325770302598e-05,0.002560130308121039
1,19,negative,MAPK_KRAS_signaling,50,384,5,DUSP6;MAFB;PTGS2;SNAP25;TCF7L1,0.00030104163380272097,0.007853260012244895
1,19,negative,E2F_targets,50,195,0,,1.0,1.0
1,19,negative,G2M_checkpoint,50,187,0,,1.0,1.0
1,19,negative,apoptosis,50,159,0,,1.0,1.0
1,19,negative,epithelial_mesenchymal_transition,50,195,0,,1.0,1.0
1,19,negative,immediate_early_response,50,8,1,DUSP6,0.012189583767522912,0.10523381669803952
1,19,positive,MAPK_KRAS_signaling,50,384,3,CXCL10;EDN1;KRT13,0.021059636979382085,0.13514205548266578
1,19,positive,E2F_targets,50,195,0,,1.0,1.0
1,19,positive,G2M_checkpoint,50,187,0,,1.0,1.0
1,19,positive,apoptosis,50,159,2,ISG20;TNFSF10,0.02478994479538037,0.14511187197295827
1,19,positive,epithelial_mesenchymal_transition,50,195,1,CDH6,0.2590389627049177,0.6059390940465911
1,19,positive,immediate_early_response,50,8,0,,1.0,1.0
1,20,negative,MAPK_KRAS_signaling,50,384,3,ETV4;ETV5;SPRY2,0.021059636979382085,0.13514205548266578
1,20,negative,E2F_targets,50,195,1,PLK4,0.2590389627049177,0.6059390940465911
1,20,negative,G2M_checkpoint,50,187,1,PLK4,0.2498424474885676,0.6059390940465911
1,20,negative,apoptosis,50,159,0,,1.0,1.0
1,20,negative,epithelial_mesenchymal_transition,50,195,1,RGS4,0.2590389627049177,0.6059390940465911
1,20,negative,immediate_early_response,50,8,5,EGR1;ETV4;ETV5;SPRY2;SPRY4,3.82944592798376e-13,4.595335113580512e-11
1,20,positive,MAPK_KRAS_signaling,50,384,2,CXCL10;SOX9,0.11711436088896492,0.4324222555900243
1,20,positive,E2F_targets,50,195,0,,1.0,1.0
1,20,positive,G2M_checkpoint,50,187,0,,1.0,1.0
1,20,positive,apoptosis,50,159,0,,1.0,1.0
1,20,positive,epithelial_mesenchymal_transition,50,195,2,BMP1;TNC,0.03605769434394831,0.15791690953554005
1,20,positive,immediate_early_response,50,8,0,,1.0,1.0
2,1,negative,MAPK_KRAS_signaling,50,384,2,GPNMB;IFI44L,0.11711436088896492,0.4324222555900243
2,1,negative,E2F_targets,50,195,0,,1.0,1.0
2,1,negative,G2M_checkpoint,50,187,0,,1.0,1.0
2,1,negative,apoptosis,50,159,1,BMF,0.2167651816129296,0.6059390940465911
2,1,negative,epithelial_mesenchymal_transition,50,195,1,MYLK,0.2590389627049177,0.6059390940465911
2,1,negative,immediate_early_response,50,8,0,,1.0,1.0
2,1,positive,MAPK_KRAS_signaling,50,384,2,DUSP6;ETV4,0.11711436088896492,0.4324222555900243
2,1,positive,E2F_targets,50,195,14,ASF1B;ATAD2;AURKB;CDC25A;CENPM;DIAPH3;MCM4;MMS22L;MYBL2;PLK4;PSMC3IP;RRM2;TCF19;TOP2A,3.565209104681864e-20,1.0695627314045594e-17
2,1,positive,G2M_checkpoint,50,187,13,AURKB;CCNA2;CCND1;CDC25A;CDC45;CDC6;CHAF1A;E2F1;GINS2;MYBL2;PLK4;TOP2A;UBE2C,1.3825170838189084e-18,3.31804100116538e-16
2,1,positive,apoptosis,50,159,3,CCND1;SLC20A1;TOP2A,0.001879100618517223,0.03861799438185083
2,1,positive,epithelial_mesenchymal_transition,50,195,0,,1.0,1.0
2,1,positive,immediate_early_response,50,8,2,DUSP6;ETV4,6.400325770302598e-05,0.002560130308121039
2,2,negative,MAPK_KRAS_signaling,50,384,2,ANGPTL4;MAFB,0.11711436088896492,0.4324222555900243
2,2,negative,E2F_targets,50,195,1,ESPL1,0.2590389627049177,0.6059390940465911
2,2,negative,G2M_checkpoint,50,187,1,ESPL1,0.2498424474885676,0.6059390940465911
2,2,negative,apoptosis,50,159,3,ISG20;NEDD9;TNFSF10,0.001879100618517223,0.03861799438185083
2,2,negative,epithelial_mesenchymal_transition,50,195,0,,1.0,1.0
2,2,negative,immediate_early_response,50,8,0,,1.0,1.0
2,2,positive,MAPK_KRAS_signaling,50,384,3,ADAM8;ETS1;PCSK1N,0.021059636979382085,0.13514205548266578
2,2,positive,E2F_targets,50,195,0,,1.0,1.0
2,2,positive,G2M_checkpoint,50,187,0,,1.0,1.0
2,2,positive,apoptosis,50,159,0,,1.0,1.0
2,2,positive,epithelial_mesenchymal_transition,50,195,1,AREG,0.2590389627049177,0.6059390940465911
2,2,positive,immediate_early_response,50,8,0,,1.0,1.0
2,3,negative,MAPK_KRAS_signaling,50,384,2,CBL;ST6GAL1,0.11711436088896492,0.4324222555900243
2,3,negative,E2F_targets,50,195,1,CDKN1B,0.2590389627049177,0.6059390940465911
2,3,negative,G2M_checkpoint,50,187,1,CDKN1B,0.2498424474885676,0.6059390940465911
2,3,negative,apoptosis,50,159,1,CDKN1B,0.2167651816129296,0.6059390940465911
2,3,negative,epithelial_mesenchymal_transition,50,195,1,COL16A1,0.2590389627049177,0.6059390940465911
2,3,negative,immediate_early_response,50,8,0,,1.0,1.0
2,3,positive,MAPK_KRAS_signaling,50,384,1,LAT2,0.4468440685515185,0.9626802195005785
2,3,positive,E2F_targets,50,195,0,,1.0,1.0
2,3,positive,G2M_checkpoint,50,187,1,POLQ,0.2498424474885676,0.6059390940465911
2,3,positive,apoptosis,50,159,0,,1.0,1.0
2,3,positive,epithelial_mesenchymal_transition,50,195,2,COL5A3;MGP,0.03605769434394831,0.15791690953554005
2,3,positive,immediate_early_response,50,8,0,,1.0,1.0
2,4,negative,MAPK_KRAS_signaling,50,384,3,BIRC3;SCG5;SPP1,0.021059636979382085,0.13514205548266578
2,4,negative,E2F_targets,50,195,0,,1.0,1.0
2,4,negative,G2M_checkpoint,50,187,0,,1.0,1.0
2,4,negative,apoptosis,50,159,2,BIRC3;DPYD,0.02478994479538037,0.14511187197295827
2,4,negative,epithelial_mesenchymal_transition,50,195,3,EDIL3;MGP;SPP1,0.0033468928464270723,0.03861799438185083
2,4,negative,immediate_early_response,50,8,0,,1.0,1.0
2,4,positive,MAPK_KRAS_signaling,50,384,2,AKAP12;KRT15,0.11711436088896492,0.4324222555900243
2,4,positive,E2F_targets,50,195,2,CCNE1;DSCC1,0.03605769434394831,0.15791690953554005
2,4,positive,G2M_checkpoint,50,187,2,BUB1;TRAIP,0.03340855616934965,0.15791690953554005
2,4,positive,apoptosis,50,159,0,,1.0,1.0
2,4,positive,epithelial_mesenchymal_transition,50,195,0,,1.0,1.0
2,4,positive,immediate_early_response,50,8,0,,1.0,1.0
2,5,negative,MAPK_KRAS_signaling,50,384,1,PCP4,0.4468440685515185,0.9626802195005785
2,5,negative,E2F_targets,50,195,0,,1.0,1.0
2,5,negative,G2M_checkpoint,50,187,0,,1.0,1.0
2,5,negative,apoptosis,50,159,1,SLC20A1,0.2167651816129296,0.6059390940465911
2,5,negative,epithelial_mesenchymal_transition,50,195,0,,1.0,1.0
2,5,negative,immediate_early_response,50,8,0,,1.0,1.0
2,5,positive,MAPK_KRAS_signaling,50,384,2,CALCB;SCN1B,0.11711436088896492,0.4324222555900243
2,5,positive,E2F_targets,50,195,2,CENPE;WEE1,0.03605769434394831,0.15791690953554005
2,5,positive,G2M_checkpoint,50,187,3,CENPE;KATNA1;STIL,0.0029750446061036955,0.03861799438185083
2,5,positive,apoptosis,50,159,1,WEE1,0.2167651816129296,0.6059390940465911
2,5,positive,epithelial_mesenchymal_transition,50,195,0,,1.0,1.0
2,5,positive,immediate_early_response,50,8,0,,1.0,1.0
2,6,negative,MAPK_KRAS_signaling,50,384,1,PCP4,0.4468440685515185,0.9626802195005785
2,6,negative,E2F_targets,50,195,2,ING3;SPC25,0.03605769434394831,0.15791690953554005
2,6,negative,G2M_checkpoint,50,187,0,,1.0,1.0
2,6,negative,apoptosis,50,159,0,,1.0,1.0
2,6,negative,epithelial_mesenchymal_transition,50,195,0,,1.0,1.0
2,6,negative,immediate_early_response,50,8,0,,1.0,1.0
2,6,positive,MAPK_KRAS_signaling,50,384,2,HKDC1;PLAG1,0.11711436088896492,0.4324222555900243
2,6,positive,E2F_targets,50,195,1,WEE1,0.2590389627049177,0.6059390940465911
2,6,positive,G2M_checkpoint,50,187,0,,1.0,1.0
2,6,positive,apoptosis,50,159,2,PMAIP1;WEE1,0.02478994479538037,0.14511187197295827
2,6,positive,epithelial_mesenchymal_transition,50,195,2,ACTA2;IL32,0.03605769434394831,0.15791690953554005
2,6,positive,immediate_early_response,50,8,0,,1.0,1.0
2,7,negative,MAPK_KRAS_signaling,50,384,0,,1.0,1.0
2,7,negative,E2F_targets,50,195,2,HMMR;SPC25,0.03605769434394831,0.15791690953554005
2,7,negative,G2M_checkpoint,50,187,4,CCNF;HMMR;KIF20B;RPS6KA5,0.00019547120898536052,0.006339606777903585
2,7,negative,apoptosis,50,159,0,,1.0,1.0
2,7,negative,epithelial_mesenchymal_transition,50,195,0,,1.0,1.0
2,7,negative,immediate_early_response,50,8,0,,1.0,1.0
2,7,positive,MAPK_KRAS_signaling,50,384,4,KLF4;SYNPO;TNFAIP3;UPK3B,0.002833930021249421,0.03861799438185083
2,7,positive,E2F_targets,50,195,0,,1.0,1.0
2,7,positive,G2M_checkpoint,50,187,1,ATF5,0.2498424474885676,0.6059390940465911
2,7,positive,apoptosis,50,159,0,,1.0,1.0
2,7,positive,epithelial_mesenchymal_transition,50,195,2,FGF2;TNFAIP3,0.03605769434394831,0.15791690953554005
2,7,positive,immediate_early_response,50,8,1,DUSP4,0.012189583767522912,0.10523381669803952
2,8,negative,MAPK_KRAS_signaling,50,384,1,TFF2,0.4468440685515185,0.9626802195005785
2,8,negative,E2F_targets,50,195,2,CDCA8;HMMR,0.03605769434394831,0.15791690953554005
2,8,negative,G2M_checkpoint,50,187,2,CENPF;HMMR,0.03340855616934965,0.15791690953554005
2,8,negative,apoptosis,50,159,0,,1.0,1.0
2,8,negative,epithelial_mesenchymal_transition,50,195,0,,1.0,1.0
2,8,negative,immediate_early_response,50,8,0,,1.0,1.0
2,8,positive,MAPK_KRAS_signaling,50,384,4,DUSP6;INHBA;MALL;MMP9,0.002833930021249421,0.03861799438185083
2,8,positive,E2F_targets,50,195,0,,1.0,1.0
2,8,positive,G2M_checkpoint,50,187,1,E2F2,0.2498424474885676,0.6059390940465911
2,8,positive,apoptosis,50,159,1,IER3,0.2167651816129296,0.6059390940465911
2,8,positive,epithelial_mesenchymal_transition,50,195,2,FSTL1;INHBA,0.03605769434394831,0.15791690953554005
2,8,positive,immediate_early_response,50,8,1,DUSP6,0.012189583767522912,0.10523381669803952
2,9,negative,MAPK_KRAS_signaling,50,384,6,CXCL10;FGFR3;IDUA;KRT13;RGS16;RSAD2,2.6161836121164664e-05,0.0014270092429726179
2,9,negative,E2F_targets,50,195,1,BUB1B,0.2590389627049177,0.6059390940465911
2,9,negative,G2M_checkpoint,50,187,0,,1.0,1.0
2,9,negative,apoptosis,50,159,0,,1.0,1.0
2,9,negative,epithelial_mesenchymal_transition,50,195,0,,1.0,1.0
2,9,negative,immediate_early_response,50,8,0,,1.0,1.0
2,9,positive,MAPK_KRAS_signaling,50,384,3,NGF;SERPINB2;TRIB1,0.021059636979382085,0.13514205548266578
2,9,positive,E2F_targets,50,195,0,,1.0,1.0
2,9,positive,G2M_checkpoint,50,187,0,,1.0,1.0
2,9,positive,apoptosis,50,159,0,,1.0,1.0
2,9,positive,epithelial_mesenchymal_transition,50,195,0,,1.0,1.0
2,9,positive,immediate_early_response,50,8,0,,1.0,1.0
2,10,negative,MAPK_KRAS_signaling,50,384,0,,1.0,1.0
2,10,negative,E2F_targets,50,195,0,,1.0,1.0
2,10,negative,G2M_checkpoint,50,187,1,CENPF,0.2498424474885676,0.6059390940465911
2,10,negative,apoptosis,50,159,0,,1.0,1.0
2,10,negative,epithelial_mesenchymal_transition,50,195,1,CADM1,0.2590389627049177,0.6059390940465911
2,10,negative,immediate_early_response,50,8,0,,1.0,1.0
2,10,positive,MAPK_KRAS_signaling,50,384,5,DNMBP;LCP1;LIF;MAFB;SCN1B,0.00030104163380272097,0.007853260012244895
2,10,positive,E2F_targets,50,195,0,,1.0,1.0
2,10,positive,G2M_checkpoint,50,187,0,,1.0,1.0
2,10,positive,apoptosis,50,159,0,,1.0,1.0
2,10,positive,epithelial_mesenchymal_transition,50,195,0,,1.0,1.0
2,10,positive,immediate_early_response,50,8,1,DUSP5,0.012189583767522912,0.10523381669803952
2,11,negative,MAPK_KRAS_signaling,50,384,3,G0S2;KCNN4;TMEM158,0.021059636979382085,0.13514205548266578
2,11,negative,E2F_targets,50,195,0,,1.0,1.0
2,11,negative,G2M_checkpoint,50,187,0,,1.0,1.0
2,11,negative,apoptosis,50,159,1,TIMP3,0.2167651816129296,0.6059390940465911
2,11,negative,epithelial_mesenchymal_transition,50,195,3,CXCL1;NTM;TIMP3,0.0033468928464270723,0.03861799438185083
2,11,negative,immediate_early_response,50,8,0,,1.0,1.0
2,11,positive,MAPK_KRAS_signaling,50,384,2,ADAM8;SCG5,0.11711436088896492,0.4324222555900243
2,11,positive,E2F_targets,50,195,0,,1.0,1.0
2,11,positive,G2M_checkpoint,50,187,1,CDC7,0.2498424474885676,0.6059390940465911
2,11,positive,apoptosis,50,159,0,,1.0,1.0
2,11,positive,epithelial_mesenchymal_transition,50,195,2,AREG;MGP,0.03605769434394831,0.15791690953554005
2,11,positive,immediate_early_response,50,8,0,,1.0,1.0
2,12,negative,MAPK_KRAS_signaling,50,384,0,,1.0,1.0
2,12,negative,E2F_targets,50,195,1,GINS3,0.2590389627049177,0.6059390940465911
2,12,negative,G2M_checkpoint,50,187,0,,1.0,1.0
2,12,negative,apoptosis,50,159,0,,1.0,1.0
2,12,negative,epithelial_mesenchymal_transition,50,195,0,,1.0,1.0
2,12,negative,immediate_early_response,50,8,0,,1.0,1.0
2,12,positive,MAPK_KRAS_signaling,50,384,3,ASB7;ETV4;MAGIX,0.021059636979382085,0.13514205548266578
2,12,positive,E2F_targets,50,195,0,,1.0,1.0
2,12,positive,G2M_checkpoint,50,187,1,DMD,0.2498424474885676,0.6059390940465911
2,12,positive,apoptosis,50,159,0,,1.0,1.0
2,12,positive,epithelial_mesenchymal_transition,50,195,0,,1.0,1.0
2,12,positive,immediate_early_response,50,8,1,ETV4,0.012189583767522912,0.10523381669803952
2,13,negative,MAPK_KRAS_signaling,50,384,0,,1.0,1.0
2,13,negative,E2F_targets,50,195,1,ESPL1,0.2590389627049177,0.6059390940465911
2,13,negative,G2M_checkpoint,50,187,1,ESPL1,0.2498424474885676,0.6059390940465911
2,13,negative,apoptosis,50,159,1,TNF,0.2167651816129296,0.6059390940465911
2,13,negative,epithelial_mesenchymal_transition,50,195,0,,1.0,1.0
2,13,negative,immediate_early_response,50,8,0,,1.0,1.0
2,13,positive,MAPK_KRAS_signaling,50,384,2,CCL20;SLC29A3,0.11711436088896492,0.4324222555900243
2,13,positive,E2F_targets,50,195,0,,1.0,1.0
2,13,positive,G2M_checkpoint,50,187,0,,1.0,1.0
2,13,positive,apoptosis,50,159,0,,1.0,1.0
2,13,positive,epithelial_mesenchymal_transition,50,195,0,,1.0,1.0
2,13,positive,immediate_early_response,50,8,0,,1.0,1.0
2,14,negative,MAPK_KRAS_signaling,50,384,0,,1.0,1.0
2,14,negative,E2F_targets,50,195,0,,1.0,1.0
2,14,negative,G2M_checkpoint,50,187,0,,1.0,1.0
2,14,negative,apoptosis,50,159,1,LEF1,0.2167651816129296,0.6059390940465911
2,14,negative,epithelial_mesenchymal_transition,50,195,2,COL3A1;MYLK,0.03605769434394831,0.15791690953554005
2,14,negative,immediate_early_response,50,8,0,,1.0,1.0
2,14,positive,MAPK_KRAS_signaling,50,384,3,CCL20;INHBA;RSAD2,0.021059636979382085,0.13514205548266578
2,14,positive,E2F_targets,50,195,0,,1.0,1.0
2,14,positive,G2M_checkpoint,50,187,0,,1.0,1.0
2,14,positive,apoptosis,50,159,0,,1.0,1.0
2,14,positive,epithelial_mesenchymal_transition,50,195,3,CXCL1;INHBA;SERPINE1,0.0033468928464270723,0.03861799438185083
2,14,positive,immediate_early_response,50,8,1,SPRY4,0.012189583767522912,0.10523381669803952
2,15,negative,MAPK_KRAS_signaling,50,384,2,SOX9;TMEM176B,0.11711436088896492,0.4324222555900243
2,15,negative,E2F_targets,50,195,0,,1.0,1.0
2,15,negative,G2M_checkpoint,50,187,0,,1.0,1.0
2,15,negative,apoptosis,50,159,0,,1.0,1.0
2,15,negative,epithelial_mesenchymal_transition,50,195,1,GEM,0.2590389627049177,0.6059390940465911
2,15,negative,immediate_early_response,50,8,0,,1.0,1.0
2,15,positive,MAPK_KRAS_signaling,50,384,3,INHBA;LIF;TFF2,0.021059636979382085,0.13514205548266578
2,15,positive,E2F_targets,50,195,0,,1.0,1.0
2,15,positive,G2M_checkpoint,50,187,0,,1.0,1.0
2,15,positive,apoptosis,50,159,1,IL18,0.2167651816129296,0.6059390940465911
2,15,positive,epithelial_mesenchymal_transition,50,195,1,INHBA,0.2590389627049177,0.6059390940465911
2,15,positive,immediate_early_response,50,8,1,DUSP4,0.012189583767522912,0.10523381669803952
2,16,negative,MAPK_KRAS_signaling,50,384,4,HBEGF;HKDC1;PRDM1;TGFB2,0.002833930021249421,0.03861799438185083
2,16,negative,E2F_targets,50,195,0,,1.0,1.0
2,16,negative,G2M_checkpoint,50,187,0,,1.0,1.0
2,16,negative,apoptosis,50,159,1,TGFB2,0.2167651816129296,0.6059390940465911
2,16,negative,epithelial_mesenchymal_transition,50,195,5,DKK1;GLIPR1;NNMT;SFRP1;TAGLN,1.230822619053175e-05,0.000738493571431905
2,16,negative,immediate_early_response,50,8,0,,1.0,1.0
2,16,positive,MAPK_KRAS_signaling,50,384,2,CTSS;KRT4,0.11711436088896492,0.4324222555900243
2,16,positive,E2F_targets,50,195,0,,1.0,1.0
2,16,positive,G2M_checkpoint,50,187,2,KIF11;RPS6KA5,0.03340855616934965,0.15791690953554005
2,16,positive,apoptosis,50,159,0,,1.0,1.0
2,16,positive,epithelial_mesenchymal_transition,50,195,0,,1.0,1.0
2,16,positive,immediate_early_response,50,8,0,,1.0,1.0
2,17,negative,MAPK_KRAS_signaling,50,384,3,ANO1;LAT2;YBX2,0.021059636979382085,0.13514205548266578
2,17,negative,E2F_targets,50,195,0,,1.0,1.0
2,17,negative,G2M_checkpoint,50,187,0,,1.0,1.0
2,17,negative,apoptosis,50,159,1,IL6,0.2167651816129296,0.6059390940465911
2,17,negative,epithelial_mesenchymal_transition,50,195,1,IL6,0.2590389627049177,0.6059390940465911
2,17,negative,immediate_early_response,50,8,0,,1.0,1.0
2,17,positive,MAPK_KRAS_signaling,50,384,2,FGFR3;HTR1D,0.11711436088896492,0.4324222555900243
2,17,positive,E2F_targets,50,195,0,,1.0,1.0
2,17,positive,G2M_checkpoint,50,187,0,,1.0,1.0
2,17,positive,apoptosis,50,159,0,,1.0,1.0
2,17,positive,epithelial_mesenchymal_transition,50,195,3,CXCL12;MGP;TNC,0.0033468928464270723,0.03861799438185083
2,17,positive,immediate_early_response,50,8,0,,1.0,1.0
2,18,negative,MAPK_KRAS_signaling,50,384,2,NR4A2;SCG5,0.11711436088896492,0.4324222555900243
2,18,negative,E2F_targets,50,195,0,,1.0,1.0
2,18,negative,G2M_checkpoint,50,187,1,E2F2,0.2498424474885676,0.6059390940465911
2,18,negative,apoptosis,50,159,0,,1.0,1.0
2,18,negative,epithelial_mesenchymal_transition,50,195,1,TNC,0.2590389627049177,0.6059390940465911
2,18,negative,immediate_early_response,50,8,0,,1.0,1.0
2,18,positive,MAPK_KRAS_signaling,50,384,3,AKR1B10;MALL;PLAT,0.021059636979382085,0.13514205548266578
2,18,positive,E2F_targets,50,195,0,,1.0,1.0
2,18,positive,G2M_checkpoint,50,187,1,TTK,0.2498424474885676,0.6059390940465911
2,18,positive,apoptosis,50,159,1,PLAT,0.2167651816129296,0.6059390940465911
2,18,positive,epithelial_mesenchymal_transition,50,195,1,COL5A2,0.2590389627049177,0.6059390940465911
2,18,positive,immediate_early_response,50,8,0,,1.0,1.0
2,19,negative,MAPK_KRAS_signaling,50,384,2,ANGPTL4;TEX15,0.11711436088896492,0.4324222555900243
2,19,negative,E2F_targets,50,195,0,,1.0,1.0
2,19,negative,G2M_checkpoint,50,187,0,,1.0,1.0
2,19,negative,apoptosis,50,159,0,,1.0,1.0
2,19,negative,epithelial_mesenchymal_transition,50,195,2,CXCL1;TAGLN,0.03605769434394831,0.15791690953554005
2,19,negative,immediate_early_response,50,8,0,,1.0,1.0
2,19,positive,MAPK_KRAS_signaling,50,384,3,ETV1;MAFB;PRODH,0.021059636979382085,0.13514205548266578
2,19,positive,E2F_targets,50,195,0,,1.0,1.0
2,19,positive,G2M_checkpoint,50,187,0,,1.0,1.0
2,19,positive,apoptosis,50,159,0,,1.0,1.0
2,19,positive,epithelial_mesenchymal_transition,50,195,1,TGM2,0.2590389627049177,0.6059390940465911
2,19,positive,immediate_early_response,50,8,0,,1.0,1.0
2,20,negative,MAPK_KRAS_signaling,50,384,1,MAFB,0.4468440685515185,0.9626802195005785
2,20,negative,E2F_targets,50,195,0,,1.0,1.0
2,20,negative,G2M_checkpoint,50,187,0,,1.0,1.0
2,20,negative,apoptosis,50,159,0,,1.0,1.0
2,20,negative,epithelial_mesenchymal_transition,50,195,2,COL11A1;THY1,0.03605769434394831,0.15791690953554005
2,20,negative,immediate_early_response,50,8,0,,1.0,1.0
2,20,positive,MAPK_KRAS_signaling,50,384,1,CXCL10,0.4468440685515185,0.9626802195005785
2,20,positive,E2F_targets,50,195,0,,1.0,1.0
2,20,positive,G2M_checkpoint,50,187,1,E2F2,0.2498424474885676,0.6059390940465911
2,20,positive,apoptosis,50,159,0,,1.0,1.0
2,20,positive,epithelial_mesenchymal_transition,50,195,1,CXCL1,0.2590389627049177,0.6059390940465911
2,20,positive,immediate_early_response,50,8,0,,1.0,1.0
3,1,negative,MAPK_KRAS_signaling,50,384,4,BTG2;CTSS;GALNT3;IFI44L,0.002833930021249421,0.03861799438185083
3,1,negative,E2F_targets,50,195,0,,1.0,1.0
3,1,negative,G2M_checkpoint,50,187,0,,1.0,1.0
3,1,negative,apoptosis,50,159,1,BTG2,0.2167651816129296,0.6059390940465911
3,1,negative,epithelial_mesenchymal_transition,50,195,1,MYLK,0.2590389627049177,0.6059390940465911
3,1,negative,immediate_early_response,50,8,0,,1.0,1.0
3,1,positive,MAPK_KRAS_signaling,50,384,4,DUSP6;ETV4;HBEGF;LIF,0.002833930021249421,0.03861799438185083
3,1,positive,E2F_targets,50,195,11,ASF1B;AURKB;CDC25A;CENPM;MCM4;MYBL2;PSMC3IP;RRM2;SPC25;SUV39H1;TOP2A,7.929473701318514e-15,1.1894210551977772e-12
3,1,positive,G2M_checkpoint,50,187,15,AURKB;CCNA2;CCND1;CDC25A;CDC45;CDC6;CENPA;CHAF1A;E2F1;E2F2;GINS2;MYBL2;SUV39H1;TOP2A;UBE2C,2.50483830252556e-22,1.001935321010224e-19
3,1,positive,apoptosis,50,159,2,CCND1;TOP2A,0.02478994479538037,0.14511187197295827
3,1,positive,epithelial_mesenchymal_transition,50,195,0,,1.0,1.0
3,1,positive,immediate_early_response,50,8,2,DUSP6;ETV4,6.400325770302598e-05,0.002560130308121039
3,2,negative,MAPK_KRAS_signaling,50,384,1,IL1B,0.4468440685515185,0.9626802195005785
3,2,negative,E2F_targets,50,195,0,,1.0,1.0
3,2,negative,G2M_checkpoint,50,187,0,,1.0,1.0
3,2,negative,apoptosis,50,159,2,BMF;IL1B,0.02478994479538037,0.14511187197295827
3,2,negative,epithelial_mesenchymal_transition,50,195,1,VIM,0.2590389627049177,0.6059390940465911
3,2,negative,immediate_early_response,50,8,0,,1.0,1.0
3,2,positive,MAPK_KRAS_signaling,50,384,1,ANGPTL4,0.4468440685515185,0.9626802195005785
3,2,positive,E2F_targets,50,195,0,,1.0,1.0
3,2,positive,G2M_checkpoint,50,187,0,,1.0,1.0
3,2,positive,apoptosis,50,159,4,ISG20;NEDD9;SLC20A1;TNFSF10,0.00010482924409048046,0.0038119725123811074
3,2,positive,epithelial_mesenchymal_transition,50,195,0,,1.0,1.0
3,2,positive,immediate_early_response,50,8,0,,1.0,1.0
3,3,negative,MAPK_KRAS_signaling,50,384,2,CBL;IGFBP3,0.11711436088896492,0.4324222555900243
3,3,negative,E2F_targets,50,195,1,CDKN1B,0.2590389627049177,0.6059390940465911
3,3,negative,G2M_checkpoint,50,187,2,CDKN1B;MEIS1,0.03340855616934965,0.15791690953554005
3,3,negative,apoptosis,50,159,1,CDKN1B,0.2167651816129296,0.6059390940465911
3,3,negative,epithelial_mesenchymal_transition,50,195,3,COL16A1;IGFBP3;SNTB1,0.0033468928464270723,0.03861799438185083
3,3,negative,immediate_early_response,50,8,0,,1.0,1.0
3,3,positive,MAPK_KRAS_signaling,50,384,0,,1.0,1.0
3,3,positive,E2F_targets,50,195,0,,1.0,1.0
3,3,positive,G2M_checkpoint,50,187,1,POLQ,0.2498424474885676,0.6059390940465911
3,3,positive,apoptosis,50,159,0,,1.0,1.0
3,3,positive,epithelial_mesenchymal_transition,50,195,3,COL5A3;MGP;TFPI2,0.0033468928464270723,0.03861799438185083
3,3,positive,immediate_early_response,50,8,0,,1.0,1.0
3,4,negative,MAPK_KRAS_signaling,50,384,0,,1.0,1.0
3,4,negative,E2F_targets,50,195,2,CDK1;SPAG5,0.03605769434394831,0.15791690953554005
3,4,negative,G2M_checkpoint,50,187,1,CDK1,0.2498424474885676,0.6059390940465911
3,4,negative,apoptosis,50,159,0,,1.0,1.0
3,4,negative,epithelial_mesenchymal_transition,50,195,1,MYLK,0.2590389627049177,0.6059390940465911
3,4,negative,immediate_early_response,50,8,0,,1.0,1.0
3,4,positive,MAPK_KRAS_signaling,50,384,3,MAST3;RGS16;SPP1,0.021059636979382085,0.13514205548266578
3,4,positive,E2F_targets,50,195,0,,1.0,1.0
3,4,positive,G2M_checkpoint,50,187,0,,1.0,1.0
3,4,positive,apoptosis,50,159,0,,1.0,1.0
3,4,positive,epithelial_mesenchymal_transition,50,195,1,SPP1,0.2590389627049177,0.6059390940465911
3,4,positive,immediate_early_response,50,8,0,,1.0,1.0
3,5,negative,MAPK_KRAS_signaling,50,384,4,ANGPTL4;G0S2;KRT15;PCP4,0.002833930021249421,0.03861799438185083
3,5,negative,E2F_targets,50,195,1,HMGA1,0.2590389627049177,0.6059390940465911
3,5,negative,G2M_checkpoint,50,187,2,CDC6;HMGA1,0.03340855616934965,0.15791690953554005
3,5,negative,apoptosis,50,159,1,GCH1,0.2167651816129296,0.6059390940465911
3,5,negative,epithelial_mesenchymal_transition,50,195,0,,1.0,1.0
3,5,negative,immediate_early_response,50,8,0,,1.0,1.0
3,5,positive,MAPK_KRAS_signaling,50,384,0,,1.0,1.0
3,5,positive,E2F_targets,50,195,0,,1.0,1.0
3,5,positive,G2M_checkpoint,50,187,0,,1.0,1.0
3,5,positive,apoptosis,50,159,2,CTH;DPYD,0.02478994479538037,0.14511187197295827
3,5,positive,epithelial_mesenchymal_transition,50,195,1,EDIL3,0.2590389627049177,0.6059390940465911
3,5,positive,immediate_early_response,50,8,0,,1.0,1.0
3,6,negative,MAPK_KRAS_signaling,50,384,3,CALCB;PTPRJ;SCN1B,0.021059636979382085,0.13514205548266578
3,6,negative,E2F_targets,50,195,1,RPA2,0.2590389627049177,0.6059390940465911
3,6,negative,G2M_checkpoint,50,187,1,RPA2,0.2498424474885676,0.6059390940465911
3,6,negative,apoptosis,50,159,0,,1.0,1.0
3,6,negative,epithelial_mesenchymal_transition,50,195,1,IL32,0.2590389627049177,0.6059390940465911
3,6,negative,immediate_early_response,50,8,0,,1.0,1.0
3,6,positive,MAPK_KRAS_signaling,50,384,2,DTNB;PCP4,0.11711436088896492,0.4324222555900243
3,6,positive,E2F_targets,50,195,0,,1.0,1.0
3,6,positive,G2M_checkpoint,50,187,0,,1.0,1.0
3,6,positive,apoptosis,50,159,1,BMF,0.2167651816129296,0.6059390940465911
3,6,positive,epithelial_mesenchymal_transition,50,195,0,,1.0,1.0
3,6,positive,immediate_early_response,50,8,0,,1.0,1.0
3,7,negative,MAPK_KRAS_signaling,50,384,1,SPRY2,0.4468440685515185,0.9626802195005785
3,7,negative,E2F_targets,50,195,3,DEPDC1;HMMR;ZW10,0.0033468928464270723,0.03861799438185083
3,7,negative,G2M_checkpoint,50,187,3,E2F2;HMMR;NDC80,0.0029750446061036955,0.03861799438185083
3,7,negative,apoptosis,50,159,0,,1.0,1.0
3,7,negative,epithelial_mesenchymal_transition,50,195,0,,1.0,1.0
3,7,negative,immediate_early_response,50,8,1,SPRY2,0.012189583767522912,0.10523381669803952
3,7,positive,MAPK_KRAS_signaling,50,384,3,SYNPO;TNFAIP3;UPK3B,0.021059636979382085,0.13514205548266578
3,7,positive,E2F_targets,50,195,0,,1.0,1.0
3,7,positive,G2M_checkpoint,50,187,1,ATF5,0.2498424474885676,0.6059390940465911
3,7,positive,apoptosis,50,159,0,,1.0,1.0
3,7,positive,epithelial_mesenchymal_transition,50,195,3,FSTL1;MGP;TNFAIP3,0.0033468928464270723,0.03861799438185083
3,7,positive,immediate_early_response,50,8,0,,1.0,1.0
3,8,negative,MAPK_KRAS_signaling,50,384,2,IFI44L;SGK1,0.11711436088896492,0.4324222555900243
3,8,negative,E2F_targets,50,195,0,,1.0,1.0
3,8,negative,G2M_checkpoint,50,187,0,,1.0,1.0
3,8,negative,apoptosis,50,159,0,,1.0,1.0
3,8,negative,epithelial_mesenchymal_transition,50,195,0,,1.0,1.0
3,8,negative,immediate_early_response,50,8,0,,1.0,1.0
3,8,positive,MAPK_KRAS_signaling,50,384,1,SPRR3,0.4468440685515185,0.9626802195005785
3,8,positive,E2F_targets,50,195,0,,1.0,1.0
3,8,positive,G2M_checkpoint,50,187,0,,1.0,1.0
3,8,positive,apoptosis,50,159,0,,1.0,1.0
3,8,positive,epithelial_mesenchymal_transition,50,195,2,NT5E;TGM2,0.03605769434394831,0.15791690953554005
3,8,positive,immediate_early_response,50,8,0,,1.0,1.0
3,9,negative,MAPK_KRAS_signaling,50,384,4,ASB7;CCL20;RSAD2;TFF2,0.002833930021249421,0.03861799438185083
3,9,negative,E2F_targets,50,195,0,,1.0,1.0
3,9,negative,G2M_checkpoint,50,187,0,,1.0,1.0
3,9,negative,apoptosis,50,159,0,,1.0,1.0
3,9,negative,epithelial_mesenchymal_transition,50,195,1,SPARC,0.2590389627049177,0.6059390940465911
3,9,negative,immediate_early_response,50,8,0,,1.0,1.0
3,9,positive,MAPK_KRAS_signaling,50,384,2,DUSP6;ITGA2,0.11711436088896492,0.4324222555900243
3,9,positive,E2F_targets,50,195,0,,1.0,1.0
3,9,positive,G2M_checkpoint,50,187,0,,1.0,1.0
3,9,positive,apoptosis,50,159,0,,1.0,1.0
3,9,positive,epithelial_mesenchymal_transition,50,195,1,ITGA2,0.2590389627049177,0.6059390940465911
3,9,positive,immediate_early_response,50,8,1,DUSP6,0.012189583767522912,0.10523381669803952
3,10,negative,MAPK_KRAS_signaling,50,384,2,MX1;SLC29A3,0.11711436088896492,0.4324222555900243
3,10,negative,E2F_targets,50,195,0,,1.0,1.0
3,10,negative,G2M_checkpoint,50,187,0,,1.0,1.0
3,10,negative,apoptosis,50,159,0,,1.0,1.0
3,10,negative,epithelial_mesenchymal_transition,50,195,0,,1.0,1.0
3,10,negative,immediate_early_response,50,8,0,,1.0,1.0
3,10,positive,MAPK_KRAS_signaling,50,384,0,,1.0,1.0
3,10,positive,E2F_targets,50,195,0,,1.0,1.0
3,10,positive,G2M_checkpoint,50,187,0,,1.0,1.0
3,10,positive,apoptosis,50,159,0,,1.0,1.0
3,10,positive,epithelial_mesenchymal_transition,50,195,1,CAPG,0.2590389627049177,0.6059390940465911
3,10,positive,immediate_early_response,50,8,0,,1.0,1.0
3,11,negative,MAPK_KRAS_signaling,50,384,2,CLSTN3;CXCL10,0.11711436088896492,0.4324222555900243
3,11,negative,E2F_targets,50,195,1,ESPL1,0.2590389627049177,0.6059390940465911
3,11,negative,G2M_checkpoint,50,187,1,ESPL1,0.2498424474885676,0.6059390940465911
3,11,negative,apoptosis,50,159,1,ISG20,0.2167651816129296,0.6059390940465911
3,11,negative,epithelial_mesenchymal_transition,50,195,3,COL1A2;IGFBP4;SERPINE1,0.0033468928464270723,0.03861799438185083
3,11,negative,immediate_early_response,50,8,0,,1.0,1.0
3,11,positive,MAPK_KRAS_signaling,50,384,3,CCL20;SPRR3;YPEL1,0.021059636979382085,0.13514205548266578
3,11,positive,E2F_targets,50,195,0,,1.0,1.0
3,11,positive,G2M_checkpoint,50,187,0,,1.0,1.0
3,11,positive,apoptosis,50,159,0,,1.0,1.0
3,11,positive,epithelial_mesenchymal_transition,50,195,0,,1.0,1.0
3,11,positive,immediate_early_response,50,8,0,,1.0,1.0
3,12,negative,MAPK_KRAS_signaling,50,384,1,ETV1,0.4468440685515185,0.9626802195005785
3,12,negative,E2F_targets,50,195,0,,1.0,1.0
3,12,negative,G2M_checkpoint,50,187,0,,1.0,1.0
3,12,negative,apoptosis,50,159,1,TNF,0.2167651816129296,0.6059390940465911
3,12,negative,epithelial_mesenchymal_transition,50,195,1,CXCL1,0.2590389627049177,0.6059390940465911
3,12,negative,immediate_early_response,50,8,0,,1.0,1.0
3,12,positive,MAPK_KRAS_signaling,50,384,2,HBEGF;HKDC1,0.11711436088896492,0.4324222555900243
3,12,positive,E2F_targets,50,195,0,,1.0,1.0
3,12,positive,G2M_checkpoint,50,187,0,,1.0,1.0
3,12,positive,apoptosis,50,159,0,,1.0,1.0
3,12,positive,epithelial_mesenchymal_transition,50,195,1,AREG,0.2590389627049177,0.6059390940465911
3,12,positive,immediate_early_response,50,8,1,EGR1,0.012189583767522912,0.10523381669803952
3,13,negative,MAPK_KRAS_signaling,50,384,1,TMEM100,0.4468440685515185,0.9626802195005785
3,13,negative,E2F_targets,50,195,0,,1.0,1.0
3,13,negative,G2M_checkpoint,50,187,0,,1.0,1.0
3,13,negative,apoptosis,50,159,0,,1.0,1.0
3,13,negative,epithelial_mesenchymal_transition,50,195,0,,1.0,1.0
3,13,negative,immediate_early_response,50,8,0,,1.0,1.0
3,13,positive,MAPK_KRAS_signaling,50,384,5,BMP2;CCL20;INHBA;LIF;NGF,0.00030104163380272097,0.007853260012244895
3,13,positive,E2F_targets,50,195,0,,1.0,1.0
3,13,positive,G2M_checkpoint,50,187,0,,1.0,1.0
3,13,positive,apoptosis,50,159,2,BMP2;IL18,0.02478994479538037,0.14511187197295827
3,13,positive,epithelial_mesenchymal_transition,50,195,2,CXCL1;INHBA,0.03605769434394831,0.15791690953554005
3,13,positive,immediate_early_response,50,8,1,DUSP4,0.012189583767522912,0.10523381669803952
3,14,negative,MAPK_KRAS_signaling,50,384,0,,1.0,1.0
3,14,negative,E2F_targets,50,195,0,,1.0,1.0
3,14,negative,G2M_checkpoint,50,187,1,E2F2,0.2498424474885676,0.6059390940465911
3,14,negative,apoptosis,50,159,0,,1.0,1.0
3,14,negative,epithelial_mesenchymal_transition,50,195,0,,1.0,1.0
3,14,negative,immediate_early_response,50,8,0,,1.0,1.0
3,14,positive,MAPK_KRAS_signaling,50,384,2,EDN1;MAFB,0.11711436088896492,0.4324222555900243
3,14,positive,E2F_targets,50,195,1,DCLRE1B,0.2590389627049177,0.6059390940465911
3,14,positive,G2M_checkpoint,50,187,0,,1.0,1.0
3,14,positive,apoptosis,50,159,0,,1.0,1.0
3,14,positive,epithelial_mesenchymal_transition,50,195,2,CXCL1;PTHLH,0.03605769434394831,0.15791690953554005
3,14,positive,immediate_early_response,50,8,0,,1.0,1.0
3,15,negative,MAPK_KRAS_signaling,50,384,3,ETV1;LIF;SERPINB2,0.021059636979382085,0.13514205548266578
3,15,negative,E2F_targets,50,195,0,,1.0,1.0
3,15,negative,G2M_checkpoint,50,187,0,,1.0,1.0
3,15,negative,apoptosis,50,159,0,,1.0,1.0
3,15,negative,epithelial_mesenchymal_transition,50,195,2,LAMA3;MMP1,0.03605769434394831,0.15791690953554005
3,15,negative,immediate_early_response,50,8,1,DUSP5,0.012189583767522912,0.10523381669803952
3,15,positive,MAPK_KRAS_signaling,50,384,3,ANGPTL4;CXCL10;KRT15,0.021059636979382085,0.13514205548266578
3,15,positive,E2F_targets,50,195,0,,1.0,1.0
3,15,positive,G2M_checkpoint,50,187,3,KIF11;NEK2;TTK,0.0029750446061036955,0.03861799438185083
3,15,positive,apoptosis,50,159,2,IL6;TNFSF10,0.02478994479538037,0.14511187197295827
3,15,positive,epithelial_mesenchymal_transition,50,195,1,IL6,0.2590389627049177,0.6059390940465911
3,15,positive,immediate_early_response,50,8,0,,1.0,1.0
3,16,negative,MAPK_KRAS_signaling,50,384,1,PRDM1,0.4468440685515185,0.9626802195005785
3,16,negative,E2F_targets,50,195,0,,1.0,1.0
3,16,negative,G2M_checkpoint,50,187,0,,1.0,1.0
3,16,negative,apoptosis,50,159,0,,1.0,1.0
3,16,negative,epithelial_mesenchymal_transition,50,195,0,,1.0,1.0
3,16,negative,immediate_early_response,50,8,0,,1.0,1.0
3,16,positive,MAPK_KRAS_signaling,50,384,2,ETV1;ETV5,0.11711436088896492,0.4324222555900243
3,16,positive,E2F_targets,50,195,0,,1.0,1.0
3,16,positive,G2M_checkpoint,50,187,1,CDC45,0.2498424474885676,0.6059390940465911
3,16,positive,apoptosis,50,159,0,,1.0,1.0
3,16,positive,epithelial_mesenchymal_transition,50,195,0,,1.0,1.0
3,16,positive,immediate_early_response,50,8,1,ETV5,0.012189583767522912,0.10523381669803952
3,17,negative,MAPK_KRAS_signaling,50,384,1,TNFRSF1B,0.4468440685515185,0.9626802195005785
3,17,negative,E2F_targets,50,195,0,,1.0,1.0
3,17,negative,G2M_checkpoint,50,187,0,,1.0,1.0
3,17,negative,apoptosis,50,159,2,GPX3;RHOB,0.02478994479538037,0.14511187197295827
3,17,negative,epithelial_mesenchymal_transition,50,195,3,COL5A2;CTHRC1;RHOB,0.0033468928464270723,0.03861799438185083
3,17,negative,immediate_early_response,50,8,0,,1.0,1.0
3,17,positive,MAPK_KRAS_signaling,50,384,2,ANGPTL4;NR4A2,0.11711436088896492,0.4324222555900243
3,17,positive,E2F_targets,50,195,0,,1.0,1.0
3,17,positive,G2M_checkpoint,50,187,0,,1.0,1.0
3,17,positive,apoptosis,50,159,0,,1.0,1.0
3,17,positive,epithelial_mesenchymal_transition,50,195,1,NNMT,0.2590389627049177,0.6059390940465911
3,17,positive,immediate_early_response,50,8,0,,1.0,1.0
3,18,negative,MAPK_KRAS_signaling,50,384,1,EDN2,0.4468440685515185,0.9626802195005785
3,18,negative,E2F_targets,50,195,0,,1.0,1.0
3,18,negative,G2M_checkpoint,50,187,0,,1.0,1.0
3,18,negative,apoptosis,50,159,0,,1.0,1.0
3,18,negative,epithelial_mesenchymal_transition,50,195,2,MGP;WNT5A,0.03605769434394831,0.15791690953554005
3,18,negative,immediate_early_response,50,8,0,,1.0,1.0
3,18,positive,MAPK_KRAS_signaling,50,384,1,DUSP6,0.4468440685515185,0.9626802195005785
3,18,positive,E2F_targets,50,195,0,,1.0,1.0
3,18,positive,G2M_checkpoint,50,187,0,,1.0,1.0
3,18,positive,apoptosis,50,159,1,IL6,0.2167651816129296,0.6059390940465911
3,18,positive,epithelial_mesenchymal_transition,50,195,2,IL6;MSX1,0.03605769434394831,0.15791690953554005
3,18,positive,immediate_early_response,50,8,1,DUSP6,0.012189583767522912,0.10523381669803952
3,19,negative,MAPK_KRAS_signaling,50,384,2,ETV5;FGFR3,0.11711436088896492,0.4324222555900243
3,19,negative,E2F_targets,50,195,1,DCK,0.2590389627049177,0.6059390940465911
3,19,negative,G2M_checkpoint,50,187,0,,1.0,1.0
3,19,negative,apoptosis,50,159,0,,1.0,1.0
3,19,negative,epithelial_mesenchymal_transition,50,195,0,,1.0,1.0
3,19,negative,immediate_early_response,50,8,1,ETV5,0.012189583767522912,0.10523381669803952
3,19,positive,MAPK_KRAS_signaling,50,384,4,CCL20;CXCL10;HBEGF;INHBA,0.002833930021249421,0.03861799438185083
3,19,positive,E2F_targets,50,195,0,,1.0,1.0
3,19,positive,G2M_checkpoint,50,187,0,,1.0,1.0
3,19,positive,apoptosis,50,159,0,,1.0,1.0
3,19,positive,epithelial_mesenchymal_transition,50,195,1,INHBA,0.2590389627049177,0.6059390940465911
3,19,positive,immediate_early_response,50,8,0,,1.0,1.0
3,20,negative,MAPK_KRAS_signaling,50,384,3,FUCA1;LYPD3;PTGS2,0.021059636979382085,0.13514205548266578
3,20,negative,E2F_targets,50,195,0,,1.0,1.0
3,20,negative,G2M_checkpoint,50,187,0,,1.0,1.0
3,20,negative,apoptosis,50,159,0,,1.0,1.0
3,20,negative,epithelial_mesenchymal_transition,50,195,3,FUCA1;LOXL1;VEGFA,0.0033468928464270723,0.03861799438185083
3,20,negative,immediate_early_response,50,8,0,,1.0,1.0
3,20,positive,MAPK_KRAS_signaling,50,384,4,CXCL10;EDN1;GPRC5B;KRT13,0.002833930021249421,0.03861799438185083
3,20,positive,E2F_targets,50,195,0,,1.0,1.0
3,20,positive,G2M_checkpoint,50,187,0,,1.0,1.0
3,20,positive,apoptosis,50,159,0,,1.0,1.0
3,20,positive,epithelial_mesenchymal_transition,50,195,0,,1.0,1.0
3,20,positive,immediate_early_response,50,8,0,,1.0,1.0
4,1,negative,MAPK_KRAS_signaling,50,384,4,CELSR2;GALNT3;IFI44L;RSAD2,0.002833930021249421,0.03861799438185083
4,1,negative,E2F_targets,50,195,0,,1.0,1.0
4,1,negative,G2M_checkpoint,50,187,0,,1.0,1.0
4,1,negative,apoptosis,50,159,0,,1.0,1.0
4,1,negative,epithelial_mesenchymal_transition,50,195,2,MATN2;MYLK,0.03605769434394831,0.15791690953554005
4,1,negative,immediate_early_response,50,8,0,,1.0,1.0
4,1,positive,MAPK_KRAS_signaling,50,384,1,DUSP6,0.4468440685515185,0.9626802195005785
4,1,positive,E2F_targets,50,195,11,ASF1B;ATAD2;AURKB;CDK1;MCM4;MYBL2;PSMC3IP;RRM2;SPC25;SUV39H1;TOP2A,7.929473701318514e-15,1.1894210551977772e-12
4,1,positive,G2M_checkpoint,50,187,15,AURKB;CCNA2;CCND1;CCNF;CDC45;CDC6;CDK1;CENPA;CHAF1A;E2F1;GINS2;MYBL2;SUV39H1;TOP2A;UBE2C,2.50483830252556e-22,1.001935321010224e-19
4,1,positive,apoptosis,50,159,2,CCND1;TOP2A,0.02478994479538037,0.14511187197295827
4,1,positive,epithelial_mesenchymal_transition,50,195,0,,1.0,1.0
4,1,positive,immediate_early_response,50,8,1,DUSP6,0.012189583767522912,0.10523381669803952
4,2,negative,MAPK_KRAS_signaling,50,384,1,IL1B,0.4468440685515185,0.9626802195005785
4,2,negative,E2F_targets,50,195,0,,1.0,1.0
4,2,negative,G2M_checkpoint,50,187,0,,1.0,1.0
4,2,negative,apoptosis,50,159,2,BMF;IL1B,0.02478994479538037,0.14511187197295827
4,2,negative,epithelial_mesenchymal_transition,50,195,1,AREG,0.2590389627049177,0.6059390940465911
4,2,negative,immediate_early_response,50,8,0,,1.0,1.0
4,2,positive,MAPK_KRAS_signaling,50,384,1,ANGPTL4,0.4468440685515185,0.9626802195005785
4,2,positive,E2F_targets,50,195,0,,1.0,1.0
4,2,positive,G2M_checkpoint,50,187,1,CCND1,0.2498424474885676,0.6059390940465911
4,2,positive,apoptosis,50,159,5,CCND1;ISG20;NEDD9;SLC20A1;TNFSF10,4.569073015684999e-06,0.0003426804761763749
4,2,positive,epithelial_mesenchymal_transition,50,195,0,,1.0,1.0
4,2,positive,immediate_early_response,50,8,0,,1.0,1.0
4,3,negative,MAPK_KRAS_signaling,50,384,3,ADAM8;SCG5;SPP1,0.021059636979382085,0.13514205548266578
4,3,negative,E2F_targets,50,195,0,,1.0,1.0
4,3,negative,G2M_checkpoint,50,187,0,,1.0,1.0
4,3,negative,apoptosis,50,159,0,,1.0,1.0
4,3,negative,epithelial_mesenchymal_transition,50,195,3,COL4A2;SPP1;TFPI2,0.0033468928464270723,0.03861799438185083
4,3,negative,immediate_early_response,50,8,1,EGR1,0.012189583767522912,0.10523381669803952
4,3,positive,MAPK_KRAS_signaling,50,384,2,AKAP12;PTBP2,0.11711436088896492,0.4324222555900243
4,3,positive,E2F_targets,50,195,2,CDK1;SPAG5,0.03605769434394831,0.15791690953554005
4,3,positive,G2M_checkpoint,50,187,1,CDK1,0.2498424474885676,0.6059390940465911
4,3,positive,apoptosis,50,159,0,,1.0,1.0
4,3,positive,epithelial_mesenchymal_transition,50,195,0,,1.0,1.0
4,3,positive,immediate_early_response,50,8,0,,1.0,1.0
4,4,negative,MAPK_KRAS_signaling,50,384,5,ANGPTL4;CSF2;G0S2;GALNT3;KRT15,0.00030104163380272097,0.007853260012244895
4,4,negative,E2F_targets,50,195,1,HMGA1,0.2590389627049177,0.6059390940465911
4,4,negative,G2M_checkpoint,50,187,1,HMGA1,0.2498424474885676,0.6059390940465911
4,4,negative,apoptosis,50,159,1,GCH1,0.2167651816129296,0.6059390940465911
4,4,negative,epithelial_mesenchymal_transition,50,195,0,,1.0,1.0
4,4,negative,immediate_early_response,50,8,0,,1.0,1.0
4,4,positive,MAPK_KRAS_signaling,50,384,0,,1.0,1.0
4,4,positive,E2F_targets,50,195,0,,1.0,1.0
4,4,positive,G2M_checkpoint,50,187,0,,1.0,1.0
4,4,positive,apoptosis,50,159,0,,1.0,1.0
4,4,positive,epithelial_mesenchymal_transition,50,195,2,CXCL1;EDIL3,0.03605769434394831,0.15791690953554005
4,4,positive,immediate_early_response,50,8,0,,1.0,1.0
4,5,negative,MAPK_KRAS_signaling,50,384,0,,1.0,1.0
4,5,negative,E2F_targets,50,195,2,ING3;SPC25,0.03605769434394831,0.15791690953554005
4,5,negative,G2M_checkpoint,50,187,0,,1.0,1.0
4,5,negative,apoptosis,50,159,0,,1.0,1.0
4,5,negative,epithelial_mesenchymal_transition,50,195,1,SERPINE2,0.2590389627049177,0.6059390940465911
4,5,negative,immediate_early_response,50,8,0,,1.0,1.0
4,5,positive,MAPK_KRAS_signaling,50,384,1,HKDC1,0.4468440685515185,0.9626802195005785
4,5,positive,E2F_targets,50,195,0,,1.0,1.0
4,5,positive,G2M_checkpoint,50,187,0,,1.0,1.0
4,5,positive,apoptosis,50,159,2,CASP9;PMAIP1,0.02478994479538037,0.14511187197295827
4,5,positive,epithelial_mesenchymal_transition,50,195,1,MATN3,0.2590389627049177,0.6059390940465911
4,5,positive,immediate_early_response,50,8,0,,1.0,1.0
4,6,negative,MAPK_KRAS_signaling,50,384,2,ETV1;SPRY2,0.11711436088896492,0.4324222555900243
4,6,negative,E2F_targets,50,195,2,HMMR;SPC25,0.03605769434394831,0.15791690953554005
4,6,negative,G2M_checkpoint,50,187,2,HMMR;RPS6KA5,0.03340855616934965,0.15791690953554005
4,6,negative,apoptosis,50,159,0,,1.0,1.0
4,6,negative,epithelial_mesenchymal_transition,50,195,0,,1.0,1.0
4,6,negative,immediate_early_response,50,8,1,SPRY2,0.012189583767522912,0.10523381669803952
4,6,positive,MAPK_KRAS_signaling,50,384,2,CXCL10;SYNPO,0.11711436088896492,0.4324222555900243
4,6,positive,E2F_targets,50,195,0,,1.0,1.0
4,6,positive,G2M_checkpoint,50,187,1,ATF5,0.2498424474885676,0.6059390940465911
4,6,positive,apoptosis,50,159,0,,1.0,1.0
4,6,positive,epithelial_mesenchymal_transition,50,195,5,AREG;COL5A2;FGF2;FSTL3;MYLK,1.230822619053175e-05,0.000738493571431905
4,6,positive,immediate_early_response,50,8,1,DUSP4,0.012189583767522912,0.10523381669803952
4,7,negative,MAPK_KRAS_signaling,50,384,1,TFF2,0.4468440685515185,0.9626802195005785
4,7,negative,E2F_targets,50,195,3,CDCA8;GINS1;SPC24,0.0033468928464270723,0.03861799438185083
4,7,negative,G2M_checkpoint,50,187,2,CENPF;PBK,0.03340855616934965,0.15791690953554005
4,7,negative,apoptosis,50,159,0,,1.0,1.0
4,7,negative,epithelial_mesenchymal_transition,50,195,1,CADM1,0.2590389627049177,0.6059390940465911
4,7,negative,immediate_early_response,50,8,0,,1.0,1.0
4,7,positive,MAPK_KRAS_signaling,50,384,4,DUSP6;ITGA2;MMP9;TNFAIP3,0.002833930021249421,0.03861799438185083
4,7,positive,E2F_targets,50,195,0,,1.0,1.0
4,7,positive,G2M_checkpoint,50,187,0,,1.0,1.0
4,7,positive,apoptosis,50,159,0,,1.0,1.0
4,7,positive,epithelial_mesenchymal_transition,50,195,3,FSTL1;ITGA2;TNFAIP3,0.0033468928464270723,0.03861799438185083
4,7,positive,immediate_early_response,50,8,1,DUSP6,0.012189583767522912,0.10523381669803952
4,8,negative,MAPK_KRAS_signaling,50,384,2,G0S2;KRT13,0.11711436088896492,0.4324222555900243
4,8,negative,E2F_targets,50,195,0,,1.0,1.0
4,8,negative,G2M_checkpoint,50,187,0,,1.0,1.0
4,8,negative,apoptosis,50,159,0,,1.0,1.0
4,8,negative,epithelial_mesenchymal_transition,50,195,0,,1.0,1.0
4,8,negative,immediate_early_response,50,8,0,,1.0,1.0
4,8,positive,MAPK_KRAS_signaling,50,384,2,MALL;SPRR3,0.11711436088896492,0.4324222555900243
4,8,positive,E2F_targets,50,195,0,,1.0,1.0
4,8,positive,G2M_checkpoint,50,187,0,,1.0,1.0
4,8,positive,apoptosis,50,159,2,GADD45A;KRT18,0.02478994479538037,0.14511187197295827
4,8,positive,epithelial_mesenchymal_transition,50,195,1,GADD45A,0.2590389627049177,0.6059390940465911
4,8,positive,immediate_early_response,50,8,0,,1.0,1.0
4,9,negative,MAPK_KRAS_signaling,50,384,5,FGFR3;KRT13;PTPRJ;RGS16;SPRR3,0.00030104163380272097,0.007853260012244895
4,9,negative,E2F_targets,50,195,1,BUB1B,0.2590389627049177,0.6059390940465911
4,9,negative,G2M_checkpoint,50,187,2,CENPA;CENPF,0.03340855616934965,0.15791690953554005
4,9,negative,apoptosis,50,159,0,,1.0,1.0
4,9,negative,epithelial_mesenchymal_transition,50,195,0,,1.0,1.0
4,9,negative,immediate_early_response,50,8,0,,1.0,1.0
4,9,positive,MAPK_KRAS_signaling,50,384,4,PTPRR;SCG5;SERPINB2;SLC6A14,0.002833930021249421,0.03861799438185083
4,9,positive,E2F_targets,50,195,0,,1.0,1.0
4,9,positive,G2M_checkpoint,50,187,0,,1.0,1.0
4,9,positive,apoptosis,50,159,0,,1.0,1.0
4,9,positive,epithelial_mesenchymal_transition,50,195,1,MMP1,0.2590389627049177,0.6059390940465911
4,9,positive,immediate_early_response,50,8,0,,1.0,1.0
4,10,negative,MAPK_KRAS_signaling,50,384,0,,1.0,1.0
4,10,negative,E2F_targets,50,195,0,,1.0,1.0
4,10,negative,G2M_checkpoint,50,187,0,,1.0,1.0
4,10,negative,apoptosis,50,159,0,,1.0,1.0
4,10,negative,epithelial_mesenchymal_transition,50,195,0,,1.0,1.0
4,10,negative,immediate_early_response,50,8,0,,1.0,1.0
4,10,positive,MAPK_KRAS_signaling,50,384,3,CXCL10;ETV4;RSAD2,0.021059636979382085,0.13514205548266578
4,10,positive,E2F_targets,50,195,0,,1.0,1.0
4,10,positive,G2M_checkpoint,50,187,1,DMD,0.2498424474885676,0.6059390940465911
4,10,positive,apoptosis,50,159,1,IL6,0.2167651816129296,0.6059390940465911
4,10,positive,epithelial_mesenchymal_transition,50,195,3,COL5A1;IL6;SERPINE1,0.0033468928464270723,0.03861799438185083
4,10,positive,immediate_early_response,50,8,1,ETV4,0.012189583767522912,0.10523381669803952
4,11,negative,MAPK_KRAS_signaling,50,384,1,SCG5,0.4468440685515185,0.9626802195005785
4,11,negative,E2F_targets,50,195,0,,1.0,1.0
4,11,negative,G2M_checkpoint,50,187,0,,1.0,1.0
4,11,negative,apoptosis,50,159,0,,1.0,1.0
4,11,negative,epithelial_mesenchymal_transition,50,195,2,AREG;MGP,0.03605769434394831,0.15791690953554005
4,11,negative,immediate_early_response,50,8,1,EGR1,0.012189583767522912,0.10523381669803952
4,11,positive,MAPK_KRAS_signaling,50,384,2,JUP;TSPAN1,0.11711436088896492,0.4324222555900243
4,11,positive,E2F_targets,50,195,0,,1.0,1.0
4,11,positive,G2M_checkpoint,50,187,0,,1.0,1.0
4,11,positive,apoptosis,50,159,1,NEDD9,0.2167651816129296,0.6059390940465911
4,11,positive,epithelial_mesenchymal_transition,50,195,2,CXCL1;NTM,0.03605769434394831,0.15791690953554005
4,11,positive,immediate_early_response,50,8,0,,1.0,1.0
4,12,negative,MAPK_KRAS_signaling,50,384,1,FGGY,0.4468440685515185,0.9626802195005785
4,12,negative,E2F_targets,50,195,0,,1.0,1.0
4,12,negative,G2M_checkpoint,50,187,0,,1.0,1.0
4,12,negative,apoptosis,50,159,0,,1.0,1.0
4,12,negative,epithelial_mesenchymal_transition,50,195,2,COL6A3;SERPINE1,0.03605769434394831,0.15791690953554005
4,12,negative,immediate_early_response,50,8,0,,1.0,1.0
4,12,positive,MAPK_KRAS_signaling,50,384,6,ASB7;DNMBP;LIF;MALL;SPRR3;YPEL1,2.6161836121164664e-05,0.0014270092429726179
4,12,positive,E2F_targets,50,195,0,,1.0,1.0
4,12,positive,G2M_checkpoint,50,187,0,,1.0,1.0
4,12,positive,apoptosis,50,159,0,,1.0,1.0
4,12,positive,epithelial_mesenchymal_transition,50,195,0,,1.0,1.0
4,12,positive,immediate_early_response,50,8,0,,1.0,1.0
4,13,negative,MAPK_KRAS_signaling,50,384,0,,1.0,1.0
4,13,negative,E2F_targets,50,195,0,,1.0,1.0
4,13,negative,G2M_checkpoint,50,187,0,,1.0,1.0
4,13,negative,apoptosis,50,159,0,,1.0,1.0
4,13,negative,epithelial_mesenchymal_transition,50,195,1,COL3A1,0.2590389627049177,0.6059390940465911
4,13,negative,immediate_early_response,50,8,0,,1.0,1.0
4,13,positive,MAPK_KRAS_signaling,50,384,2,BMP2;INHBA,0.11711436088896492,0.4324222555900243
4,13,positive,E2F_targets,50,195,0,,1.0,1.0
4,13,positive,G2M_checkpoint,50,187,0,,1.0,1.0
4,13,positive,apoptosis,50,159,2,BMP2;TNF,0.02478994479538037,0.14511187197295827
4,13,positive,epithelial_mesenchymal_transition,50,195,1,INHBA,0.2590389627049177,0.6059390940465911
4,13,positive,immediate_early_response,50,8,0,,1.0,1.0
4,14,negative,MAPK_KRAS_signaling,50,384,1,LAT2,0.4468440685515185,0.9626802195005785
4,14,negative,E2F_targets,50,195,2,CCNB2;ESPL1,0.03605769434394831,0.15791690953554005
4,14,negative,G2M_checkpoint,50,187,2,CCNB2;ESPL1,0.03340855616934965,0.15791690953554005
4,14,negative,apoptosis,50,159,0,,1.0,1.0
4,14,negative,epithelial_mesenchymal_transition,50,195,2,COL3A1;PMP22,0.03605769434394831,0.15791690953554005
4,14,negative,immediate_early_response,50,8,0,,1.0,1.0
4,14,positive,MAPK_KRAS_signaling,50,384,8,ANGPTL4;CCL20;EDN1;HDAC9;IGFBP3;INHBA;KRT15;LCP1,1.1894376570264292e-07,9.515501256211434e-06
4,14,positive,E2F_targets,50,195,0,,1.0,1.0
4,14,positive,G2M_checkpoint,50,187,0,,1.0,1.0
4,14,positive,apoptosis,50,159,1,TNFSF10,0.2167651816129296,0.6059390940465911
4,14,positive,epithelial_mesenchymal_transition,50,195,3,IGFBP3;INHBA;TAGLN,0.0033468928464270723,0.03861799438185083
4,14,positive,immediate_early_response,50,8,0,,1.0,1.0
4,15,negative,MAPK_KRAS_signaling,50,384,1,MAFB,0.4468440685515185,0.9626802195005785
4,15,negative,E2F_targets,50,195,0,,1.0,1.0
4,15,negative,G2M_checkpoint,50,187,0,,1.0,1.0
4,15,negative,apoptosis,50,159,1,IL6,0.2167651816129296,0.6059390940465911
4,15,negative,epithelial_mesenchymal_transition,50,195,7,DKK1;GLIPR1;IL6;LOXL1;NNMT;SERPINE2;TAGLN,1.9585357181116924e-08,1.9585357181116925e-06
4,15,negative,immediate_early_response,50,8,0,,1.0,1.0
4,15,positive,MAPK_KRAS_signaling,50,384,3,CHST2;CTSS;ETV1,0.021059636979382085,0.13514205548266578
4,15,positive,E2F_targets,50,195,0,,1.0,1.0
4,15,positive,G2M_checkpoint,50,187,1,E2F2,0.2498424474885676,0.6059390940465911
4,15,positive,apoptosis,50,159,0,,1.0,1.0
4,15,positive,epithelial_mesenchymal_transition,50,195,0,,1.0,1.0
4,15,positive,immediate_early_response,50,8,0,,1.0,1.0
4,16,negative,MAPK_KRAS_signaling,50,384,3,GPRC5B;SLC29A3;TGFB2,0.021059636979382085,0.13514205548266578
4,16,negative,E2F_targets,50,195,0,,1.0,1.0
4,16,negative,G2M_checkpoint,50,187,0,,1.0,1.0
4,16,negative,apoptosis,50,159,1,TGFB2,0.2167651816129296,0.6059390940465911
4,16,negative,epithelial_mesenchymal_transition,50,195,1,MMP1,0.2590389627049177,0.6059390940465911
4,16,negative,immediate_early_response,50,8,0,,1.0,1.0
4,16,positive,MAPK_KRAS_signaling,50,384,1,KRT15,0.4468440685515185,0.9626802195005785
4,16,positive,E2F_targets,50,195,0,,1.0,1.0
4,16,positive,G2M_checkpoint,50,187,0,,1.0,1.0
4,16,positive,apoptosis,50,159,0,,1.0,1.0
4,16,positive,epithelial_mesenchymal_transition,50,195,1,PTHLH,0.2590389627049177,0.6059390940465911
4,16,positive,immediate_early_response,50,8,0,,1.0,1.0
4,17,negative,MAPK_KRAS_signaling,50,384,3,DUSP6;ETV1;LAT2,0.021059636979382085,0.13514205548266578
4,17,negative,E2F_targets,50,195,1,MLH1,0.2590389627049177,0.6059390940465911
4,17,negative,G2M_checkpoint,50,187,0,,1.0,1.0
4,17,negative,apoptosis,50,159,0,,1.0,1.0
4,17,negative,epithelial_mesenchymal_transition,50,195,1,SERPINE1,0.2590389627049177,0.6059390940465911
4,17,negative,immediate_early_response,50,8,1,DUSP6,0.012189583767522912,0.10523381669803952
4,17,positive,MAPK_KRAS_signaling,50,384,1,CXCL10,0.4468440685515185,0.9626802195005785
4,17,positive,E2F_targets,50,195,1,HMMR,0.2590389627049177,0.6059390940465911
4,17,positive,G2M_checkpoint,50,187,2,HMMR;NEK2,0.03340855616934965,0.15791690953554005
4,17,positive,apoptosis,50,159,1,BCL2L2,0.2167651816129296,0.6059390940465911
4,17,positive,epithelial_mesenchymal_transition,50,195,2,MGP;TNC,0.03605769434394831,0.15791690953554005
4,17,positive,immediate_early_response,50,8,0,,1.0,1.0
4,18,negative,MAPK_KRAS_signaling,50,384,5,EMP1;ETV4;ETV5;FGFR3;SERPINB2,0.00030104163380272097,0.007853260012244895
4,18,negative,E2F_targets,50,195,0,,1.0,1.0
4,18,negative,G2M_checkpoint,50,187,0,,1.0,1.0
4,18,negative,apoptosis,50,159,1,EMP1,0.2167651816129296,0.6059390940465911
4,18,negative,epithelial_mesenchymal_transition,50,195,2,AREG;MMP1,0.03605769434394831,0.15791690953554005
4,18,negative,immediate_early_response,50,8,2,ETV4;ETV5,6.400325770302598e-05,0.002560130308121039
4,18,positive,MAPK_KRAS_signaling,50,384,3,ANGPTL4;CXCL10;SCN1B,0.021059636979382085,0.13514205548266578
4,18,positive,E2F_targets,50,195,1,MXD3,0.2590389627049177,0.6059390940465911
4,18,positive,G2M_checkpoint,50,187,1,TTK,0.2498424474885676,0.6059390940465911
4,18,positive,apoptosis,50,159,0,,1.0,1.0
4,18,positive,epithelial_mesenchymal_transition,50,195,2,CDH6;NNMT,0.03605769434394831,0.15791690953554005
4,18,positive,immediate_early_response,50,8,0,,1.0,1.0
4,19,negative,MAPK_KRAS_signaling,50,384,4,CXCL10;EDN1;PLAT;SPRY2,0.002833930021249421,0.03861799438185083
4,19,negative,E2F_targets,50,195,1,PLK4,0.2590389627049177,0.6059390940465911
4,19,negative,G2M_checkpoint,50,187,1,PLK4,0.2498424474885676,0.6059390940465911
4,19,negative,apoptosis,50,159,1,PLAT,0.2167651816129296,0.6059390940465911
4,19,negative,epithelial_mesenchymal_transition,50,195,1,TGM2,0.2590389627049177,0.6059390940465911
4,19,negative,immediate_early_response,50,8,1,SPRY2,0.012189583767522912,0.10523381669803952
4,19,positive,MAPK_KRAS_signaling,50,384,3,CELSR2;GPR19;VWA5A,0.021059636979382085,0.13514205548266578
4,19,positive,E2F_targets,50,195,0,,1.0,1.0
4,19,positive,G2M_checkpoint,50,187,0,,1.0,1.0
4,19,positive,apoptosis,50,159,0,,1.0,1.0
4,19,positive,epithelial_mesenchymal_transition,50,195,2,COL1A2;COL3A1,0.03605769434394831,0.15791690953554005
4,19,positive,immediate_early_response,50,8,0,,1.0,1.0
4,20,negative,MAPK_KRAS_signaling,50,384,2,FBXO4;KRT13,0.11711436088896492,0.4324222555900243
4,20,negative,E2F_targets,50,195,0,,1.0,1.0
4,20,negative,G2M_checkpoint,50,187,0,,1.0,1.0
4,20,negative,apoptosis,50,159,0,,1.0,1.0
4,20,negative,epithelial_mesenchymal_transition,50,195,1,PTX3,0.2590389627049177,0.6059390940465911
4,20,negative,immediate_early_response,50,8,0,,1.0,1.0
4,20,positive,MAPK_KRAS_signaling,50,384,3,CCL20;EPHB2;GFPT2,0.021059636979382085,0.13514205548266578
4,20,positive,E2F_targets,50,195,0,,1.0,1.0
4,20,positive,G2M_checkpoint,50,187,1,E2F2,0.2498424474885676,0.6059390940465911
4,20,positive,apoptosis,50,159,0,,1.0,1.0
4,20,positive,epithelial_mesenchymal_transition,50,195,2,CXCL1;NNMT,0.03605769434394831,0.15791690953554005
4,20,positive,immediate_early_response,50,8,0,,1.0,1.0
