cell_line,control_6h_to_24h_rmse,drug_24h_response_rmse,control_vs_drug_pcc,control_vs_drug_cosine,lineage
22RV1_PROSTATE,0.3773215413093567,0.4291795790195465,-0.3696292722905016,-0.37500542402267456,prostate
42MGBA_CENTRAL_NERVOUS_SYSTEM,0.23467011749744415,0.2393742799758911,-0.38328976537739273,-0.3863939046859741,central_nervous_system
769P_KIDNEY,0.257670521736145,0.2926146388053894,-0.2797860363073103,-0.28307947516441345,kidney
786O_KIDNEY,0.20849139988422394,0.21295984089374542,-0.3566244758464465,-0.3569529950618744,kidney
8505C_THYROID,0.26799264550209045,0.33609622716903687,-0.25992222601016834,-0.26731961965560913,thyroid
A2780_OVARY,0.24757584929466248,0.31778496503829956,-0.22892425405015937,-0.23291654884815216,ovary
A375_SKIN,0.2777407169342041,0.4741194248199463,-0.15327493413466867,-0.15642833709716797,skin
ACCMESO1_PLEURA,0.21759408712387085,0.21830463409423828,-0.3860385518282552,-0.3908018469810486,mesothelioma
AGS_STOMACH,0.24087823927402496,0.3228689134120941,-0.2656319408298347,-0.26863181591033936,gastric
BEN_LUNG,0.29993653297424316,0.27159857749938965,-0.4025384138571724,-0.4086781144142151,lung
CAL120_BREAST,0.24935472011566162,0.24861155450344086,-0.37895376302965866,-0.3759080469608307,breast
CAL62_THYROID,0.19854019582271576,0.30760458111763,-0.27395023632860904,-0.2763500213623047,thyroid
CAOV3_OVARY,0.290144145488739,0.3275239169597626,-0.40887449968341655,-0.40814629197120667,ovary
CJM_SKIN,0.3756355345249176,0.48506876826286316,-0.4176131537699773,-0.4283008277416229,skin
COLO668_LUNG,0.41976696252822876,0.4336074888706207,-0.41181150859262694,-0.40748298168182373,lung
COLO680N_OESOPHAGUS,0.2931293547153473,0.31068530678749084,-0.3259990558228339,-0.3267528712749481,esophagus
COV434_OVARY,0.36399829387664795,0.35401812195777893,-0.42740754826900357,-0.44004106521606445,ovary
DMS273_LUNG,0.23428978025913239,0.22707784175872803,-0.3269404012140642,-0.3233218491077423,lung
EFM192A_BREAST,0.3698614239692688,0.3948540985584259,-0.3773634146306203,-0.3842300772666931,breast
G401_SOFT_TISSUE,0.2982771396636963,0.3188089430332184,-0.3808398843313869,-0.3873477876186371,rhabdoid
GCIY_STOMACH,0.21553359925746918,0.24907171726226807,-0.2469797873601119,-0.2547845244407654,gastric
GP2D_LARGE_INTESTINE,0.25432679057121277,0.28532660007476807,-0.2802856057080233,-0.28980305790901184,colorectal
HCC1143_BREAST,0.29496854543685913,0.3272838592529297,-0.3475516561719954,-0.347238153219223,breast
HCC1195_LUNG,0.3214695155620575,0.38125672936439514,-0.29649807489838775,-0.2959618866443634,lung
HCC1419_BREAST,0.3623581826686859,0.439479261636734,-0.3440747673229008,-0.3541118800640106,breast
HEC1B_ENDOMETRIUM,0.2441597431898117,0.2882150411605835,-0.38611218078222104,-0.38917702436447144,uterus
HEP3B217_LIVER,0.40948864817619324,0.517579197883606,-0.30673265272568573,-0.3141137361526489,liver
HS766T_PANCREAS,0.3799465298652649,0.6254664659500122,-0.3461828170922804,-0.3601436913013458,pancreas
HS852T_SKIN,0.49179837107658386,0.5980522036552429,-0.30889040080564345,-0.3180865943431854,skin
HUCCT1_BILIARY_TRACT,0.3124792277812958,0.4315158724784851,-0.32825823267878085,-0.32940030097961426,bile_duct
IGR1_SKIN,0.270182341337204,0.34186631441116333,-0.3426943910211289,-0.34293195605278015,skin
IGROV1_OVARY,0.2080896496772766,0.24610112607479095,-0.2706940930083843,-0.2764764130115509,ovary
ISTMES1_PLEURA,0.3405677080154419,0.3479700982570648,-0.37387887139189774,-0.3770974278450012,mesothelioma
J82_URINARY_TRACT,0.22701333463191986,0.244978666305542,-0.382865776828378,-0.3834421634674072,urinary_tract
JHH5_LIVER,0.29728323221206665,0.4149751663208008,-0.3286622115171338,-0.3516692817211151,liver
KNS42_CENTRAL_NERVOUS_SYSTEM,0.3213578760623932,0.300197571516037,-0.3952941013133053,-0.39785727858543396,central_nervous_system
KNS60_CENTRAL_NERVOUS_SYSTEM,0.3290015757083893,0.2982993721961975,-0.3965941536164082,-0.3983815312385559,central_nervous_system
KNS81_CENTRAL_NERVOUS_SYSTEM,0.3821173906326294,0.3844657838344574,-0.27412376547442613,-0.2791765630245209,central_nervous_system
KYSE270_OESOPHAGUS,0.23898883163928986,0.288119912147522,-0.3033062695787425,-0.3054000735282898,esophagus
LI7_LIVER,0.4146385192871094,0.4409729242324829,-0.3027329796610533,-0.30495738983154297,liver
LK2_LUNG,0.3010310232639313,0.3192524313926697,-0.3842347390449797,-0.39071816205978394,lung
LMSU_STOMACH,0.2636585235595703,0.28322529792785645,-0.3589368333277279,-0.3597608804702759,gastric
LN229_CENTRAL_NERVOUS_SYSTEM,0.32736194133758545,0.36127468943595886,-0.2993121011438271,-0.3101685345172882,central_nervous_system
LNCAPCLONEFGC_PROSTATE,0.27451881766319275,0.26919224858283997,-0.43192456944207835,-0.4269692599773407,prostate
LOVO_LARGE_INTESTINE,0.2140156477689743,0.3472808003425598,-0.23387303757696135,-0.24436113238334656,colorectal
LUDLU1_LUNG,0.3491309881210327,0.34499281644821167,-0.4330131079303529,-0.43465712666511536,lung
MALME3M_SKIN,0.42515042424201965,0.6496816277503967,-0.3169437817931962,-0.32196611166000366,skin
MDAMB435S_SKIN,0.3035331666469574,0.30777376890182495,-0.3400401114579391,-0.34091445803642273,skin
MDAMB468_BREAST,0.2653011083602905,0.2890101373195648,-0.24749307308448845,-0.24750682711601257,breast
MIAPACA2_PANCREAS,0.21884924173355103,0.3306010663509369,-0.2225612192121543,-0.22594040632247925,pancreas
MSTO211H_PLEURA,0.24724426865577698,0.29330456256866455,-0.3369703897464244,-0.34382444620132446,mesothelioma
NCIH1048_LUNG,0.37460437417030334,0.42523109912872314,-0.33297658261000673,-0.3389163315296173,lung
NCIH1299_LUNG,0.1882253736257553,0.22201485931873322,-0.3843416670677794,-0.39099618792533875,lung
NCIH1355_LUNG,0.33590736985206604,0.3776794970035553,-0.3729600420137312,-0.39229831099510193,lung
NCIH1573_LUNG,0.41165149211883545,0.39925622940063477,-0.38854773574220164,-0.3930523991584778,lung
NCIH1581_LUNG,0.2544987201690674,0.27365073561668396,-0.39052722107847576,-0.4033377468585968,lung
NCIH1650_LUNG,0.3916786015033722,0.3755180537700653,-0.3421834157993001,-0.34860163927078247,lung
NCIH1693_LUNG,0.24919988214969635,0.2905031144618988,-0.39679529545549636,-0.4059675335884094,lung
NCIH1793_LUNG,0.33161890506744385,0.34019753336906433,-0.3449589849379129,-0.34904640913009644,lung
NCIH1915_LUNG,0.30543237924575806,0.39297574758529663,-0.31123190938394657,-0.31067895889282227,lung
NCIH2126_LUNG,0.28133732080459595,0.2989996671676636,-0.36703933010652606,-0.3683536946773529,lung
NCIH2347_LUNG,0.41721993684768677,0.5315496325492859,-0.2839915476376298,-0.2914433181285858,lung
NCIH23_LUNG,0.25356605648994446,0.3070509433746338,-0.3347757716188394,-0.3355786204338074,lung
NCIH2444_LUNG,0.31901758909225464,0.3854983448982239,-0.32670297401180304,-0.32715144753456116,lung
NCIH322_LUNG,0.34325292706489563,0.35008683800697327,-0.4005785072523055,-0.4039808213710785,lung
NCIH522_LUNG,0.3545246422290802,0.33708101511001587,-0.399458073398415,-0.4066694974899292,lung
NCIH838_LUNG,0.22080332040786743,0.23373623192310333,-0.3837293288521671,-0.38665395975112915,lung
NCIH841_LUNG,0.258884996175766,0.26456889510154724,-0.37385357645139194,-0.3784334063529968,lung
NUGC3_STOMACH,0.30139219760894775,0.35779786109924316,-0.33391310775244,-0.334322065114975,gastric
OAW42_OVARY,0.1931907832622528,0.21817165613174438,-0.2840687333129427,-0.3004055321216583,ovary
OSRC2_KIDNEY,0.32427430152893066,0.335726261138916,-0.4435328557918403,-0.4442507028579712,kidney
PANC0403_PANCREAS,0.329348623752594,0.43498972058296204,-0.3118026319432492,-0.3144741952419281,pancreas
PATU8988S_PANCREAS,0.3004555106163025,0.3714141249656677,-0.25658714589236586,-0.25385600328445435,pancreas
PC3_PROSTATE,0.2720966935157776,0.2581305205821991,-0.3838825005254095,-0.38567936420440674,prostate
QGP1_PANCREAS,0.4625457227230072,0.5295636653900146,-0.30999548585923187,-0.32781270146369934,pancreas
RCC10RGB_KIDNEY,0.2934489846229553,0.3211536407470703,-0.254735840283751,-0.25563400983810425,kidney
RH30_SOFT_TISSUE,0.2513962984085083,0.2644234895706177,-0.3950454379974185,-0.39879679679870605,rhabdomyosarcoma
SKMEL24_SKIN,0.3741442859172821,0.4462723731994629,-0.18748091798791308,-0.18919916450977325,skin
SKUT1_SOFT_TISSUE,0.2941128611564636,0.3031875789165497,-0.3228337989897189,-0.3275676667690277,soft_tissue
SNB75_CENTRAL_NERVOUS_SYSTEM,0.37704503536224365,0.35930222272872925,-0.3213234857132905,-0.32472264766693115,central_nervous_system
SNU1041_UPPER_AERODIGESTIVE_TRACT,0.3422005772590637,0.40941718220710754,-0.2963073808234806,-0.3024359941482544,upper_aerodigestive
SNU1105_CENTRAL_NERVOUS_SYSTEM,0.3842891752719879,0.36958158016204834,-0.34617455999052127,-0.3497498333454132,central_nervous_system
SNU1214_UPPER_AERODIGESTIVE_TRACT,0.47079578042030334,0.6170807480812073,-0.36461825566567385,-0.3675902187824249,upper_aerodigestive
SNU245_BILIARY_TRACT,0.34291625022888184,0.38996657729148865,-0.29899668299817744,-0.3083181381225586,bile_duct
SNU685_ENDOMETRIUM,0.30833807587623596,0.3074824810028076,-0.4384604757232136,-0.44267502427101135,uterus
SW480_LARGE_INTESTINE,0.3594720661640167,0.46797749400138855,-0.3821026779131921,-0.38231539726257324,colorectal
SW48_LARGE_INTESTINE,0.38048622012138367,0.44944462180137634,-0.39997366109220134,-0.40967220067977905,colorectal
SW579_THYROID,0.3838854432106018,0.42609673738479614,-0.2957911711328509,-0.2961341142654419,thyroid
SW900_LUNG,0.3432609438896179,0.4392011761665344,-0.35225310255192954,-0.35803040862083435,lung
TE11_OESOPHAGUS,0.2864612638950348,0.30824753642082214,-0.2648760203046901,-0.26504644751548767,esophagus
TE6_OESOPHAGUS,0.3241712152957916,0.3736051917076111,-0.31702060371297824,-0.3170073330402374,esophagus
TEN_ENDOMETRIUM,0.309146910905838,0.3238575756549835,-0.38705049909409683,-0.38592103123664856,uterus
TUHR4TKB_KIDNEY,0.35649725794792175,0.35107237100601196,-0.38041535623236944,-0.3807925283908844,kidney
UACC257_SKIN,0.24897393584251404,0.4434621036052704,-0.3377030194801555,-0.3437880873680115,skin
