cell_line,depmap_id,lineage,trametinib_sensitivity,braf_mut,kras_mut,b4_rmse,cclr_rmse,b4_pcc_context,response_rms,baseline_novelty,min_condition_cells,high_error,high_response_magnitude,high_baseline_novelty,low_cell_support,error_type
22RV1_PROSTATE,ACH-000956,prostate,0.0079469975439927,True,False,0.4132808941291311,0.41314578915467,0.0840558215306248,0.42917958,3.6577530233277726,43,True,True,True,False,high_magnitude_target
42MGBA_CENTRAL_NERVOUS_SYSTEM,ACH-000323,central_nervous_system,0.1775866468282517,False,False,0.2120563830810573,0.2121002485365168,0.139189112930812,0.23937428,2.014951171963817,77,False,False,False,False,not_high_error
769P_KIDNEY,ACH-000411,kidney,0.2736673796266646,False,False,0.2599334572543249,0.2608279330882102,0.1001041954235523,0.29261464,2.7858285097154742,110,False,False,False,False,not_high_error
786O_KIDNEY,ACH-000649,kidney,0.0349524520807895,False,False,0.1878683842500525,0.188395856343148,0.2156052127762888,0.21295984,2.1446987316418933,108,False,False,False,False,not_high_error
8505C_THYROID,ACH-001307,thyroid,0.4970700107144639,True,False,0.2848947051313276,0.2856422796761649,0.1370177066449724,0.33609623,2.2856769409944913,91,False,False,False,False,not_high_error
A2780_OVARY,ACH-000657,ovary,0.5041144362625961,False,False,0.2724974489189545,0.274158662581186,0.1096369301073702,0.31778497,2.940414688110538,182,False,False,True,False,not_high_error
A375_SKIN,ACH-000219,skin,0.722933737059346,True,False,0.3831290237884984,0.3841101561024216,0.2587676735289194,0.47411942,3.301796975013928,102,True,True,True,False,high_magnitude_target
ACCMESO1_PLEURA,ACH-000086,mesothelioma,0.1040908563019797,False,False,0.1898660328746673,0.1898493504579024,0.1411983891057049,0.21830463,2.8171812246373684,97,False,False,False,False,not_high_error
AGS_STOMACH,ACH-000880,gastric,0.7170635141005686,False,True,0.2832516702888807,0.2835551719163567,0.0918754057574141,0.3228689,2.5443886090907095,101,False,False,False,False,not_high_error
BEN_LUNG,ACH-000603,lung,-0.0784506400612672,False,False,0.2756266126845272,0.2782055317496416,0.0676910565630592,0.27159858,3.2155550216668747,74,False,False,True,False,not_high_error
CAL120_BREAST,ACH-000212,breast,0.1547717960677328,False,False,0.2198544011693985,0.2223341900378213,0.1468446006512666,0.24861155,2.0523906613365903,67,False,False,False,False,not_high_error
CAL62_THYROID,ACH-000174,thyroid,0.4209566426721292,False,True,0.239813732681045,0.240566211516383,0.1019561795768231,0.30760458,2.2488812049796,204,False,False,False,False,not_high_error
CAOV3_OVARY,ACH-000713,ovary,0.1209420401208459,False,False,0.2949546627071419,0.295446056991156,0.035847653457992,0.32752392,3.0292489825902864,35,False,False,True,True,not_high_error
CJM_SKIN,ACH-000458,skin,-0.0465528487664546,False,False,0.4350244314462668,0.4351820813528066,0.1306992231225585,0.48506877,1.703762533282795,25,True,True,False,True,high_magnitude_target
COLO668_LUNG,ACH-000803,lung,0.0754571564571678,False,True,0.4204593105344341,0.422160323252794,0.0844484171248439,0.4336075,3.2031686167344935,25,True,True,True,True,high_magnitude_target
COLO680N_OESOPHAGUS,ACH-000717,esophagus,0.2323868360480228,False,False,0.2738947422560263,0.2747859705042643,0.0923451468004831,0.3106853,3.102334854053619,57,False,False,True,False,not_high_error
COV434_OVARY,ACH-000123,ovary,0.173056593092323,False,False,0.3428568657257285,0.3440352620401002,0.1507321390077209,0.35401812,2.6768924783356156,49,False,False,False,False,not_high_error
DMS273_LUNG,ACH-000749,lung,-0.0579514916580716,False,False,0.2104159217881969,0.2091840227402575,0.2276741285778202,0.22707784,2.880750159693126,124,False,False,True,False,not_high_error
EFM192A_BREAST,ACH-000117,breast,0.0542805292118617,False,False,0.3768474741260813,0.3761348079191605,0.0653735920059011,0.3948541,3.14334148249092,34,True,False,True,True,baseline_novelty
G401_SOFT_TISSUE,ACH-000096,rhabdoid,0.2745456799284594,False,False,0.2899243990730384,0.2909638583271528,0.1108873138214349,0.31880894,1.4719450302210115,78,False,False,False,False,not_high_error
GCIY_STOMACH,ACH-000047,gastric,0.5928487798786006,False,False,0.2090446630047457,0.2098116118433814,0.1338539937670658,0.24907172,2.8636697133803257,106,False,False,False,False,not_high_error
GP2D_LARGE_INTESTINE,ACH-000982,colorectal,0.1036718882292668,False,True,0.2630783059988048,0.2619433594228724,0.0741274208842622,0.2853266,1.7354726204383497,105,False,False,False,False,not_high_error
HCC1143_BREAST,ACH-000374,breast,0.3969547041747843,False,False,0.3010311205320891,0.301282993997939,0.0276592814993406,0.32728386,2.879124118386531,61,False,False,True,False,not_high_error
HCC1195_LUNG,ACH-000868,lung,0.0702353934708149,False,False,0.3436236828532654,0.3431505757667041,0.0406066630020706,0.38125673,2.5003787673833204,26,False,False,False,True,not_high_error
HCC1419_BREAST,ACH-000277,breast,0.1413380665927543,False,False,0.4161468511001427,0.4158927430044689,0.0399617000484707,0.43947926,2.435019876453335,41,True,True,False,False,high_magnitude_target
HEC1B_ENDOMETRIUM,ACH-000941,uterus,0.2415467930779057,False,True,0.2599647184912965,0.2612264166906788,0.1355119051333974,0.28821504,2.335848903063984,49,False,False,False,False,not_high_error
HEP3B217_LIVER,ACH-000625,liver,0.437427089762489,False,False,0.4965942467748857,0.4965864545018532,0.0498277588555507,0.5175792,2.780543373485877,22,True,True,False,True,high_magnitude_target
HS766T_PANCREAS,ACH-000178,pancreas,0.5332114472828223,False,True,0.5685891724319463,0.568653150915434,0.0983922702707413,0.62546647,3.1033510515168765,27,True,True,True,True,high_magnitude_target
HS852T_SKIN,ACH-000274,skin,0.4828207655778553,False,False,0.561321243762972,0.5609529895748109,0.1045434317405041,0.5980522,1.8100339976688546,32,True,True,False,True,high_magnitude_target
HUCCT1_BILIARY_TRACT,ACH-000976,bile_duct,0.6568972210247719,False,True,0.3586719344024285,0.3587259151334783,0.2062009216792368,0.43151587,2.8752163405693314,40,False,True,False,False,not_high_error
IGR1_SKIN,ACH-000882,skin,0.6345331360552684,True,False,0.2907365749200573,0.291126736722564,0.1981752073918896,0.3418663,2.273463837591795,106,False,False,False,False,not_high_error
IGROV1_OVARY,ACH-000966,ovary,0.2264934766630955,False,False,0.2134336500884943,0.2147034316932629,0.1527563761294176,0.24610113,2.3516411690502963,140,False,False,False,False,not_high_error
ISTMES1_PLEURA,ACH-000569,mesothelioma,0.015084115349824,False,False,0.3102029294771918,0.311136521457952,0.0638135707984528,0.3479701,2.735958522088535,39,False,False,False,False,not_high_error
J82_URINARY_TRACT,ACH-000396,urinary_tract,0.1338005358583698,False,False,0.2170049801337361,0.2199920434178697,0.0878382435051363,0.24497867,2.726777060998548,98,False,False,False,False,not_high_error
JHH5_LIVER,ACH-000734,liver,0.5389583650531476,False,False,0.3658729488094865,0.3705313097789515,0.0884837105290074,0.41497517,2.522546365468871,45,True,True,False,False,high_magnitude_target
KNS42_CENTRAL_NERVOUS_SYSTEM,ACH-000622,central_nervous_system,0.0969920202773488,False,False,0.2881008569488426,0.2878884702015285,0.0934898624687581,0.30019757,2.0839028294212714,58,False,False,False,False,not_high_error
KNS60_CENTRAL_NERVOUS_SYSTEM,ACH-000445,central_nervous_system,0.0764641852164607,False,False,0.2794372307595698,0.278573163274424,0.1024826558909264,0.29829937,2.835213499901573,37,False,False,False,True,not_high_error
KNS81_CENTRAL_NERVOUS_SYSTEM,ACH-000479,central_nervous_system,0.2146750813959427,False,False,0.3430973123922669,0.3427032437061139,0.0994303848037762,0.38446578,2.313847026765152,54,False,False,False,False,not_high_error
KYSE270_OESOPHAGUS,ACH-000873,esophagus,0.1526436394965289,False,False,0.2528909858287284,0.2524299410833184,0.0205503527120175,0.2881199,2.6916621359819928,75,False,False,False,False,not_high_error
LI7_LIVER,ACH-000471,liver,0.1807514114088597,False,False,0.4273768467329996,0.4271393188199407,0.0295970105588522,0.44097292,2.71609446567393,42,True,True,False,False,high_magnitude_target
LK2_LUNG,ACH-000769,lung,0.1928991032281564,False,False,0.3084774876703006,0.3085490621838895,0.08480348483608,0.31925243,3.0611717535896013,57,False,False,True,False,not_high_error
LMSU_STOMACH,ACH-000255,gastric,0.211055647711811,False,False,0.2394253824952437,0.2397184331874724,0.1788983156810693,0.2832253,2.6821068218893296,100,False,False,False,False,not_high_error
LN229_CENTRAL_NERVOUS_SYSTEM,ACH-000595,central_nervous_system,0.3571114042281058,False,False,0.3123941718297998,0.3122775130853467,0.1076091892447301,0.3612747,2.8144034522625376,82,False,False,False,False,not_high_error
LNCAPCLONEFGC_PROSTATE,ACH-000977,prostate,0.0548008588448323,False,False,0.2655532989516462,0.267808003799822,0.1665907026240597,0.26919225,3.856483924842639,51,False,False,True,False,not_high_error
LOVO_LARGE_INTESTINE,ACH-000950,colorectal,0.4822149047367852,False,True,0.29008723438826,0.2919027557115817,0.2023054703308824,0.3472808,2.1608369415270907,79,False,False,False,False,not_high_error
LUDLU1_LUNG,ACH-000390,lung,0.318592208567599,False,False,0.3215508359445547,0.3218417729850464,0.0791555424876389,0.34499282,2.477446803005343,26,False,False,False,True,not_high_error
MALME3M_SKIN,ACH-000477,skin,0.7484475695633201,True,False,0.5999677536243455,0.598958423607201,0.157070602216287,0.6496816,2.5181533755478607,40,True,True,False,False,high_magnitude_target
MDAMB435S_SKIN,ACH-000884,skin,0.7315570309831185,True,False,0.2716950840924688,0.2715737924889828,0.0788682198217397,0.30777377,3.0975674268913322,68,False,False,True,False,not_high_error
MDAMB468_BREAST,ACH-000849,breast,0.1249078660678294,False,False,0.2610391799857184,0.2603022659521528,0.0643838541237301,0.28901014,2.202090133615874,74,False,False,False,False,not_high_error
MIAPACA2_PANCREAS,ACH-000601,pancreas,0.5771143721113301,False,True,0.2615730619747075,0.2640095751604775,0.0958746389956303,0.33060107,2.3185609687719935,112,False,False,False,False,not_high_error
MSTO211H_PLEURA,ACH-000335,mesothelioma,0.6805992696851977,False,False,0.236143989967976,0.2374771939572305,0.1113941626621692,0.29330456,2.1618072257487144,64,False,False,False,False,not_high_error
NCIH1048_LUNG,ACH-000866,lung,0.1481420688072686,False,False,0.4087198826212765,0.4071273109635273,0.0595591682860088,0.4252311,3.3305244800874547,57,True,True,True,False,high_magnitude_target
NCIH1299_LUNG,ACH-000510,lung,0.3912888567544772,False,False,0.1773284730541476,0.1775392042819487,0.1718939339449083,0.22201486,3.041060035698021,119,False,False,True,False,not_high_error
NCIH1355_LUNG,ACH-000666,lung,0.4551601114910222,False,True,0.3318525430697102,0.333087395604136,0.0339694821756536,0.3776795,1.8691744788875397,64,False,False,False,False,not_high_error
NCIH1573_LUNG,ACH-000916,lung,0.2293973657762296,False,True,0.3721719976566965,0.3725002275280422,0.0750133579551531,0.39925623,2.885529105304198,29,True,False,True,True,baseline_novelty
NCIH1581_LUNG,ACH-000015,lung,0.2546905638181109,False,False,0.2447791139877546,0.2452975219563253,0.1545051503542431,0.27365074,2.017506402951014,114,False,False,False,False,not_high_error
NCIH1650_LUNG,ACH-000035,lung,0.1054878190261,False,False,0.3510685685458444,0.3503579293738023,0.0517786349943776,0.37551805,2.4255264553554494,36,False,False,False,True,not_high_error
NCIH1693_LUNG,ACH-000021,lung,0.3136178347128273,False,False,0.2433149349256,0.2434670387241998,0.0220886141910593,0.2905031,2.537320352567686,80,False,False,False,False,not_high_error
NCIH1793_LUNG,ACH-000888,lung,0.1987808749032467,False,False,0.3195243877997462,0.319678569776275,0.0732439916439312,0.34019753,2.975103977850075,43,False,False,True,False,not_high_error
NCIH1915_LUNG,ACH-000434,lung,0.543480274577263,False,False,0.3414932060855285,0.3420557716979612,0.1126387553261364,0.39297575,2.5106207791719295,60,False,False,False,False,not_high_error
NCIH2126_LUNG,ACH-000785,lung,0.0985857882293346,False,False,0.288483976542078,0.2862780769041448,0.0356075936508647,0.29899967,3.355181445883638,49,False,False,True,False,not_high_error
NCIH2347_LUNG,ACH-000875,lung,0.6235215746860997,False,True,0.4863313566908807,0.4849010096284336,0.0992660348207995,0.53154963,1.8008701101744147,24,True,True,False,True,high_magnitude_target
NCIH23_LUNG,ACH-000900,lung,0.2900226122628613,False,True,0.2739305423215004,0.2744868657328796,0.1392045355994267,0.30705094,2.6041344861838307,70,False,False,False,False,not_high_error
NCIH2444_LUNG,ACH-000186,lung,0.3723476219013704,False,True,0.3278998369086129,0.3276773808335969,0.1812581364252065,0.38549834,2.581349983241119,46,False,False,False,False,not_high_error
NCIH322_LUNG,ACH-000837,lung,0.2643722181366084,False,False,0.3187670777618299,0.3190974959111853,0.0819467937346984,0.35008684,2.978993839863706,34,False,False,True,True,not_high_error
NCIH522_LUNG,ACH-000343,lung,0.0953104196720129,False,False,0.3242609460966277,0.3251809961079988,0.1858792396295657,0.33708102,2.940823875471109,45,False,False,True,False,not_high_error
NCIH838_LUNG,ACH-000416,lung,0.146866420836327,False,False,0.2141965555560196,0.2105449452035016,0.0757904570370918,0.23373623,2.2244942979062152,117,False,False,False,False,not_high_error
NCIH841_LUNG,ACH-000292,lung,0.1480029584732601,False,False,0.2364489177306364,0.2374105671108569,0.2035615489489375,0.2645689,2.8238207102994717,101,False,False,False,False,not_high_error
NUGC3_STOMACH,ACH-000911,gastric,0.51927877450438,False,False,0.3122267217122417,0.3126118890740864,0.1067351285833585,0.35779786,2.6445564229408105,58,False,False,False,False,not_high_error
OAW42_OVARY,ACH-000704,ovary,0.2186884847445551,False,False,0.1765391867984831,0.1775762751290315,0.1520731699706401,0.21817166,2.539052846764666,148,False,False,False,False,not_high_error
OSRC2_KIDNEY,ACH-000159,kidney,0.1956600096106803,False,False,0.3071932563902113,0.3072823829984044,0.0721750861741997,0.33572626,1.5752164723490596,35,False,False,False,True,not_high_error
PANC0403_PANCREAS,ACH-000235,pancreas,0.5211997273499431,False,True,0.37567968128542,0.3746461124280321,0.2009957980637364,0.43498972,2.5097984485459293,37,True,True,False,True,high_magnitude_target
PATU8988S_PANCREAS,ACH-000022,pancreas,0.4673735541252595,False,True,0.3313489738987252,0.3322455928271379,0.1545847312582351,0.37141412,2.353998268139541,57,False,False,False,False,not_high_error
PC3_PROSTATE,ACH-000090,prostate,0.0960914220794952,False,False,0.2716982604189979,0.2713803136734897,-0.0623885652166841,0.25813052,2.4530208140639673,67,False,False,False,False,not_high_error
QGP1_PANCREAS,ACH-000347,pancreas,0.4290129254696142,False,True,0.4961372051070837,0.4947482420270278,0.020763177220981,0.52956367,3.353377734757344,26,True,True,True,True,high_magnitude_target
RCC10RGB_KIDNEY,ACH-000189,kidney,0.3087458677794348,False,False,0.280460508656008,0.2834337566664353,0.1446290209427117,0.32115364,1.5779985803075782,53,False,False,False,False,not_high_error
RH30_SOFT_TISSUE,ACH-000833,rhabdomyosarcoma,0.3898178443875109,False,False,0.2569149419319056,0.2564275257640085,0.0837607259576581,0.2644235,2.6014693666081508,60,False,False,False,False,not_high_error
SKMEL24_SKIN,ACH-000822,skin,0.6396771214748724,True,False,0.3847061338625806,0.3851105932881572,0.2285096880546226,0.44627237,2.4674065900642836,64,True,True,False,False,high_magnitude_target
SKUT1_SOFT_TISSUE,ACH-000939,soft_tissue,0.1924623728696315,False,False,0.2754217095046448,0.277178880440213,0.1484476713000484,0.30318758,2.6835154344046432,68,False,False,False,False,not_high_error
SNB75_CENTRAL_NERVOUS_SYSTEM,ACH-000504,central_nervous_system,0.2203602279921694,False,False,0.3441076642421314,0.3421240435779745,0.0345479342138233,0.35930222,1.9817625490014945,60,False,False,False,False,not_high_error
SNU1041_UPPER_AERODIGESTIVE_TRACT,ACH-000618,upper_aerodigestive,0.1228605366378544,False,False,0.3575739744821619,0.3581874730633254,0.1164914588573064,0.40941718,2.3578890503775254,52,False,True,False,False,not_high_error
SNU1105_CENTRAL_NERVOUS_SYSTEM,ACH-000368,central_nervous_system,0.2832821131217878,False,False,0.3365746904246899,0.336514354539369,0.1260270948030131,0.36958158,1.9186209136068058,37,False,False,False,True,not_high_error
SNU1214_UPPER_AERODIGESTIVE_TRACT,ACH-000715,upper_aerodigestive,0.5702910018565361,False,False,0.5715313341015437,0.5724743722709886,0.1098966202300877,0.61708075,1.9946487155676176,21,True,True,False,True,high_magnitude_target
SNU245_BILIARY_TRACT,ACH-000268,bile_duct,0.4791452913526247,False,False,0.3518533732425059,0.3527835995720151,0.1145591244466258,0.38996658,1.9621353924997416,38,False,False,False,False,not_high_error
SNU685_ENDOMETRIUM,ACH-000407,uterus,0.2840330309567437,False,False,0.2921890540661078,0.2923228501922681,0.1242264866524271,0.30748248,2.7414877094722665,42,False,False,False,False,not_high_error
SW480_LARGE_INTESTINE,ACH-000842,colorectal,0.5628689601123513,False,True,0.4399655368005388,0.4399482517446909,0.0431031760252197,0.4679775,3.0422921759531336,23,True,True,True,True,high_magnitude_target
SW48_LARGE_INTESTINE,ACH-000958,colorectal,0.350017960769786,False,False,0.4279884653427465,0.4282740602984247,0.0549656158826768,0.44944462,2.2041505832549655,25,True,True,False,True,high_magnitude_target
SW579_THYROID,ACH-000163,thyroid,0.43842890918683,False,False,0.3928988589583678,0.3934214637519495,0.101934198345531,0.42609674,2.3417037603343593,36,True,True,False,True,high_magnitude_target
SW900_LUNG,ACH-000669,lung,0.3379678229713522,False,True,0.381134720352271,0.3810141332917217,0.0590325604186954,0.43920118,2.8761864060686624,37,True,True,False,True,high_magnitude_target
TE11_OESOPHAGUS,ACH-000488,esophagus,0.1515474401085206,False,False,0.2939483794897281,0.2949661815917082,0.0672161621588599,0.30824754,1.8675206749252995,84,False,False,False,False,not_high_error
TE6_OESOPHAGUS,ACH-000605,esophagus,0.1365532835031231,False,False,0.3492057953410593,0.3480928681801988,0.0541978113605745,0.3736052,2.4574486544147796,35,False,False,False,True,not_high_error
TEN_ENDOMETRIUM,ACH-000397,uterus,-0.1485003430412701,False,False,0.3030199241699239,0.3031699781108278,0.0903028622078979,0.32385758,3.3930250805088695,35,False,False,True,True,not_high_error
TUHR4TKB_KIDNEY,ACH-000495,kidney,0.1166257317735379,False,False,0.3260798575495781,0.3269076997780604,0.1209728703290595,0.35107237,1.4523697383632084,35,False,False,False,True,not_high_error
UACC257_SKIN,ACH-000579,skin,0.6807655037643061,True,False,0.3737192638156761,0.3748210022901477,0.2294646757399545,0.4434621,1.8561621014862553,67,True,True,False,False,high_magnitude_target
