repeat,cell_line,split_half_rmse,full_target_noise_floor_approx,split_half_pcc,split_half_spearman
0,22RV1_PROSTATE,0.7919398697976394,0.3959699348988197,0.07186442589744192,0.10194012671252506
0,42MGBA_CENTRAL_NERVOUS_SYSTEM,0.3683785824209664,0.1841892912104832,0.25406188988982087,0.231331054059978
0,769P_KIDNEY,0.4353030208973771,0.21765151044868855,0.2831154997495837,0.25234458564583817
0,786O_KIDNEY,0.30537138252710366,0.15268569126355183,0.3193430277362588,0.2665457211604459
0,8505C_THYROID,0.4865992503020214,0.2432996251510107,0.3083934052266734,0.27847843729876975
0,A2780_OVARY,0.4261896687993036,0.2130948343996518,0.3696729765271098,0.34863283126008193
0,A375_SKIN,0.47443128842782784,0.23721564421391392,0.5929656662172215,0.49527013682358334
0,ACCMESO1_PLEURA,0.3234633197148645,0.16173165985743224,0.28852385550328474,0.23691795502057952
0,AGS_STOMACH,0.46597585604480657,0.23298792802240328,0.30983436306972045,0.2862574772745612
0,BEN_LUNG,0.45432194475240983,0.22716097237620492,0.16285996596718186,0.14937438846316714
0,CAL120_BREAST,0.3774616738770384,0.1887308369385192,0.261456526824446,0.23434729475110885
0,CAL62_THYROID,0.3120492642293987,0.15602463211469936,0.5899789556949209,0.46340329023074645
0,CAOV3_OVARY,0.5177095285042771,0.25885476425213855,0.2349539862121729,0.22024786919284056
0,CJM_SKIN,0.78641356598366,0.39320678299183,0.19189607584389962,0.18188965712098054
0,COLO668_LUNG,0.7676358890957532,0.3838179445478766,0.10787315635349431,0.1166328947525678
0,COLO680N_OESOPHAGUS,0.485069628743158,0.242534814371579,0.24678003602634732,0.22015672582357296
0,COV434_OVARY,0.6240805941521306,0.3120402970760653,0.07920538650079118,0.09783482943157591
0,DMS273_LUNG,0.34904721143167533,0.17452360571583767,0.2367935508092194,0.2153550332897104
0,EFM192A_BREAST,0.7081494009473075,0.35407470047365375,0.08982242732502796,0.1102790405351076
0,G401_SOFT_TISSUE,0.516683873884064,0.258341936942032,0.18818005702654442,0.21667822751844665
0,GCIY_STOMACH,0.34826256081480317,0.17413128040740158,0.33540675632175926,0.282350345376926
0,GP2D_LARGE_INTESTINE,0.42651559266609174,0.21325779633304587,0.273745812211762,0.2570475840894348
0,HCC1143_BREAST,0.5423595936504189,0.27117979682520943,0.17336739436629459,0.18762227233836587
0,HCC1195_LUNG,0.5721545584858081,0.28607727924290405,0.2750815027089678,0.2544607930066921
0,HCC1419_BREAST,0.7424043946726013,0.37120219733630067,0.14790294075653904,0.13785250663319548
0,HEC1B_ENDOMETRIUM,0.4161864066448904,0.2080932033224452,0.3118001656518002,0.2690418916535756
0,HEP3B217_LIVER,0.9136941573326566,0.4568470786663283,0.11491175016169675,0.11892984701055587
0,HS766T_PANCREAS,0.9532919290974651,0.47664596454873254,0.2506212795092968,0.25160723686531994
0,HS852T_SKIN,1.014191762146243,0.5070958810731215,0.1322422650846311,0.13224785232223749
0,HUCCT1_BILIARY_TRACT,0.5180233611636279,0.25901168058181395,0.46949889356824276,0.4002775400187764
0,IGR1_SKIN,0.46402304824333646,0.23201152412166823,0.36372603187515273,0.33142722504435745
0,IGROV1_OVARY,0.30989555638446054,0.15494777819223027,0.4247301542416861,0.34839832023920597
0,ISTMES1_PLEURA,0.5539969323204486,0.2769984661602243,0.21654890640943195,0.22645989920588824
0,J82_URINARY_TRACT,0.3545851406932567,0.17729257034662835,0.29532522210452616,0.24074999638009606
0,JHH5_LIVER,0.6399930167093897,0.31999650835469484,0.24516632957040604,0.23021290192617685
0,KNS42_CENTRAL_NERVOUS_SYSTEM,0.5003711717030278,0.2501855858515139,0.14756020403071593,0.15276897175835555
0,KNS60_CENTRAL_NERVOUS_SYSTEM,0.5061270984303102,0.2530635492151551,0.15974753501871672,0.15636547219058583
0,KNS81_CENTRAL_NERVOUS_SYSTEM,0.6198339800696585,0.30991699003482925,0.20224033509708214,0.20664047355705162
0,KYSE270_OESOPHAGUS,0.439917746809322,0.219958873404661,0.25932303124191547,0.23255304692302203
0,LI7_LIVER,0.7947690320155113,0.39738451600775565,0.09657899253591126,0.1183699445099169
0,LK2_LUNG,0.5557401320364629,0.27787006601823144,0.12247052517206533,0.1311229007967034
0,LMSU_STOMACH,0.38013369589858165,0.19006684794929082,0.37034294240760446,0.33020680405022756
0,LN229_CENTRAL_NERVOUS_SYSTEM,0.5348328541904602,0.2674164270952301,0.2837908592167841,0.2501210814379233
0,LNCAPCLONEFGC_PROSTATE,0.480996718028464,0.240498359014232,0.09677559234905793,0.10927836962845093
0,LOVO_LARGE_INTESTINE,0.4440903522120076,0.2220451761060038,0.41710583140165075,0.36383544710585103
0,LUDLU1_LUNG,0.6065540377177375,0.30327701885886876,0.11654044407577539,0.1423526828348471
0,MALME3M_SKIN,0.9858688765129278,0.4929344382564639,0.25523947879122977,0.2263935788671406
0,MDAMB435S_SKIN,0.4612964856675157,0.23064824283375784,0.2687851835494128,0.25135753572104963
0,MDAMB468_BREAST,0.4223223198122922,0.2111611599061461,0.2979243078729711,0.2512818569176886
0,MIAPACA2_PANCREAS,0.34911741242455907,0.17455870621227954,0.5626766595495587,0.4513493037055282
0,MSTO211H_PLEURA,0.38048846745836684,0.19024423372918342,0.3941792102493339,0.33999211022931053
0,NCIH1048_LUNG,0.755815790361407,0.3779078951807035,0.10697850075278989,0.11373109318213084
0,NCIH1299_LUNG,0.290907694686188,0.145453847343094,0.3946071904559268,0.3369263469036267
0,NCIH1355_LUNG,0.5901543945483001,0.29507719727415005,0.2301099917732195,0.23367946657885033
0,NCIH1573_LUNG,0.696753717327474,0.348376858663737,0.11726358752911321,0.1288288591945403
0,NCIH1581_LUNG,0.4523722225863705,0.22618611129318525,0.16696927602574874,0.1879821508193005
0,NCIH1650_LUNG,0.6513279046374333,0.32566395231871664,0.12869872622124037,0.15099838728601236
0,NCIH1693_LUNG,0.42077250259416726,0.21038625129708363,0.2975601220756501,0.28149332345141265
0,NCIH1793_LUNG,0.5989345654190777,0.2994672827095389,0.12006309164241954,0.1407571887639606
0,NCIH1915_LUNG,0.5820335941977448,0.2910167970988724,0.28760574465732985,0.2770468495540073
0,NCIH2126_LUNG,0.5059597226012198,0.2529798613006099,0.15804313365313305,0.14447824663435016
0,NCIH2347_LUNG,0.8661751328639271,0.43308756643196356,0.20100900096884,0.19723728722684905
0,NCIH23_LUNG,0.4761446080163931,0.23807230400819654,0.24240719332379945,0.21062703031629584
0,NCIH2444_LUNG,0.51706947989287,0.258534739946435,0.37484474108967647,0.32200009881829933
0,NCIH322_LUNG,0.5848691696239873,0.29243458481199364,0.16355823533305655,0.1643772787607036
0,NCIH522_LUNG,0.6058539040169144,0.3029269520084572,0.0852155042621884,0.12204751388669348
0,NCIH838_LUNG,0.33308059624097264,0.16654029812048632,0.31981557209740186,0.2739405443724419
0,NCIH841_LUNG,0.4218173956682593,0.21090869783412966,0.2103420325058057,0.23043618739870791
0,NUGC3_STOMACH,0.5591781413775887,0.27958907068879435,0.23857509268360286,0.23258290157412045
0,OAW42_OVARY,0.2788630826905565,0.13943154134527824,0.40842518321733295,0.3400083824650983
0,OSRC2_KIDNEY,0.5795369025786831,0.28976845128934153,0.13738771882632592,0.18282109617165374
0,PANC0403_PANCREAS,0.6676347948852921,0.33381739744264605,0.25939886912514093,0.2428139973938194
0,PATU8988S_PANCREAS,0.5541739651079096,0.2770869825539548,0.28709561625063135,0.2636012045512116
0,PC3_PROSTATE,0.47522312333181216,0.23761156166590608,0.0754034752180588,0.09549755696999047
0,QGP1_PANCREAS,0.8359397757587974,0.4179698878793987,0.21787352559443035,0.22258859740384143
0,RCC10RGB_KIDNEY,0.4876082835359242,0.2438041417679621,0.25896867469568025,0.24342200775786343
0,RH30_SOFT_TISSUE,0.45308645969689954,0.22654322984844977,0.13798526294986754,0.14381248793928306
0,SKMEL24_SKIN,0.663734414324288,0.331867207162144,0.2782643700048263,0.2500343492646305
0,SKUT1_SOFT_TISSUE,0.49453339738814633,0.24726669869407317,0.1899074613107604,0.2049295154969345
0,SNB75_CENTRAL_NERVOUS_SYSTEM,0.6504640798730975,0.32523203993654876,0.08031400721108072,0.10445026902435782
0,SNU1041_UPPER_AERODIGESTIVE_TRACT,0.6323268870848326,0.3161634435424163,0.24865973835788252,0.259881896681749
0,SNU1105_CENTRAL_NERVOUS_SYSTEM,0.6259270287173211,0.31296351435866054,0.15486713868501847,0.17618073599323403
0,SNU1214_UPPER_AERODIGESTIVE_TRACT,1.0119166427328403,0.5059583213664202,0.17286313606673442,0.17596250936072705
0,SNU245_BILIARY_TRACT,0.6257731582493468,0.3128865791246734,0.20298515949901608,0.22466541630500808
0,SNU685_ENDOMETRIUM,0.49109871999700366,0.24554935999850183,0.20686057861932108,0.156752278617736
0,SW480_LARGE_INTESTINE,0.7849006082323016,0.3924503041161508,0.1824481748286803,0.1812486297876733
0,SW48_LARGE_INTESTINE,0.7988324288236731,0.39941621441183656,0.10231092659452487,0.1307202207379423
0,SW579_THYROID,0.7130023148810296,0.3565011574405148,0.16164238026532024,0.17703663633938874
0,SW900_LUNG,0.6553139178518163,0.3276569589259081,0.2811173705616524,0.26035270020894313
0,TE11_OESOPHAGUS,0.49734360243484044,0.24867180121742022,0.2112717837138679,0.20388040914206373
0,TE6_OESOPHAGUS,0.6507470407852618,0.3253735203926309,0.12959956727958152,0.11977402906179496
0,TEN_ENDOMETRIUM,0.5670429404689556,0.2835214702344778,0.12331720764592051,0.1209668016403326
0,TUHR4TKB_KIDNEY,0.6041827966279745,0.30209139831398724,0.13532917099823152,0.1626039235498043
0,UACC257_SKIN,0.5222115708207073,0.2611057854103537,0.4820831046637057,0.38692732987483697
1,22RV1_PROSTATE,0.7726948056588758,0.3863474028294379,0.08669614955438264,0.12247674235304765
1,42MGBA_CENTRAL_NERVOUS_SYSTEM,0.36430072625544013,0.18215036312772007,0.25774181781773986,0.22955389614900798
1,769P_KIDNEY,0.43188918288078504,0.21594459144039252,0.29223123231168907,0.24990857863839114
1,786O_KIDNEY,0.3080739166606531,0.15403695833032655,0.3097511780928094,0.25886730583127276
1,8505C_THYROID,0.48193254396580604,0.24096627198290302,0.31628595258271436,0.29157127320720283
1,A2780_OVARY,0.42095953024184224,0.21047976512092112,0.38037505543946304,0.36587387702017066
1,A375_SKIN,0.4781309447682958,0.2390654723841479,0.5880258558887742,0.48078000069868543
1,ACCMESO1_PLEURA,0.32654291147933673,0.16327145573966836,0.27656997830729807,0.23716654177563523
1,AGS_STOMACH,0.46764703589560336,0.23382351794780168,0.3129776513462576,0.28817168202573723
1,BEN_LUNG,0.4471127158060348,0.2235563579030174,0.17497226237054808,0.15552248788290005
1,CAL120_BREAST,0.3859099379387239,0.19295496896936196,0.24290256610309294,0.22151201497595288
1,CAL62_THYROID,0.31756879752648504,0.15878439876324252,0.5802068471018739,0.4584084377810272
1,CAOV3_OVARY,0.5089406932375771,0.25447034661878853,0.24745116290385089,0.24184031463901223
1,CJM_SKIN,0.7856447967252397,0.39282239836261984,0.194198280039397,0.17779549635056024
1,COLO668_LUNG,0.7826656159394402,0.3913328079697201,0.09446436237154873,0.10502832673597419
1,COLO680N_OESOPHAGUS,0.480112256966877,0.2400561284834385,0.2479865098680808,0.2165638758480685
1,COV434_OVARY,0.6209949122497185,0.31049745612485924,0.08690588290418623,0.0871541471287445
1,DMS273_LUNG,0.3534973089623809,0.17674865448119045,0.22763241087335018,0.20323105689708962
1,EFM192A_BREAST,0.7235689428511847,0.36178447142559234,0.07256640833081474,0.07715820488891721
1,G401_SOFT_TISSUE,0.5302370886387585,0.26511854431937926,0.16394873186168513,0.19062053546617966
1,GCIY_STOMACH,0.3481896755280708,0.1740948377640354,0.333900780897425,0.28286114795200334
1,GP2D_LARGE_INTESTINE,0.43304552617872133,0.21652276308936066,0.26127755986047935,0.2532964215093607
1,HCC1143_BREAST,0.5412745770889855,0.27063728854449276,0.17329489071969678,0.19720152317875903
1,HCC1195_LUNG,0.5696140011273535,0.28480700056367675,0.2731594180781216,0.25958458664522543
1,HCC1419_BREAST,0.7504724589246813,0.37523622946234064,0.13604655477351207,0.13122376996071344
1,HEC1B_ENDOMETRIUM,0.42438950004644055,0.21219475002322027,0.29015263143702225,0.26422738264966966
1,HEP3B217_LIVER,0.9200044274955755,0.46000221374778777,0.10897720805841594,0.12150203846255248
1,HS766T_PANCREAS,0.9566526078828052,0.4783263039414026,0.2610935762522211,0.26356001875642454
1,HS852T_SKIN,1.032228652172345,0.5161143260861725,0.11217816106673627,0.1206456981279739
1,HUCCT1_BILIARY_TRACT,0.5146974496313894,0.2573487248156947,0.47200374271541967,0.39419802161942274
1,IGR1_SKIN,0.4686760625658356,0.2343380312829178,0.35567698289952754,0.3307782892705069
1,IGROV1_OVARY,0.3082147179250688,0.1541073589625344,0.4275297260490754,0.35805724963358865
1,ISTMES1_PLEURA,0.5666678835009561,0.28333394175047805,0.18969624341717053,0.2071669799099444
1,J82_URINARY_TRACT,0.35301199198752997,0.17650599599376499,0.3023139690044948,0.2530589006748383
1,JHH5_LIVER,0.6517773420863233,0.32588867104316166,0.23375337768612334,0.21615373761159132
1,KNS42_CENTRAL_NERVOUS_SYSTEM,0.49814432963284555,0.24907216481642278,0.15179570743319523,0.16690379384850138
1,KNS60_CENTRAL_NERVOUS_SYSTEM,0.5024768199216088,0.2512384099608044,0.16147303421021955,0.1658016988232388
1,KNS81_CENTRAL_NERVOUS_SYSTEM,0.615341531450351,0.3076707657251755,0.21656916170056045,0.21325631107649543
1,KYSE270_OESOPHAGUS,0.4346592031527576,0.2173296015763788,0.27293602674009954,0.2573008977564387
1,LI7_LIVER,0.7853292329136397,0.3926646164568198,0.10619263297259998,0.12201000489080617
1,LK2_LUNG,0.5482397829419181,0.27411989147095905,0.13134087416192713,0.14437875318570131
1,LMSU_STOMACH,0.3864989818259046,0.1932494909129523,0.35529731019491856,0.32272948183973366
1,LN229_CENTRAL_NERVOUS_SYSTEM,0.5224553707404312,0.2612276853702156,0.30124199012031605,0.2783270905842537
1,LNCAPCLONEFGC_PROSTATE,0.48420218540528487,0.24210109270264243,0.09038642794240373,0.10747720267131415
1,LOVO_LARGE_INTESTINE,0.4460481145518298,0.2230240572759149,0.4153403067015568,0.35607314301264553
1,LUDLU1_LUNG,0.6045757832803575,0.3022878916401788,0.11510259718730118,0.13487559638988844
1,MALME3M_SKIN,0.9809454124246862,0.4904727062123431,0.2635380034510077,0.2373442104174863
1,MDAMB435S_SKIN,0.4589594141634863,0.22947970708174315,0.27702983206124726,0.2596950206836438
1,MDAMB468_BREAST,0.41835639975567734,0.20917819987783867,0.3064331615296792,0.24804037151602873
1,MIAPACA2_PANCREAS,0.35237966278179345,0.17618983139089672,0.5600199217120081,0.44863495214099947
1,MSTO211H_PLEURA,0.38300417007406995,0.19150208503703497,0.3876430275254331,0.34142398958619374
1,NCIH1048_LUNG,0.7418680380010593,0.37093401900052964,0.11852806484333105,0.1259811817248828
1,NCIH1299_LUNG,0.2880173729207769,0.14400868646038845,0.4024958280519509,0.34336905864400175
1,NCIH1355_LUNG,0.5842507478022964,0.2921253739011482,0.24111797981933847,0.24389889507752788
1,NCIH1573_LUNG,0.7054655477970031,0.35273277389850155,0.10226103568077559,0.11225303953329634
1,NCIH1581_LUNG,0.45308506898432993,0.22654253449216497,0.1757390405993715,0.1950696123686932
1,NCIH1650_LUNG,0.6495761154766786,0.3247880577383393,0.12900692256592342,0.15149264020860106
1,NCIH1693_LUNG,0.4237661518163862,0.2118830759081931,0.2895267396909985,0.2791627994977557
1,NCIH1793_LUNG,0.5945408332698177,0.29727041663490883,0.12499016992131769,0.1401063841279077
1,NCIH1915_LUNG,0.5813026760354489,0.29065133801772447,0.2918936801886432,0.2876112652175306
1,NCIH2126_LUNG,0.5091643105216537,0.25458215526082684,0.1495170897509978,0.1451864953460721
1,NCIH2347_LUNG,0.8631255746334687,0.43156278731673436,0.19951156051366917,0.20557219639176852
1,NCIH23_LUNG,0.4781105045056089,0.23905525225280444,0.24021704825882403,0.21052061627779242
1,NCIH2444_LUNG,0.5119552224433132,0.2559776112216566,0.3844089048817579,0.32673298042425675
1,NCIH322_LUNG,0.5894805603017256,0.2947402801508628,0.15236406658366816,0.16422233740596154
1,NCIH522_LUNG,0.6087294943547,0.30436474717735,0.09235218992006054,0.1092500655901489
1,NCIH838_LUNG,0.32960075613501477,0.16480037806750739,0.3294859105403226,0.2753659385030707
1,NCIH841_LUNG,0.4275522298620216,0.2137761149310108,0.19920360618696162,0.2224146193607031
1,NUGC3_STOMACH,0.5531475115923374,0.2765737557961687,0.24770832228381245,0.26330800839274054
1,OAW42_OVARY,0.2805777071680986,0.1402888535840493,0.4022880789414203,0.33377791432334164
1,OSRC2_KIDNEY,0.5856463843830298,0.2928231921915149,0.1278609692303072,0.1700218481537222
1,PANC0403_PANCREAS,0.6672641564535629,0.3336320782267814,0.24845296964012425,0.24479011430189815
1,PATU8988S_PANCREAS,0.5563068694811681,0.27815343474058407,0.2802051115280879,0.25037399524745796
1,PC3_PROSTATE,0.48016379324151837,0.24008189662075918,0.05545747479290418,0.06943667580152575
1,QGP1_PANCREAS,0.8507810371550023,0.42539051857750115,0.2064351518100763,0.20693136600041107
1,RCC10RGB_KIDNEY,0.48102508455666076,0.24051254227833038,0.2728495146569597,0.2519202600678848
1,RH30_SOFT_TISSUE,0.4552087525918795,0.22760437629593974,0.13336770749866822,0.13363666853420533
1,SKMEL24_SKIN,0.6642637151353156,0.3321318575676578,0.2795401759627319,0.26146153300333913
1,SKUT1_SOFT_TISSUE,0.4988043586911031,0.24940217934555156,0.18396402090287878,0.1912688568539892
1,SNB75_CENTRAL_NERVOUS_SYSTEM,0.6575688158614327,0.32878440793071634,0.06537105439762576,0.09203713739876879
1,SNU1041_UPPER_AERODIGESTIVE_TRACT,0.6395066966680357,0.31975334833401786,0.23362539929248025,0.23293859538290973
1,SNU1105_CENTRAL_NERVOUS_SYSTEM,0.6474830112846389,0.32374150564231946,0.12469837922663643,0.1553542768351427
1,SNU1214_UPPER_AERODIGESTIVE_TRACT,1.0033781318768067,0.5016890659384033,0.18873206442303897,0.19105292496449375
1,SNU245_BILIARY_TRACT,0.6222431331511783,0.31112156657558915,0.20422357245348657,0.22552488945983268
1,SNU685_ENDOMETRIUM,0.49454351217700976,0.24727175608850488,0.20141970648931054,0.1475018452803084
1,SW480_LARGE_INTESTINE,0.7855949066906883,0.39279745334534416,0.162329968328775,0.14566779095250013
1,SW48_LARGE_INTESTINE,0.8284983252055158,0.4142491626027579,0.06716407530232539,0.07028697612158727
1,SW579_THYROID,0.7001778802356395,0.35008894011781977,0.18180676027808837,0.19230403283630013
1,SW900_LUNG,0.6578631511221423,0.32893157556107117,0.27752583175073336,0.262573591546894
1,TE11_OESOPHAGUS,0.48759533290801454,0.24379766645400727,0.21924123474925458,0.20620319090568168
1,TE6_OESOPHAGUS,0.6405164926306038,0.3202582463153019,0.15184655252615925,0.14941395478540967
1,TEN_ENDOMETRIUM,0.5635067407464753,0.28175337037323767,0.12621081730737121,0.13336209106854852
1,TUHR4TKB_KIDNEY,0.5936788252441438,0.2968394126220719,0.15511599090476635,0.16785997870536928
1,UACC257_SKIN,0.5286177130065234,0.2643088565032617,0.477563974243964,0.3850212929550065
2,22RV1_PROSTATE,0.8010093986830462,0.4005046993415231,0.06227159177150773,0.09951689166807648
2,42MGBA_CENTRAL_NERVOUS_SYSTEM,0.36282789489358835,0.18141394744679418,0.267995716943037,0.24033863814137435
2,769P_KIDNEY,0.4354572892565319,0.21772864462826594,0.28324164653573186,0.2587520395515414
2,786O_KIDNEY,0.3054636924343411,0.15273184621717056,0.3165290233043615,0.2624820835704093
2,8505C_THYROID,0.48697889186784954,0.24348944593392477,0.3010796523318926,0.27275377363614217
2,A2780_OVARY,0.4214395730761803,0.21071978653809015,0.38036540980355027,0.35673609791931704
2,A375_SKIN,0.47894339335158514,0.23947169667579257,0.5903760216010735,0.48313954184126945
2,ACCMESO1_PLEURA,0.32900019147441334,0.16450009573720667,0.2680719838001301,0.2131701143038453
2,AGS_STOMACH,0.46361328085532405,0.23180664042766203,0.3140313631377738,0.2884199170425359
2,BEN_LUNG,0.4472652475853537,0.22363262379267684,0.17238746401904873,0.1577770455834442
2,CAL120_BREAST,0.3749834045943142,0.1874917022971571,0.27160361143917516,0.245247239276038
2,CAL62_THYROID,0.31535398802934855,0.15767699401467428,0.584144949683492,0.4491371712116726
2,CAOV3_OVARY,0.5064503905229343,0.25322519526146714,0.2521170252935462,0.24054277752360836
2,CJM_SKIN,0.7749949892918958,0.3874974946459479,0.20507001331463395,0.19825514788723742
2,COLO668_LUNG,0.7738156255181432,0.3869078127590716,0.09941100252667748,0.12402618584275761
2,COLO680N_OESOPHAGUS,0.4829685521795854,0.2414842760897927,0.24263647274467498,0.2277135573656062
2,COV434_OVARY,0.6211260862197656,0.3105630431098828,0.0833354426386405,0.08869742218429706
2,DMS273_LUNG,0.34864232486528435,0.17432116243264217,0.23915073293618172,0.21993851237260573
2,EFM192A_BREAST,0.7058419380943969,0.35292096904719844,0.09316281209542204,0.10607092154186389
2,G401_SOFT_TISSUE,0.517860591239389,0.2589302956196945,0.18620682450840081,0.21697810417902746
2,GCIY_STOMACH,0.34913017662722307,0.17456508831361153,0.3342902415021908,0.28257824166250867
2,GP2D_LARGE_INTESTINE,0.4354786357042003,0.21773931785210016,0.25663963222093944,0.24484995909908408
2,HCC1143_BREAST,0.5408751445674069,0.27043757228370346,0.1745450011547585,0.1841928566168198
2,HCC1195_LUNG,0.5628583535273206,0.2814291767636603,0.28634506376743474,0.2670730301820885
2,HCC1419_BREAST,0.746428805117896,0.373214402558948,0.15011928677073255,0.1279193659512932
2,HEC1B_ENDOMETRIUM,0.41939631460571447,0.20969815730285724,0.3000775990753971,0.25549333052126477
2,HEP3B217_LIVER,0.9288210347594338,0.4644105173797169,0.1013595323230168,0.11136834068742127
2,HS766T_PANCREAS,0.9656352595379792,0.4828176297689896,0.24642324368543198,0.2585434107405288
2,HS852T_SKIN,1.0099929020870613,0.5049964510435306,0.14006715694122066,0.14483444851036734
2,HUCCT1_BILIARY_TRACT,0.5144327109170604,0.2572163554585302,0.473539702684872,0.40174140583616325
2,IGR1_SKIN,0.4630948529684225,0.23154742648421126,0.36448503076289007,0.33060931243757724
2,IGROV1_OVARY,0.305785291998652,0.152892645999326,0.434350793125279,0.3668347795245809
2,ISTMES1_PLEURA,0.5470489969883597,0.27352449849417987,0.22536339036780498,0.2400929535691144
2,J82_URINARY_TRACT,0.3485231940729525,0.17426159703647626,0.3142285136093565,0.2598699629053251
2,JHH5_LIVER,0.6743870303031725,0.33719351515158624,0.20399331323022485,0.17496058943311216
2,KNS42_CENTRAL_NERVOUS_SYSTEM,0.4972487442025564,0.2486243721012782,0.1565545914078742,0.17228041940770145
2,KNS60_CENTRAL_NERVOUS_SYSTEM,0.5085575626825175,0.25427878134125875,0.14801960964844063,0.14934725406545987
2,KNS81_CENTRAL_NERVOUS_SYSTEM,0.6226044673192649,0.31130223365963244,0.20399268670984794,0.21138957422376473
2,KYSE270_OESOPHAGUS,0.44263951631021065,0.22131975815510532,0.25460977740554425,0.2290669833950874
2,LI7_LIVER,0.7960131989810408,0.3980065994905204,0.08978679397781643,0.11973121381256749
2,LK2_LUNG,0.5577192814017976,0.2788596407008988,0.11865915005037882,0.13353152784027073
2,LMSU_STOMACH,0.38463442889307564,0.19231721444653782,0.3601253718136212,0.32135898671428426
2,LN229_CENTRAL_NERVOUS_SYSTEM,0.518620998061006,0.259310499030503,0.31036067254287986,0.2854024539001355
2,LNCAPCLONEFGC_PROSTATE,0.48017881809139173,0.24008940904569587,0.10032924375477272,0.11014928850366919
2,LOVO_LARGE_INTESTINE,0.44265129565600014,0.22132564782800007,0.4205664082789723,0.3604935570350407
2,LUDLU1_LUNG,0.6060988597357968,0.3030494298678984,0.11673567883896462,0.12958888456290182
2,MALME3M_SKIN,0.9839843263791801,0.49199216318959005,0.25802067156825764,0.22412271403858097
2,MDAMB435S_SKIN,0.46430537515975506,0.23215268757987753,0.26437066337163184,0.25695666989529886
2,MDAMB468_BREAST,0.41928291981027904,0.20964145990513952,0.3068869286236012,0.252593712856258
2,MIAPACA2_PANCREAS,0.3463613431872985,0.17318067159364925,0.5674191658058554,0.45123713766858886
2,MSTO211H_PLEURA,0.3795650624697435,0.18978253123487174,0.3975804286787792,0.3520777461717752
2,NCIH1048_LUNG,0.7499756338323768,0.3749878169161884,0.10499297353429922,0.11181666135089775
2,NCIH1299_LUNG,0.2889499717944617,0.14447498589723085,0.39797430156887414,0.341646778085242
2,NCIH1355_LUNG,0.58728339042443,0.293641695212215,0.23499247223021166,0.2412466044215159
2,NCIH1573_LUNG,0.7042688156131391,0.35213440780656957,0.10782258650545075,0.11811342902064957
2,NCIH1581_LUNG,0.44871009197060424,0.22435504598530212,0.1799003732563266,0.20039026121663592
2,NCIH1650_LUNG,0.6511760070625723,0.32558800353128614,0.13145462903779062,0.15205041493050694
2,NCIH1693_LUNG,0.41276275858022954,0.20638137929011477,0.314449150445534,0.29950438262644186
2,NCIH1793_LUNG,0.6000980612846394,0.3000490306423197,0.11196594209254393,0.11370641798624898
2,NCIH1915_LUNG,0.5796077838760131,0.28980389193800654,0.289848183316151,0.27778581146546794
2,NCIH2126_LUNG,0.5051864323614217,0.25259321618071084,0.1571247373396114,0.15686665917862533
2,NCIH2347_LUNG,0.8554156499000461,0.4277078249500231,0.21585777443045726,0.20853619683101057
2,NCIH23_LUNG,0.4727810544416482,0.2363905272208241,0.24828179376850407,0.22623566396149158
2,NCIH2444_LUNG,0.5207244298971901,0.26036221494859507,0.3701187870443103,0.30703972219552034
2,NCIH322_LUNG,0.5887202991414093,0.29436014957070467,0.15779730717940882,0.15418956028108227
2,NCIH522_LUNG,0.6131747401720941,0.30658737008604703,0.08125131112671297,0.11312316466900632
2,NCIH838_LUNG,0.33262470291434476,0.16631235145717238,0.319999738030155,0.26899569862996703
2,NCIH841_LUNG,0.4216101722455448,0.2108050861227724,0.20853325370510323,0.2317739098630887
2,NUGC3_STOMACH,0.5597011761414052,0.2798505880707026,0.23579969015843125,0.23898181502334737
2,OAW42_OVARY,0.2818699048731265,0.14093495243656326,0.3992317092805121,0.33058028439198145
2,OSRC2_KIDNEY,0.5804906814994282,0.2902453407497141,0.13749361793735826,0.17743223473302275
2,PANC0403_PANCREAS,0.6635030698635959,0.33175153493179793,0.2584299252628003,0.24541344279151017
2,PATU8988S_PANCREAS,0.5511003341403058,0.2755501670701529,0.28775103615197667,0.25541668591582384
2,PC3_PROSTATE,0.46508901891533244,0.23254450945766622,0.08990054752292849,0.09332328832504282
2,QGP1_PANCREAS,0.8361909645273111,0.41809548226365556,0.22256338039790408,0.21538672503101486
2,RCC10RGB_KIDNEY,0.4853275694920074,0.2426637847460037,0.2688122655055518,0.24142482933400894
2,RH30_SOFT_TISSUE,0.4548566821781148,0.2274283410890574,0.13576178619857165,0.14364303093080072
2,SKMEL24_SKIN,0.6628432761551283,0.33142163807756414,0.2798519910255225,0.2698370925524564
2,SKUT1_SOFT_TISSUE,0.4856016668496759,0.24280083342483794,0.2085131708679191,0.2061188446306397
2,SNB75_CENTRAL_NERVOUS_SYSTEM,0.6357437047231128,0.3178718523615564,0.1038272084044844,0.11851499663203303
2,SNU1041_UPPER_AERODIGESTIVE_TRACT,0.6317128508256047,0.31585642541280234,0.2463720748784868,0.24512917512105017
2,SNU1105_CENTRAL_NERVOUS_SYSTEM,0.6345207934076228,0.3172603967038114,0.1471745896154153,0.1696370463130971
2,SNU1214_UPPER_AERODIGESTIVE_TRACT,1.0193029467412975,0.5096514733706488,0.1751320992058224,0.16846760427644772
2,SNU245_BILIARY_TRACT,0.6357256238303085,0.31786281191515425,0.18129125886783787,0.19771615896081562
2,SNU685_ENDOMETRIUM,0.48389381676100185,0.24194690838050092,0.22010530299160935,0.17551539860715276
2,SW480_LARGE_INTESTINE,0.7744001873135552,0.3872000936567776,0.17745564999786761,0.17400290458963014
2,SW48_LARGE_INTESTINE,0.8007857271801656,0.4003928635900828,0.09944179090146135,0.13145534375484624
2,SW579_THYROID,0.7206396139042919,0.36031980695214594,0.1523381178394953,0.1621809032675578
2,SW900_LUNG,0.6577899199471258,0.3288949599735629,0.28068888623722527,0.2651046220010539
2,TE11_OESOPHAGUS,0.49235087613646045,0.24617543806823022,0.2098992091785494,0.19730674692290262
2,TE6_OESOPHAGUS,0.6532498080346696,0.3266249040173348,0.12967984620951978,0.11834759954504047
2,TEN_ENDOMETRIUM,0.5651126307431834,0.2825563153715917,0.1320377594678049,0.1296712674279981
2,TUHR4TKB_KIDNEY,0.6038221439288556,0.3019110719644278,0.13493238067401067,0.1597164498124325
2,UACC257_SKIN,0.5313914339441548,0.2656957169720774,0.4746805244807287,0.38423972520498995
3,22RV1_PROSTATE,0.7963242677248101,0.39816213386240507,0.0601684391901565,0.1009918571663691
3,42MGBA_CENTRAL_NERVOUS_SYSTEM,0.3658691407397941,0.18293457036989705,0.2547419068241942,0.2311210032675179
3,769P_KIDNEY,0.442115293064986,0.221057646532493,0.27176267192854653,0.24307834595031352
3,786O_KIDNEY,0.3016461217064668,0.1508230608532334,0.32912604010887286,0.2713542419010998
3,8505C_THYROID,0.48007112868715845,0.24003556434357923,0.31810437986680234,0.2885088140418207
3,A2780_OVARY,0.421224246210204,0.210612123105102,0.3802397315090162,0.35696645155012546
3,A375_SKIN,0.47564091097484096,0.23782045548742048,0.5944038561206393,0.49108257892716345
3,ACCMESO1_PLEURA,0.32536474159476836,0.16268237079738418,0.2788506808699379,0.22983737198525905
3,AGS_STOMACH,0.469694955506478,0.234847477753239,0.30576010715280155,0.2794000849695771
3,BEN_LUNG,0.4505873353715144,0.2252936676857572,0.16820790478721995,0.15317411123630262
3,CAL120_BREAST,0.37381162547056695,0.18690581273528348,0.2716523264986954,0.24644413429718906
3,CAL62_THYROID,0.3207082112985052,0.1603541056492526,0.5717053489682171,0.44746362000016837
3,CAOV3_OVARY,0.5059507065165422,0.2529753532582711,0.2534900285331944,0.24201348959475283
3,CJM_SKIN,0.803603179976334,0.401801589988167,0.1637503524975934,0.1543753700037312
3,COLO668_LUNG,0.7782099434037527,0.38910497170187636,0.09411539600360307,0.12558267014852167
3,COLO680N_OESOPHAGUS,0.4832568641158668,0.2416284320579334,0.24384309518430414,0.21967290223565689
3,COV434_OVARY,0.6166079319311276,0.3083039659655638,0.09207897914835772,0.10151285232162681
3,DMS273_LUNG,0.3539127733328746,0.1769563866664373,0.22512877465344602,0.2081793401139254
3,EFM192A_BREAST,0.7189398710873033,0.35946993554365164,0.0750694121252865,0.0883504152501707
3,G401_SOFT_TISSUE,0.5252788569895809,0.26263942849479044,0.17282214823833497,0.2072916179029881
3,GCIY_STOMACH,0.34889271955567186,0.17444635977783593,0.33232431746068086,0.2764520370195514
3,GP2D_LARGE_INTESTINE,0.434432948968233,0.2172164744841165,0.2597886904832914,0.24290881470437245
3,HCC1143_BREAST,0.5473972128213414,0.2736986064106707,0.16352835145170755,0.17233397749022675
3,HCC1195_LUNG,0.56734790044753,0.283673950223765,0.27708287236872436,0.25829536641163187
3,HCC1419_BREAST,0.7397249291309892,0.3698624645654946,0.15473892781980927,0.1452737165676824
3,HEC1B_ENDOMETRIUM,0.4309055573689003,0.21545277868445015,0.2765260225169036,0.23211696413911548
3,HEP3B217_LIVER,0.9106351542469533,0.45531757712347665,0.11938752978373478,0.12852017813383085
3,HS766T_PANCREAS,0.9648694309369773,0.48243471546848865,0.2514765573109932,0.2416126097674266
3,HS852T_SKIN,1.0205913081291171,0.5102956540645586,0.12723759116374878,0.14071493575467425
3,HUCCT1_BILIARY_TRACT,0.515830629559294,0.257915314779647,0.4695972707843765,0.4002121721692974
3,IGR1_SKIN,0.4648430268715112,0.2324215134357556,0.3616651515883832,0.3225609794234913
3,IGROV1_OVARY,0.31031366565337937,0.15515683282668968,0.4221105999931962,0.3559436052122195
3,ISTMES1_PLEURA,0.5546425534717292,0.2773212767358646,0.21069893424208275,0.21932205426323947
3,J82_URINARY_TRACT,0.3567897883232991,0.17839489416164955,0.29173480502092164,0.22995698539713644
3,JHH5_LIVER,0.6572680794498078,0.3286340397249039,0.22180664272652545,0.2005378353671575
3,KNS42_CENTRAL_NERVOUS_SYSTEM,0.49968908484512026,0.24984454242256013,0.15579060471012374,0.15653576234807687
3,KNS60_CENTRAL_NERVOUS_SYSTEM,0.5084521540704728,0.2542260770352364,0.15509357009133173,0.14508525916723125
3,KNS81_CENTRAL_NERVOUS_SYSTEM,0.6227487911019497,0.31137439555097485,0.20789764180797757,0.19958894584181655
3,KYSE270_OESOPHAGUS,0.439772932482503,0.2198864662412515,0.2600440884313033,0.2401456479707828
3,LI7_LIVER,0.7945981961580993,0.3972990980790497,0.09102447601750077,0.11822398864548184
3,LK2_LUNG,0.5495317285255339,0.27476586426276695,0.13031798890210888,0.13616945649456808
3,LMSU_STOMACH,0.3859074040304689,0.19295370201523446,0.35774182819986927,0.311682908163531
3,LN229_CENTRAL_NERVOUS_SYSTEM,0.530259514364764,0.265129757182382,0.28839746935892696,0.2637384461653092
3,LNCAPCLONEFGC_PROSTATE,0.4822118980733384,0.2411059490366692,0.09399896072076232,0.11561496233299368
3,LOVO_LARGE_INTESTINE,0.450477595640152,0.225238797820076,0.40743357824253673,0.35170034630572033
3,LUDLU1_LUNG,0.6085465724665227,0.30427328623326133,0.11071212521265084,0.12073120406977177
3,MALME3M_SKIN,0.9696549362603754,0.4848274681301877,0.2716561481730304,0.23669329754605575
3,MDAMB435S_SKIN,0.4593213090650754,0.2296606545325377,0.2801922132864786,0.2646515921581407
3,MDAMB468_BREAST,0.4165765713417246,0.2082882856708623,0.3121339532882776,0.2582178125500122
3,MIAPACA2_PANCREAS,0.34703157404505275,0.17351578702252637,0.5684922729429513,0.4543565397511221
3,MSTO211H_PLEURA,0.3872290981106106,0.1936145490553053,0.378448190155482,0.3388368267860812
3,NCIH1048_LUNG,0.7545037532360332,0.3772518766180166,0.10960548931452013,0.13263774344203774
3,NCIH1299_LUNG,0.2910878823378992,0.1455439411689496,0.39400447135151,0.33076494607080104
3,NCIH1355_LUNG,0.59037047769271,0.295185238846355,0.23328468839853334,0.24305576897401085
3,NCIH1573_LUNG,0.6937361781822354,0.3468680890911177,0.12338880019743753,0.13998783440376045
3,NCIH1581_LUNG,0.45395394746787776,0.22697697373393888,0.17253202302641937,0.18983232591793256
3,NCIH1650_LUNG,0.6522725095932945,0.32613625479664726,0.12433942821179571,0.1567500822405982
3,NCIH1693_LUNG,0.4193324410099825,0.20966622050499126,0.2984310610054338,0.2788303949853267
3,NCIH1793_LUNG,0.6005275430505885,0.30026377152529427,0.11376654944584665,0.11763950030796384
3,NCIH1915_LUNG,0.5742717706638235,0.28713588533191176,0.2978956433761434,0.2950424954378783
3,NCIH2126_LUNG,0.5052005438192972,0.2526002719096486,0.1587090765320267,0.15297909201476004
3,NCIH2347_LUNG,0.8487861895609425,0.42439309478047127,0.22337144923621943,0.2242100021301826
3,NCIH23_LUNG,0.4808561661665667,0.24042808308328334,0.2316252301461832,0.21147906608417516
3,NCIH2444_LUNG,0.5235009304894611,0.26175046524473056,0.363336563429656,0.2973295887995637
3,NCIH322_LUNG,0.5929304478891735,0.29646522394458674,0.14548603935173052,0.15519676529102067
3,NCIH522_LUNG,0.6053980168878446,0.3026990084439223,0.08812518649794739,0.10564501618161094
3,NCIH838_LUNG,0.3358949424011547,0.16794747120057735,0.31254183557058757,0.26830148983267454
3,NCIH841_LUNG,0.4214864693481216,0.2107432346740608,0.21606871349624027,0.23547099173442904
3,NUGC3_STOMACH,0.5549323093543826,0.2774661546771913,0.24373557656824435,0.25455278587017355
3,OAW42_OVARY,0.2771937458134185,0.13859687290670925,0.4137850610693432,0.34691336022846914
3,OSRC2_KIDNEY,0.5860835417337422,0.2930417708668711,0.12955720256941583,0.1678884328517691
3,PANC0403_PANCREAS,0.6713556203976117,0.3356778101988058,0.26071499514172336,0.24697883647941263
3,PATU8988S_PANCREAS,0.5555093127863578,0.2777546563931789,0.2789999793417592,0.25725527510822443
3,PC3_PROSTATE,0.4792928294418805,0.23964641472094025,0.06470323361684523,0.0769871346721983
3,QGP1_PANCREAS,0.8361012076247327,0.41805060381236636,0.22544124714388608,0.22136934775707692
3,RCC10RGB_KIDNEY,0.47449146903012196,0.23724573451506098,0.2899669110857111,0.2635475450886355
3,RH30_SOFT_TISSUE,0.4478908175895273,0.22394540879476366,0.14892883543177501,0.1627456972334852
3,SKMEL24_SKIN,0.6662910050811875,0.3331455025405938,0.27713750970859896,0.2617252987808942
3,SKUT1_SOFT_TISSUE,0.49398681705937375,0.24699340852968688,0.19383382810386365,0.19732695359577188
3,SNB75_CENTRAL_NERVOUS_SYSTEM,0.645631062930791,0.3228155314653955,0.08905620620420143,0.11915167324235999
3,SNU1041_UPPER_AERODIGESTIVE_TRACT,0.6384582131969642,0.3192291065984821,0.23848815309789595,0.24197944421292492
3,SNU1105_CENTRAL_NERVOUS_SYSTEM,0.6247261763713837,0.31236308818569186,0.16431466261161137,0.18201607579283852
3,SNU1214_UPPER_AERODIGESTIVE_TRACT,1.0265258048401313,0.5132629024200657,0.17697349320255765,0.1675959565782833
3,SNU245_BILIARY_TRACT,0.6379242179910262,0.3189621089955131,0.18431329033533309,0.20099294696997472
3,SNU685_ENDOMETRIUM,0.48682459576761755,0.24341229788380878,0.2182740107487764,0.16429117147659558
3,SW480_LARGE_INTESTINE,0.7723112284641657,0.38615561423208283,0.17734287911603877,0.17679620594314008
3,SW48_LARGE_INTESTINE,0.7971454600803684,0.3985727300401842,0.10309885100721256,0.14268975499363035
3,SW579_THYROID,0.7155728261946916,0.3577864130973458,0.1587052907617889,0.17166760203036294
3,SW900_LUNG,0.655152574428712,0.327576287214356,0.2853459898943038,0.2760651855269773
3,TE11_OESOPHAGUS,0.5053766392704937,0.25268831963524685,0.18870923758075547,0.17901846663976967
3,TE6_OESOPHAGUS,0.6341680893700713,0.31708404468503565,0.15215580744222082,0.14647408757045763
3,TEN_ENDOMETRIUM,0.5571250547310722,0.2785625273655361,0.13085516181225948,0.14232486990769347
3,TUHR4TKB_KIDNEY,0.6056804071225064,0.3028402035612532,0.1398214496606627,0.15393004652615377
3,UACC257_SKIN,0.523954059345569,0.2619770296727845,0.4829482940534439,0.3878498852357571
4,22RV1_PROSTATE,0.793285215843184,0.396642607921592,0.07069968051832354,0.11210464208220619
4,42MGBA_CENTRAL_NERVOUS_SYSTEM,0.36737899402384927,0.18368949701192464,0.25588099294014316,0.23739770994855305
4,769P_KIDNEY,0.4360394918842676,0.2180197459421338,0.2807324933483245,0.25360409801470374
4,786O_KIDNEY,0.3047410555722674,0.1523705277861337,0.32163516122374414,0.2586191924326746
4,8505C_THYROID,0.475661358158243,0.2378306790791215,0.32165388939624995,0.2965459115254727
4,A2780_OVARY,0.42368064198807903,0.21184032099403952,0.37338694366369113,0.3563812031495364
4,A375_SKIN,0.47703082723006485,0.23851541361503242,0.5915051811904584,0.49001344469904384
4,ACCMESO1_PLEURA,0.3268661585618795,0.16343307928093975,0.27658147332951116,0.22084520590294812
4,AGS_STOMACH,0.46560853846212136,0.23280426923106068,0.3099460027973074,0.2913077077532783
4,BEN_LUNG,0.4522768534563746,0.2261384267281873,0.16502095140070142,0.1537129260697946
4,CAL120_BREAST,0.3757783443000849,0.18788917215004244,0.2661472680852974,0.23561803091762523
4,CAL62_THYROID,0.32407390456688734,0.16203695228344367,0.5668974791252892,0.4455124106701444
4,CAOV3_OVARY,0.5042834073775441,0.25214170368877203,0.2631718027934624,0.2607991185124518
4,CJM_SKIN,0.7935581984351754,0.3967790992175877,0.18390732545510616,0.18513362927265228
4,COLO668_LUNG,0.7888929462708972,0.3944464731354486,0.08592719320887017,0.11348710310230507
4,COLO680N_OESOPHAGUS,0.4831572101306832,0.2415786050653416,0.2420993062692968,0.2216728102742426
4,COV434_OVARY,0.6187365815845433,0.3093682907922716,0.0911003031665357,0.10348461398845724
4,DMS273_LUNG,0.34807055145706506,0.17403527572853253,0.24417242519986082,0.22293199246150075
4,EFM192A_BREAST,0.7028142316177716,0.3514071158088858,0.09826921110101994,0.113810230332092
4,G401_SOFT_TISSUE,0.5225947221347121,0.26129736106735607,0.17975761582326605,0.2118546354869619
4,GCIY_STOMACH,0.3474752713456302,0.1737376356728151,0.3335342453800958,0.2812452212729913
4,GP2D_LARGE_INTESTINE,0.4363767094034968,0.2181883547017484,0.2560421933447706,0.244718065551088
4,HCC1143_BREAST,0.5339606748457305,0.26698033742286525,0.18736529698149507,0.2012445188425375
4,HCC1195_LUNG,0.5701146370742982,0.2850573185371491,0.27619057052927704,0.24524916945976144
4,HCC1419_BREAST,0.7448034733923736,0.3724017366961868,0.1466232129865778,0.12735918376169184
4,HEC1B_ENDOMETRIUM,0.4238931468359892,0.2119465734179946,0.2980103576281863,0.24305291683089203
4,HEP3B217_LIVER,0.9132507245415835,0.45662536227079176,0.11441531997113001,0.10872543250410513
4,HS766T_PANCREAS,0.9478867303281018,0.4739433651640509,0.25810208848654875,0.24283514152844868
4,HS852T_SKIN,1.0203349145634133,0.5101674572817066,0.13669257493188092,0.13920361812445436
4,HUCCT1_BILIARY_TRACT,0.5128201365654254,0.2564100682827127,0.4733449441422914,0.40827255906176985
4,IGR1_SKIN,0.46808283986166926,0.23404141993083463,0.3537801574526299,0.32344118252451626
4,IGROV1_OVARY,0.3065134491626111,0.15325672458130554,0.4344224664722269,0.36248249082588757
4,ISTMES1_PLEURA,0.5498415746061793,0.27492078730308966,0.22090909845014906,0.2237062794842615
4,J82_URINARY_TRACT,0.35748263712466033,0.17874131856233016,0.29123644718534686,0.22633694840334517
4,JHH5_LIVER,0.6458295998889405,0.32291479994447025,0.2403165308878214,0.22418946084321026
4,KNS42_CENTRAL_NERVOUS_SYSTEM,0.5065070663891121,0.25325353319455607,0.13906203590135965,0.14127625353058962
4,KNS60_CENTRAL_NERVOUS_SYSTEM,0.5108579244428169,0.25542896222140843,0.14892089011119794,0.1535741853287557
4,KNS81_CENTRAL_NERVOUS_SYSTEM,0.6316009187197504,0.3158004593598752,0.18513519374508877,0.18827887620703548
4,KYSE270_OESOPHAGUS,0.43772965364926664,0.21886482682463332,0.26193887821191597,0.23753058555986475
4,LI7_LIVER,0.8106478603004534,0.4053239301502267,0.08130792402664357,0.09877572120088604
4,LK2_LUNG,0.5568989127543268,0.2784494563771634,0.12309072333669618,0.1313546692637405
4,LMSU_STOMACH,0.3821258483780536,0.1910629241890268,0.36692497194478435,0.3143568518964154
4,LN229_CENTRAL_NERVOUS_SYSTEM,0.5132302963667329,0.25661514818336645,0.32133469457107006,0.2885795397882814
4,LNCAPCLONEFGC_PROSTATE,0.48745630418008157,0.24372815209004078,0.08192760973761358,0.10559225061058505
4,LOVO_LARGE_INTESTINE,0.4450081627679556,0.2225040813839778,0.4190837842225174,0.3640106144075812
4,LUDLU1_LUNG,0.6108396924159912,0.3054198462079956,0.10791988099461988,0.10944251853166798
4,MALME3M_SKIN,0.9708287058966552,0.4854143529483276,0.27021719861044646,0.2397583195347022
4,MDAMB435S_SKIN,0.46206285576508926,0.23103142788254463,0.272605222964247,0.2657650632711941
4,MDAMB468_BREAST,0.4173114498281233,0.20865572491406165,0.31029490088650474,0.2576291477483783
4,MIAPACA2_PANCREAS,0.34726004600765503,0.17363002300382752,0.5625852633049718,0.4465525502277567
4,MSTO211H_PLEURA,0.3808003213174498,0.1904001606587249,0.3944990374267221,0.33426513640561417
4,NCIH1048_LUNG,0.7482220060022576,0.3741110030011288,0.10971715480910964,0.1162808314932659
4,NCIH1299_LUNG,0.2906050771760992,0.1453025385880496,0.39540677265095614,0.33812245755561043
4,NCIH1355_LUNG,0.5930332377336974,0.2965166188668487,0.22691205944759027,0.23796646126565213
4,NCIH1573_LUNG,0.7034816570486552,0.3517408285243276,0.1110606949272827,0.13397609415941575
4,NCIH1581_LUNG,0.45753438754723835,0.22876719377361918,0.16269764726761468,0.18496041558765597
4,NCIH1650_LUNG,0.645487895671244,0.322743947835622,0.13684262259962177,0.15521838645095687
4,NCIH1693_LUNG,0.41426838966169266,0.20713419483084633,0.3111077916178145,0.2961263428216095
4,NCIH1793_LUNG,0.6054523608485046,0.3027261804242523,0.103244821757523,0.09852152463968407
4,NCIH1915_LUNG,0.5756970779245218,0.2878485389622609,0.2984368763448928,0.2910742299480736
4,NCIH2126_LUNG,0.5034869448172519,0.25174347240862593,0.16002139752682681,0.15775862891039227
4,NCIH2347_LUNG,0.8502839244294131,0.42514196221470657,0.21761822429229,0.217972536178451
4,NCIH23_LUNG,0.474614941971527,0.2373074709857635,0.24031534751301348,0.21470615575247595
4,NCIH2444_LUNG,0.506452634281961,0.2532263171409805,0.3944586755500962,0.33418978479686384
4,NCIH322_LUNG,0.5886037386260127,0.29430186931300634,0.15918067131226632,0.1622773290089338
4,NCIH522_LUNG,0.600780462726079,0.3003902313630395,0.10036778815580524,0.1217403054020127
4,NCIH838_LUNG,0.334642651687691,0.1673213258438455,0.3159561935276991,0.26972242288963755
4,NCIH841_LUNG,0.42371355242495323,0.21185677621247662,0.20688532274803118,0.23654695510710771
4,NUGC3_STOMACH,0.5533849512080017,0.27669247560400084,0.24609674668413783,0.2469827648444977
4,OAW42_OVARY,0.2779341963252202,0.1389670981626101,0.4135092509276795,0.3458972081115458
4,OSRC2_KIDNEY,0.5919484991226817,0.29597424956134083,0.11478212458522632,0.15719686872610622
4,PANC0403_PANCREAS,0.6686828699891595,0.33434143499457974,0.2543925214907554,0.23304410135482423
4,PATU8988S_PANCREAS,0.5477042848923046,0.2738521424461523,0.29162956402508505,0.2709208535396388
4,PC3_PROSTATE,0.474978632105099,0.2374893160525495,0.0705013959971941,0.07745819009037239
4,QGP1_PANCREAS,0.8368908429206459,0.41844542146032293,0.22141107728073828,0.21726858692052514
4,RCC10RGB_KIDNEY,0.4822129830132783,0.24110649150663915,0.27426961665838895,0.26058369354671845
4,RH30_SOFT_TISSUE,0.45831100274271247,0.22915550137135623,0.12214317011390709,0.13284585745275534
4,SKMEL24_SKIN,0.6723107831387036,0.3361553915693518,0.26941713450387567,0.2548006818294413
4,SKUT1_SOFT_TISSUE,0.49124601935929263,0.24562300967964631,0.1978239765432697,0.20042554057067646
4,SNB75_CENTRAL_NERVOUS_SYSTEM,0.6455215992575346,0.3227607996287673,0.09097888328009941,0.10782843206133716
4,SNU1041_UPPER_AERODIGESTIVE_TRACT,0.6308230631951653,0.3154115315975827,0.2496258629967989,0.23716304046936182
4,SNU1105_CENTRAL_NERVOUS_SYSTEM,0.6317030363352248,0.3158515181676124,0.1427857828824071,0.18028108573868123
4,SNU1214_UPPER_AERODIGESTIVE_TRACT,1.0245497396375978,0.5122748698187989,0.17152576767706587,0.17732148173379453
4,SNU245_BILIARY_TRACT,0.6295080809078968,0.3147540404539484,0.19260303935123785,0.2136391376179835
4,SNU685_ENDOMETRIUM,0.48335304222274655,0.24167652111137328,0.22243429287301428,0.17268013041688976
4,SW480_LARGE_INTESTINE,0.7720898964805032,0.3860449482402516,0.1829142340360892,0.16982989236230883
4,SW48_LARGE_INTESTINE,0.8006135654747957,0.40030678273739784,0.11156996686606352,0.14915709840880087
4,SW579_THYROID,0.712962552373812,0.356481276186906,0.16311383358428852,0.1730465483319614
4,SW900_LUNG,0.6527260855915427,0.32636304279577133,0.27900494426955985,0.26496604379773053
4,TE11_OESOPHAGUS,0.4989249429558248,0.2494624714779124,0.20025998237965964,0.19831649032424262
4,TE6_OESOPHAGUS,0.6440967005422882,0.3220483502711441,0.14676601504280679,0.15658593686702516
4,TEN_ENDOMETRIUM,0.5627539413405234,0.2813769706702617,0.127849198025859,0.1404717430064712
4,TUHR4TKB_KIDNEY,0.6008120775938671,0.30040603879693356,0.14368840254814438,0.15060670889336192
4,UACC257_SKIN,0.5224820539057835,0.26124102695289175,0.48141545768839056,0.38931658158365157
