component,direction,rank,gene_id,gene_symbol,loading
1,negative,1,ENSG00000134339,SAA2,-0.06363948092395845
1,negative,2,ENSG00000134321,RSAD2,-0.05138206684520464
1,negative,3,ENSG00000185745,IFIT1,-0.049955447630089314
1,negative,4,ENSG00000183486,MX2,-0.04951172305643884
1,negative,5,ENSG00000132530,XAF1,-0.04899593685083746
1,negative,6,ENSG00000126709,IFI6,-0.04783684429112101
1,negative,7,ENSG00000166920,C15orf48,-0.0476931323677846
1,negative,8,ENSG00000169583,CLIC3,-0.04727380635917327
1,negative,9,ENSG00000165949,IFI27,-0.04649513311601297
1,negative,10,ENSG00000137959,IFI44L,-0.04628038640489525
1,negative,11,ENSG00000111335,OAS2,-0.04578986800416715
1,negative,12,ENSG00000119922,IFIT2,-0.04502063937126122
1,negative,13,ENSG00000173432,SAA1,-0.04308987151104263
1,negative,14,ENSG00000078804,TP53INP2,-0.04273268539807721
1,negative,15,ENSG00000157601,MX1,-0.04196349074435556
1,negative,16,ENSG00000133321,RARRES3,-0.04155929381264044
1,negative,17,ENSG00000168386,FILIP1L,-0.04149066057654024
1,negative,18,ENSG00000132274,TRIM22,-0.040025211330234074
1,negative,19,ENSG00000243649,CFB,-0.03968221309476285
1,negative,20,ENSG00000177409,SAMD9L,-0.03916329636333644
1,negative,21,ENSG00000167552,TUBA1A,-0.03854125257803136
1,negative,22,ENSG00000101335,MYL9,-0.03839241263581868
1,negative,23,ENSG00000149591,TAGLN,-0.038043889987634735
1,negative,24,ENSG00000133106,EPSTI1,-0.03749495839357966
1,negative,25,ENSG00000119917,IFIT3,-0.036673414203054096
1,positive,1,ENSG00000171320,ESCO2,0.06645363581879107
1,positive,2,ENSG00000189057,FAM111B,0.06611474083736367
1,positive,3,ENSG00000092853,CLSPN,0.0653315334473157
1,positive,4,ENSG00000184661,CDCA2,0.06383463088529902
1,positive,5,ENSG00000075218,GTSE1,0.06179695228662385
1,positive,6,ENSG00000148773,MKI67,0.06178165691959865
1,positive,7,ENSG00000143476,DTL,0.06096711159827057
1,positive,8,ENSG00000126787,DLGAP5,0.06094007607789634
1,positive,9,ENSG00000152253,SPC25,0.060899009763113784
1,positive,10,ENSG00000109805,NCAPG,0.06089021819537561
1,positive,11,ENSG00000117724,CENPF,0.06063604837521929
1,positive,12,ENSG00000169607,CKAP2L,0.0602244116261845
1,positive,13,ENSG00000171848,RRM2,0.059457529389389634
1,positive,14,ENSG00000131747,TOP2A,0.05945530563992643
1,positive,15,ENSG00000178999,AURKB,0.058732848374315264
1,positive,16,ENSG00000066279,ASPM,0.05862068633289134
1,positive,17,ENSG00000072571,HMMR,0.0581905985050916
1,positive,18,ENSG00000115163,CENPA,0.05816750859424351
1,positive,19,ENSG00000184357,HIST1H1B,0.05793379032027782
1,positive,20,ENSG00000198901,PRC1,0.05786855140217752
1,positive,21,ENSG00000121152,NCAPH,0.05747997354609036
1,positive,22,ENSG00000137804,NUSAP1,0.057136736516022746
1,positive,23,ENSG00000134690,CDCA8,0.05712855488539081
1,positive,24,ENSG00000171241,SHCBP1,0.05693797913116986
1,positive,25,ENSG00000065328,MCM10,0.05682778478536272
2,negative,1,ENSG00000176401,EID2B,-0.05280276651734422
2,negative,2,ENSG00000197594,ENPP1,-0.04927959215521437
2,negative,3,ENSG00000165092,ALDH1A1,-0.044037448857363284
2,negative,4,ENSG00000184489,PTP4A3,-0.042106506467740244
2,negative,5,ENSG00000181350,FAM211A,-0.040430063684585085
2,negative,6,ENSG00000167641,PPP1R14A,-0.03918621697703409
2,negative,7,ENSG00000112877,CEP72,-0.037583923734390394
2,negative,8,ENSG00000149503,INCENP,-0.03624909946603242
2,negative,9,ENSG00000260852,FBXL19-AS1,-0.03574223498788941
2,negative,10,ENSG00000164266,SPINK1,-0.035684321769472734
2,negative,11,ENSG00000105204,DYRK1B,-0.03517604382368833
2,negative,12,ENSG00000158528,PPP1R9A,-0.03498377851103395
2,negative,13,ENSG00000259153,RP6-65G23.3,-0.03449631385250689
2,negative,14,ENSG00000197757,HOXC6,-0.03415801282827555
2,negative,15,ENSG00000213347,MXD3,-0.034155121991967255
2,negative,16,ENSG00000130513,GDF15,-0.033967019771637776
2,negative,17,ENSG00000149679,CABLES2,-0.033369061481214546
2,negative,18,ENSG00000259001,RPPH1,-0.03332648027451264
2,negative,19,ENSG00000132329,RAMP1,-0.03272604149811263
2,negative,20,ENSG00000272606,RP11-554J4.1,-0.032648752089775364
2,negative,21,ENSG00000139629,GALNT6,-0.032145379039411885
2,negative,22,ENSG00000258708,SLC25A21-AS1,-0.03184684464528229
2,negative,23,ENSG00000174808,BTC,-0.031826453530216195
2,negative,24,ENSG00000206418,RAB12,-0.031604823364783416
2,negative,25,ENSG00000183579,ZNRF3,-0.03157580328108789
2,positive,1,ENSG00000198576,ARC,0.061672237516074764
2,positive,2,ENSG00000125266,EFNB2,0.060086904382850935
2,positive,3,ENSG00000170345,FOS,0.056188213270200155
2,positive,4,ENSG00000148339,SLC25A25,0.05160228925801375
2,positive,5,ENSG00000112149,CD83,0.049359580994620574
2,positive,6,ENSG00000120738,EGR1,0.04806764194420057
2,positive,7,ENSG00000116106,EPHA4,0.04642046164069794
2,positive,8,ENSG00000165244,ZNF367,0.045653045077402955
2,positive,9,ENSG00000124762,CDKN1A,0.04549511529096966
2,positive,10,ENSG00000120539,MASTL,0.04514628449420575
2,positive,11,ENSG00000162772,ATF3,0.045037988259897035
2,positive,12,ENSG00000137393,RNF144B,0.04448683984639896
2,positive,13,ENSG00000142798,HSPG2,0.043706082566328776
2,positive,14,ENSG00000151014,CCRN4L,0.04350973707772307
2,positive,15,ENSG00000123358,NR4A1,0.04307042521456063
2,positive,16,ENSG00000110876,SELPLG,0.04299364883471031
2,positive,17,ENSG00000267381,CTD-2086O20.3,0.04272311214027809
2,positive,18,ENSG00000183496,MEX3B,0.041682686235625085
2,positive,19,ENSG00000186594,MIR22HG,0.04107545867833453
2,positive,20,ENSG00000104419,NDRG1,0.03996551461359126
2,positive,21,ENSG00000099860,GADD45B,0.039389711339881416
2,positive,22,ENSG00000149591,TAGLN,0.03921154035824956
2,positive,23,ENSG00000165895,ARHGAP42,0.03892480137574271
2,positive,24,ENSG00000090975,PITPNM2,0.03887441275138126
2,positive,25,ENSG00000095383,TBC1D2,0.03883367316467136
3,negative,1,ENSG00000203783,PRR9,-0.05934698035896395
3,negative,2,ENSG00000109501,WFS1,-0.05537108631501177
3,negative,3,ENSG00000205809,KLRC2,-0.054481023796910465
3,negative,4,ENSG00000107719,PALD1,-0.05441735047179383
3,negative,5,ENSG00000019186,CYP24A1,-0.05211302641308333
3,negative,6,ENSG00000221968,FADS3,-0.04735042721417238
3,negative,7,ENSG00000130635,COL5A1,-0.04699593800937392
3,negative,8,ENSG00000103888,KIAA1199,-0.046479977031181806
3,negative,9,ENSG00000145287,PLAC8,-0.04633133835793265
3,negative,10,ENSG00000221955,SLC12A8,-0.04600055985874107
3,negative,11,ENSG00000158050,DUSP2,-0.045214038470369075
3,negative,12,ENSG00000197406,DIO3,-0.044381835548649044
3,negative,13,ENSG00000165376,CLDN2,-0.043894608387034004
3,negative,14,ENSG00000272168,CASC15,-0.04303789160351307
3,negative,15,ENSG00000127824,TUBA4A,-0.04279457880363926
3,negative,16,ENSG00000233101,HOXB-AS3,-0.04259177973085562
3,negative,17,ENSG00000131746,TNS4,-0.041603372537932524
3,negative,18,ENSG00000140297,GCNT3,-0.041511726690431724
3,negative,19,ENSG00000116663,FBXO6,-0.041498506890357244
3,negative,20,ENSG00000258498,DIO3OS,-0.04114456739711456
3,negative,21,ENSG00000163220,S100A9,-0.04111114678507307
3,negative,22,ENSG00000133466,C1QTNF6,-0.040339455353658286
3,negative,23,ENSG00000197191,C9orf169,-0.039114886982659434
3,negative,24,ENSG00000167757,KLK11,-0.038959385568049176
3,negative,25,ENSG00000164535,DAGLB,-0.038889032941310527
3,positive,1,ENSG00000164283,ESM1,0.078881894840293
3,positive,2,ENSG00000165092,ALDH1A1,0.07683408782928716
3,positive,3,ENSG00000167772,ANGPTL4,0.07302833353092984
3,positive,4,ENSG00000129757,CDKN1C,0.05780516706283084
3,positive,5,ENSG00000267279,RP11-879F14.2,0.05631946053008223
3,positive,6,ENSG00000085117,CD82,0.05604679069214127
3,positive,7,ENSG00000154928,EPHB1,0.05565762934742682
3,positive,8,ENSG00000183036,PCP4,0.053849918139061904
3,positive,9,ENSG00000106089,STX1A,0.05120137638686962
3,positive,10,ENSG00000120217,CD274,0.04965314667940868
3,positive,11,ENSG00000163661,PTX3,0.04953464522112899
3,positive,12,ENSG00000244405,ETV5,0.048881406822700875
3,positive,13,ENSG00000102547,CAB39L,0.04591632356364132
3,positive,14,ENSG00000164822,DEFA6,0.04505905546657448
3,positive,15,ENSG00000168955,TM4SF20,0.045053790204561864
3,positive,16,ENSG00000111252,SH2B3,0.044732219966824964
3,positive,17,ENSG00000078814,MYH7B,0.04459571959978532
3,positive,18,ENSG00000123104,ITPR2,0.04297144594161775
3,positive,19,ENSG00000162490,DRAXIN,0.04254495891632343
3,positive,20,ENSG00000176170,SPHK1,0.042096617281881465
3,positive,21,ENSG00000170545,SMAGP,0.04074592289632106
3,positive,22,ENSG00000197181,PIWIL2,0.040743497667250245
3,positive,23,ENSG00000111186,WNT5B,0.040734629052154546
3,positive,24,ENSG00000139289,PHLDA1,0.04021381003827753
3,positive,25,ENSG00000170412,GPRC5C,0.04012873570345936
4,negative,1,ENSG00000139318,DUSP6,-0.05423303286893488
4,negative,2,ENSG00000120738,EGR1,-0.047371831033265206
4,negative,3,ENSG00000138678,AGPAT9,-0.04032715727948835
4,negative,4,ENSG00000108700,CCL8,-0.039556357887258885
4,negative,5,ENSG00000240350,AC017002.1,-0.03854942452173205
4,negative,6,ENSG00000158050,DUSP2,-0.037521818113675345
4,negative,7,ENSG00000270190,RP11-803D5.4,-0.03649176788011512
4,negative,8,ENSG00000121454,LHX4,-0.03590731555833762
4,negative,9,ENSG00000124882,EREG,-0.0357616968824684
4,negative,10,ENSG00000251493,FOXD1,-0.03556982895567976
4,negative,11,ENSG00000231298,LINC00704,-0.03409593146206557
4,negative,12,ENSG00000144834,TAGLN3,-0.03359613722333085
4,negative,13,ENSG00000105889,STEAP1B,-0.03348821384685158
4,negative,14,ENSG00000158292,GPR153,-0.03295324433779768
4,negative,15,ENSG00000261373,VPS9D1-AS1,-0.03283308614914266
4,negative,16,ENSG00000231889,TRAF3IP2-AS1,-0.03178235145493116
4,negative,17,ENSG00000175592,FOSL1,-0.03176929442457676
4,negative,18,ENSG00000173530,TNFRSF10D,-0.03149915445715095
4,negative,19,ENSG00000175920,DOK7,-0.031380512575564665
4,negative,20,ENSG00000107796,ACTA2,-0.03137659529060185
4,negative,21,ENSG00000198924,DCLRE1A,-0.031368977354995636
4,negative,22,ENSG00000242028,HYPK,-0.03135711459374093
4,negative,23,ENSG00000111341,MGP,-0.031114385521614638
4,negative,24,ENSG00000188042,ARL4C,-0.030732552292686323
4,negative,25,ENSG00000164379,FOXQ1,-0.030648280130661204
4,positive,1,ENSG00000169583,CLIC3,0.06044815859025577
4,positive,2,ENSG00000127954,STEAP4,0.053661694342447976
4,positive,3,ENSG00000162654,GBP4,0.052721453033903354
4,positive,4,ENSG00000173391,OLR1,0.05242180494403917
4,positive,5,ENSG00000166920,C15orf48,0.05109906887592684
4,positive,6,ENSG00000185499,MUC1,0.04980742223077284
4,positive,7,ENSG00000237649,KIFC1,0.049491765706724374
4,positive,8,ENSG00000186832,KRT16,0.04818921077959974
4,positive,9,ENSG00000169607,CKAP2L,0.046016154642111
4,positive,10,ENSG00000235109,ZSCAN31,0.04549355283723211
4,positive,11,ENSG00000121858,TNFSF10,0.045428065295877666
4,positive,12,ENSG00000015568,RGPD5,0.04522270728592234
4,positive,13,ENSG00000245648,RP11-277P12.20,0.0452162049048239
4,positive,14,ENSG00000264443,RP4-594I10.3,0.04519162655183283
4,positive,15,ENSG00000143147,GPR161,0.04513438345670044
4,positive,16,ENSG00000163535,SGOL2,0.045073424273083536
4,positive,17,ENSG00000169245,CXCL10,0.04403547259615001
4,positive,18,ENSG00000169679,BUB1,0.04335737846634172
4,positive,19,ENSG00000131747,TOP2A,0.04330738061664058
4,positive,20,ENSG00000118193,KIF14,0.04279363018085597
4,positive,21,ENSG00000162927,PUS10,0.04261405176909023
4,positive,22,ENSG00000066279,ASPM,0.042561324439667446
4,positive,23,ENSG00000110195,FOLR1,0.04250391606215865
4,positive,24,ENSG00000184661,CDCA2,0.04233488430434475
4,positive,25,ENSG00000177409,SAMD9L,0.042277353105153084
5,negative,1,ENSG00000069482,GAL,-0.054664414814251765
5,negative,2,ENSG00000125965,GDF5,-0.047219424094684166
5,negative,3,ENSG00000225783,MIAT,-0.04693608803223627
5,negative,4,ENSG00000168916,ZNF608,-0.044518399782331075
5,negative,5,ENSG00000187634,SAMD11,-0.042672085508248137
5,negative,6,ENSG00000168952,STXBP6,-0.0419116175915964
5,negative,7,ENSG00000151687,ANKAR,-0.04187159591950364
5,negative,8,ENSG00000123836,PFKFB2,-0.041288373674490404
5,negative,9,ENSG00000259877,RP11-46C24.7,-0.04056420711516893
5,negative,10,ENSG00000264575,LINC00526,-0.03758222435955689
5,negative,11,ENSG00000183287,CCBE1,-0.037514840209040494
5,negative,12,ENSG00000188868,ZNF563,-0.037485956988229104
5,negative,13,ENSG00000130830,MPP1,-0.03741750102203016
5,negative,14,ENSG00000152402,GUCY1A2,-0.03724600156859258
5,negative,15,ENSG00000272367,CTC-428H11.2,-0.03683888863711552
5,negative,16,ENSG00000188613,NANOS1,-0.0368352090935768
5,negative,17,ENSG00000075223,SEMA3C,-0.036443585968009055
5,negative,18,ENSG00000148356,LRSAM1,-0.03624538242381797
5,negative,19,ENSG00000236144,AD000090.2,-0.03599123692381413
5,negative,20,ENSG00000182463,TSHZ2,-0.03588950837574847
5,negative,21,ENSG00000112406,HECA,-0.03576863147165023
5,negative,22,ENSG00000017373,SRCIN1,-0.035415268339306395
5,negative,23,ENSG00000163328,GPR155,-0.035269988843563846
5,negative,24,ENSG00000270175,RP11-793H13.11,-0.03466380333948595
5,negative,25,ENSG00000205420,KRT6A,-0.034434747395440134
5,positive,1,ENSG00000164400,CSF2,0.10588730435892502
5,positive,2,ENSG00000187678,SPRY4,0.08413422719977215
5,positive,3,ENSG00000250072,CTC-529P8.1,0.07268601301559462
5,positive,4,ENSG00000113070,HBEGF,0.05939276074582369
5,positive,5,ENSG00000167772,ANGPTL4,0.05866641482520555
5,positive,6,ENSG00000170961,HAS2,0.05849457668739394
5,positive,7,ENSG00000138166,DUSP5,0.057326769519495384
5,positive,8,ENSG00000120738,EGR1,0.05661211491207063
5,positive,9,ENSG00000254605,RP11-626H12.2,0.05626312320360438
5,positive,10,ENSG00000115009,CCL20,0.055468625168253204
5,positive,11,ENSG00000122861,PLAU,0.05527616466376379
5,positive,12,ENSG00000240476,LINC00973,0.05416788830528518
5,positive,13,ENSG00000163235,TGFA,0.05401197134611892
5,positive,14,ENSG00000164283,ESM1,0.05382830505653544
5,positive,15,ENSG00000168306,ACOX2,0.05372215247169067
5,positive,16,ENSG00000011422,PLAUR,0.05252191002800458
5,positive,17,ENSG00000006468,ETV1,0.05221398320409892
5,positive,18,ENSG00000005001,PRSS22,0.04975635742537236
5,positive,19,ENSG00000110092,CCND1,0.04940587752055762
5,positive,20,ENSG00000249992,TMEM158,0.04931993392417915
5,positive,21,ENSG00000120875,DUSP4,0.049098495362418955
5,positive,22,ENSG00000224259,LINC01133,0.048174372159085745
5,positive,23,ENSG00000139318,DUSP6,0.04797674769806989
5,positive,24,ENSG00000135074,ADAM19,0.047494299014832084
5,positive,25,ENSG00000142627,EPHA2,0.04698804557564833
