cell_line,depmap_id,disease,time_hours,model,rmse_delta,pcc_delta,spearman_delta,rmse_gain_vs_b1,external_test,temporal_response_used_for_fit
BICR31_UPPER_AERODIGESTIVE_TRACT,ACH-000228,head and neck cancer,3,B1,0.34555349819339215,0.023105209967534235,-0.027401815774354903,0.0,True,False
BICR6_UPPER_AERODIGESTIVE_TRACT,ACH-000415,head and neck cancer,3,B1,0.40122607098821783,0.05253898743236088,0.010297623452222007,0.0,True,False
BT474_BREAST,ACH-000927,breast cancer,3,B1,0.37351762486561274,0.10274892125655936,0.1017695585091925,0.0,True,False
BT549_BREAST,ACH-000288,breast cancer,3,B1,0.4060896751698441,0.06917349795137714,0.03269326193216806,0.0,True,False
CCFSTTG1_CENTRAL_NERVOUS_SYSTEM,ACH-000329,brain cancer,3,B1,0.4374083064666663,0.05554683683357625,0.026636386365918502,0.0,True,False
DKMG_CENTRAL_NERVOUS_SYSTEM,ACH-000244,brain cancer,3,B1,0.40624148039987723,0.032447292974301524,-0.00726344467263548,0.0,True,False
IALM_LUNG,ACH-000672,lung cancer,3,B1,0.4854352568653363,0.0635381450954031,0.054736726241604194,0.0,True,False
LS1034_LARGE_INTESTINE,ACH-000252,colon/colorectal cancer,3,B1,0.4422514710884715,0.113236950260468,0.07542583738822846,0.0,True,False
NCIH226_LUNG,ACH-000367,lung cancer,3,B1,0.32393244129637766,0.027192435365529996,-0.023505102931605296,0.0,True,False
RCM1_LARGE_INTESTINE,ACH-000565,colon/colorectal cancer,3,B1,0.2714257659436728,0.1483304829038434,0.060637430784472535,0.0,True,False
RERFLCAD1_LUNG,ACH-000791,lung cancer,3,B1,0.3975391772195148,0.09954432384098517,0.034733324674244594,0.0,True,False
SH10TC_STOMACH,ACH-000764,gastric cancer,3,B1,0.2980960500239148,0.041730300399921386,-0.005985782989331557,0.0,True,False
SKMEL2_SKIN,ACH-001190,skin cancer,3,B1,0.30864865772401434,0.1446664843430958,0.09894596446360972,0.0,True,False
SKMEL3_SKIN,ACH-000423,skin cancer,3,B1,0.38735925345446925,0.08024508460916008,0.06304242545053024,0.0,True,False
SNU1079_BILIARY_TRACT,ACH-000209,bile duct cancer,3,B1,0.4913685878803145,0.04367412660616973,-0.006373501435021322,0.0,True,False
SQ1_LUNG,ACH-000553,lung cancer,3,B1,0.2908788069082053,0.12872776249067425,0.09187359453920219,0.0,True,False
UMUC1_URINARY_TRACT,ACH-000834,bladder cancer,3,B1,0.26928495215709514,0.12143716768972089,0.04909955070793146,0.0,True,False
BICR31_UPPER_AERODIGESTIVE_TRACT,ACH-000228,head and neck cancer,3,B4_FIXED_D20_A100,0.36064540894657504,0.038636519927623694,-0.013823711566160156,-0.015091910753182891,True,False
BICR6_UPPER_AERODIGESTIVE_TRACT,ACH-000415,head and neck cancer,3,B4_FIXED_D20_A100,0.4091903115201922,0.05926689005203101,0.012520099832090653,-0.007964240531974365,True,False
BT474_BREAST,ACH-000927,breast cancer,3,B4_FIXED_D20_A100,0.37498281075025425,0.09125679502257011,0.08620402453286885,-0.0014651858846415067,True,False
BT549_BREAST,ACH-000288,breast cancer,3,B4_FIXED_D20_A100,0.4067338791935626,0.05879123837851394,0.01826359226746936,-0.0006442040237184532,True,False
CCFSTTG1_CENTRAL_NERVOUS_SYSTEM,ACH-000329,brain cancer,3,B4_FIXED_D20_A100,0.43982671349608643,0.0573770870312425,0.034691885398922824,-0.0024184070294201443,True,False
DKMG_CENTRAL_NERVOUS_SYSTEM,ACH-000244,brain cancer,3,B4_FIXED_D20_A100,0.41170848144422445,0.02600434914165426,-0.00920213609150154,-0.0054670010443472195,True,False
IALM_LUNG,ACH-000672,lung cancer,3,B4_FIXED_D20_A100,0.4887101006732831,0.06586764082808208,0.05440546970733422,-0.0032748438079467923,True,False
LS1034_LARGE_INTESTINE,ACH-000252,colon/colorectal cancer,3,B4_FIXED_D20_A100,0.44780118274689173,0.1291286272081955,0.08526870497238256,-0.00554971165842022,True,False
NCIH226_LUNG,ACH-000367,lung cancer,3,B4_FIXED_D20_A100,0.3283430410973418,0.02646309837553818,-0.017426349611933883,-0.004410599800964143,True,False
RCM1_LARGE_INTESTINE,ACH-000565,colon/colorectal cancer,3,B4_FIXED_D20_A100,0.27723180462529323,0.174776173219672,0.07536521892632758,-0.00580603868162044,True,False
RERFLCAD1_LUNG,ACH-000791,lung cancer,3,B4_FIXED_D20_A100,0.41176034951403806,0.09811526660867047,0.03454480401351831,-0.014221172294523243,True,False
SH10TC_STOMACH,ACH-000764,gastric cancer,3,B4_FIXED_D20_A100,0.29766963507879396,0.045426747328977495,0.0045782585267248235,0.00042641494512085654,True,False
SKMEL2_SKIN,ACH-001190,skin cancer,3,B4_FIXED_D20_A100,0.32191248720075416,0.15717179306635584,0.1077322273527401,-0.013263829476739819,True,False
SKMEL3_SKIN,ACH-000423,skin cancer,3,B4_FIXED_D20_A100,0.40083151979480186,0.08403044321647361,0.061464414871214526,-0.013472266340332606,True,False
SNU1079_BILIARY_TRACT,ACH-000209,bile duct cancer,3,B4_FIXED_D20_A100,0.4930889146283714,0.04085535545438341,-0.009895278247261868,-0.0017203267480568885,True,False
SQ1_LUNG,ACH-000553,lung cancer,3,B4_FIXED_D20_A100,0.3073292006772798,0.13424297297758123,0.0998797473632678,-0.016450393769074534,True,False
UMUC1_URINARY_TRACT,ACH-000834,bladder cancer,3,B4_FIXED_D20_A100,0.2827554267569261,0.13176857010788418,0.0563833713664783,-0.013470474599830973,True,False
BICR31_UPPER_AERODIGESTIVE_TRACT,ACH-000228,head and neck cancer,3,CCLR_FIXED_D20_R20_A100,0.36019862095871347,0.036724721417157206,-0.0139572411497516,-0.014645122765321317,True,False
BICR6_UPPER_AERODIGESTIVE_TRACT,ACH-000415,head and neck cancer,3,CCLR_FIXED_D20_R20_A100,0.40906715312502184,0.055723379201243546,0.009174523171441134,-0.007841082136804012,True,False
BT474_BREAST,ACH-000927,breast cancer,3,CCLR_FIXED_D20_R20_A100,0.3731325103643608,0.0886390074998103,0.08466690225163426,0.00038511450125194857,True,False
BT549_BREAST,ACH-000288,breast cancer,3,CCLR_FIXED_D20_R20_A100,0.4052797072243099,0.05975880928047217,0.02024570424670468,0.000809967945534229,True,False
CCFSTTG1_CENTRAL_NERVOUS_SYSTEM,ACH-000329,brain cancer,3,CCLR_FIXED_D20_R20_A100,0.4388014399092031,0.055125185161912185,0.03174251505644087,-0.0013931334425368314,True,False
DKMG_CENTRAL_NERVOUS_SYSTEM,ACH-000244,brain cancer,3,CCLR_FIXED_D20_R20_A100,0.41062025039902483,0.02358041236552737,-0.013693789902686389,-0.0043787699991476026,True,False
IALM_LUNG,ACH-000672,lung cancer,3,CCLR_FIXED_D20_R20_A100,0.487456273709128,0.06481383596155023,0.05580156393682506,-0.0020210168437916898,True,False
LS1034_LARGE_INTESTINE,ACH-000252,colon/colorectal cancer,3,CCLR_FIXED_D20_R20_A100,0.44701202829886383,0.12655133574704167,0.08481648575193787,-0.004760557210392313,True,False
NCIH226_LUNG,ACH-000367,lung cancer,3,CCLR_FIXED_D20_R20_A100,0.32628783871778155,0.022945914520047038,-0.021447741343712953,-0.002355397421403893,True,False
RCM1_LARGE_INTESTINE,ACH-000565,colon/colorectal cancer,3,CCLR_FIXED_D20_R20_A100,0.27636666632877194,0.16854297184295985,0.07403574397706005,-0.004940900385099145,True,False
RERFLCAD1_LUNG,ACH-000791,lung cancer,3,CCLR_FIXED_D20_R20_A100,0.41166631238651497,0.0920237697553412,0.028681479794782583,-0.014127135167000149,True,False
SH10TC_STOMACH,ACH-000764,gastric cancer,3,CCLR_FIXED_D20_R20_A100,0.29746707759462104,0.04163707150489854,-0.0020830917351606,0.0006289724292937726,True,False
SKMEL2_SKIN,ACH-001190,skin cancer,3,CCLR_FIXED_D20_R20_A100,0.32148727142032657,0.1575591842360584,0.10741305602689631,-0.012838613696312229,True,False
SKMEL3_SKIN,ACH-000423,skin cancer,3,CCLR_FIXED_D20_R20_A100,0.40025903867370477,0.08401383431442357,0.062204304371246626,-0.012899785219235516,True,False
SNU1079_BILIARY_TRACT,ACH-000209,bile duct cancer,3,CCLR_FIXED_D20_R20_A100,0.49274809772142364,0.03816376625765603,-0.008327859388209737,-0.0013795098411091278,True,False
SQ1_LUNG,ACH-000553,lung cancer,3,CCLR_FIXED_D20_R20_A100,0.3059445160129827,0.1319700115962569,0.10012968370900147,-0.015065709104777447,True,False
UMUC1_URINARY_TRACT,ACH-000834,bladder cancer,3,CCLR_FIXED_D20_R20_A100,0.2823228106664347,0.1290787602957545,0.05424301231871525,-0.013037858509339584,True,False
BICR31_UPPER_AERODIGESTIVE_TRACT,ACH-000228,head and neck cancer,6,B1,0.353528175305019,0.1383801110360343,0.09295298181480706,0.0,True,False
BICR6_UPPER_AERODIGESTIVE_TRACT,ACH-000415,head and neck cancer,6,B1,0.4696943608622874,0.16107854759098236,0.14625618953189282,0.0,True,False
BT474_BREAST,ACH-000927,breast cancer,6,B1,0.3591454649036853,0.14683662290881902,0.1427036712154634,0.0,True,False
BT549_BREAST,ACH-000288,breast cancer,6,B1,0.430430777737711,0.07149354255730764,0.03271394449875453,0.0,True,False
CCFSTTG1_CENTRAL_NERVOUS_SYSTEM,ACH-000329,brain cancer,6,B1,0.41567999453707954,0.09983527882217705,0.07293500360893997,0.0,True,False
DKMG_CENTRAL_NERVOUS_SYSTEM,ACH-000244,brain cancer,6,B1,0.45211386135594955,0.0719290493779496,0.05138693378236227,0.0,True,False
IALM_LUNG,ACH-000672,lung cancer,6,B1,0.6305579852476646,0.043980915462130066,0.047158517322374596,0.0,True,False
LS1034_LARGE_INTESTINE,ACH-000252,colon/colorectal cancer,6,B1,0.44746602418004994,0.22824585626807223,0.184846832084718,0.0,True,False
NCIH226_LUNG,ACH-000367,lung cancer,6,B1,0.3550524973857784,0.07680776387823171,0.05399491687158889,0.0,True,False
RCM1_LARGE_INTESTINE,ACH-000565,colon/colorectal cancer,6,B1,0.28791330987625086,0.24356173868345626,0.1722012324255837,0.0,True,False
RERFLCAD1_LUNG,ACH-000791,lung cancer,6,B1,0.41666232091580263,0.14925021563706162,0.07171481195895293,0.0,True,False
SH10TC_STOMACH,ACH-000764,gastric cancer,6,B1,0.30299165168958475,0.11249757744017992,0.0518765192543113,0.0,True,False
SKMEL2_SKIN,ACH-001190,skin cancer,6,B1,0.3209872940886568,0.18757691049725436,0.1321605775147206,0.0,True,False
SKMEL3_SKIN,ACH-000423,skin cancer,6,B1,0.38022368055183914,0.12737151813304287,0.113543542312219,0.0,True,False
SNU1079_BILIARY_TRACT,ACH-000209,bile duct cancer,6,B1,0.5101238442343767,0.2468210898709285,0.20301118251727082,0.0,True,False
SQ1_LUNG,ACH-000553,lung cancer,6,B1,0.3009341485449112,0.1152682525175258,0.06183134026027452,0.0,True,False
UMUC1_URINARY_TRACT,ACH-000834,bladder cancer,6,B1,0.26776624073055094,0.2677429575250497,0.18763775027065696,0.0,True,False
BICR31_UPPER_AERODIGESTIVE_TRACT,ACH-000228,head and neck cancer,6,B4_FIXED_D20_A100,0.36302800167210697,0.16020986027929718,0.1065885100686833,-0.00949982636708796,True,False
BICR6_UPPER_AERODIGESTIVE_TRACT,ACH-000415,head and neck cancer,6,B4_FIXED_D20_A100,0.4719486487230402,0.16985483914930496,0.15107192517031873,-0.002254287860752824,True,False
BT474_BREAST,ACH-000927,breast cancer,6,B4_FIXED_D20_A100,0.36036666723294025,0.13682701494726643,0.12916896516309295,-0.0012212023292549334,True,False
BT549_BREAST,ACH-000288,breast cancer,6,B4_FIXED_D20_A100,0.4301043445925406,0.06467411944475486,0.026051699486842196,0.00032643314517039057,True,False
CCFSTTG1_CENTRAL_NERVOUS_SYSTEM,ACH-000329,brain cancer,6,B4_FIXED_D20_A100,0.4177698059641461,0.0987471489860782,0.07271942898191497,-0.0020898114270665458,True,False
DKMG_CENTRAL_NERVOUS_SYSTEM,ACH-000244,brain cancer,6,B4_FIXED_D20_A100,0.4581708239512575,0.05903567272188739,0.031685127264332195,-0.006056962595307969,True,False
IALM_LUNG,ACH-000672,lung cancer,6,B4_FIXED_D20_A100,0.6363366330786246,0.03233556970168674,0.030469529517263175,-0.005778647830960049,True,False
LS1034_LARGE_INTESTINE,ACH-000252,colon/colorectal cancer,6,B4_FIXED_D20_A100,0.44678820047736384,0.2586521525544854,0.20445845171644883,0.0006778237026860978,True,False
NCIH226_LUNG,ACH-000367,lung cancer,6,B4_FIXED_D20_A100,0.35967682843830445,0.07336954942228105,0.05577920217616492,-0.004624331052526076,True,False
RCM1_LARGE_INTESTINE,ACH-000565,colon/colorectal cancer,6,B4_FIXED_D20_A100,0.2894431847429829,0.27582480166035306,0.19064314835563376,-0.0015298748667320616,True,False
RERFLCAD1_LUNG,ACH-000791,lung cancer,6,B4_FIXED_D20_A100,0.4281834499103041,0.15256820860104672,0.07180363792236467,-0.011521128994501473,True,False
SH10TC_STOMACH,ACH-000764,gastric cancer,6,B4_FIXED_D20_A100,0.3020530214165951,0.11744644254624205,0.05435347744415833,0.0009386302729896268,True,False
SKMEL2_SKIN,ACH-001190,skin cancer,6,B4_FIXED_D20_A100,0.32423260052028585,0.2332648500708339,0.15494238043048617,-0.003245306431629069,True,False
SKMEL3_SKIN,ACH-000423,skin cancer,6,B4_FIXED_D20_A100,0.3890335763778363,0.14983938107548986,0.1288840706229381,-0.008809895825997172,True,False
SNU1079_BILIARY_TRACT,ACH-000209,bile duct cancer,6,B4_FIXED_D20_A100,0.5109146854758562,0.24355075416239008,0.19400346308489996,-0.0007908412414794341,True,False
SQ1_LUNG,ACH-000553,lung cancer,6,B4_FIXED_D20_A100,0.31842755947504,0.11256072306754644,0.05948987765256416,-0.017493410930128794,True,False
UMUC1_URINARY_TRACT,ACH-000834,bladder cancer,6,B4_FIXED_D20_A100,0.27489668901396236,0.28286235343546395,0.19490550062914255,-0.007130448283411417,True,False
BICR31_UPPER_AERODIGESTIVE_TRACT,ACH-000228,head and neck cancer,6,CCLR_FIXED_D20_R20_A100,0.3627292282558829,0.15871503182656713,0.10574599043022669,-0.009201052950863875,True,False
BICR6_UPPER_AERODIGESTIVE_TRACT,ACH-000415,head and neck cancer,6,CCLR_FIXED_D20_R20_A100,0.471365435798054,0.17063622247052662,0.15136031730411476,-0.0016710749357666255,True,False
BT474_BREAST,ACH-000927,breast cancer,6,CCLR_FIXED_D20_R20_A100,0.3584417110410397,0.13576413113204244,0.13198028227773206,0.0007037538626455953,True,False
BT549_BREAST,ACH-000288,breast cancer,6,CCLR_FIXED_D20_R20_A100,0.4286924124838551,0.06620928851778442,0.027634755111921937,0.0017383652538559002,True,False
CCFSTTG1_CENTRAL_NERVOUS_SYSTEM,ACH-000329,brain cancer,6,CCLR_FIXED_D20_R20_A100,0.41659387541562604,0.09802142065646303,0.07262942806467071,-0.0009138808785464914,True,False
DKMG_CENTRAL_NERVOUS_SYSTEM,ACH-000244,brain cancer,6,CCLR_FIXED_D20_R20_A100,0.4568645428687538,0.059432861891841764,0.03551018042651427,-0.004750681512804222,True,False
IALM_LUNG,ACH-000672,lung cancer,6,CCLR_FIXED_D20_R20_A100,0.6359675443428786,0.026947669710474575,0.028069666286385183,-0.005409559095214012,True,False
LS1034_LARGE_INTESTINE,ACH-000252,colon/colorectal cancer,6,CCLR_FIXED_D20_R20_A100,0.446974863898827,0.25328213157873003,0.20415965807061398,0.0004911602812229243,True,False
NCIH226_LUNG,ACH-000367,lung cancer,6,CCLR_FIXED_D20_R20_A100,0.357749232895207,0.0716567170417763,0.05614158984008805,-0.002696735509428616,True,False
RCM1_LARGE_INTESTINE,ACH-000565,colon/colorectal cancer,6,CCLR_FIXED_D20_R20_A100,0.2884843512474539,0.2735339361308906,0.19082869276069647,-0.0005710413712030626,True,False
RERFLCAD1_LUNG,ACH-000791,lung cancer,6,CCLR_FIXED_D20_R20_A100,0.4277866170895999,0.1490518154931351,0.06880291158305671,-0.011124296173797288,True,False
SH10TC_STOMACH,ACH-000764,gastric cancer,6,CCLR_FIXED_D20_R20_A100,0.30166194647634825,0.11615606648344504,0.055236119904143566,0.0013297052132364984,True,False
SKMEL2_SKIN,ACH-001190,skin cancer,6,CCLR_FIXED_D20_R20_A100,0.32517646398591277,0.22657393986201332,0.1525561523896925,-0.004189169897255984,True,False
SKMEL3_SKIN,ACH-000423,skin cancer,6,CCLR_FIXED_D20_R20_A100,0.38903741306667783,0.1474133174512284,0.12525841129935963,-0.00881373251483869,True,False
SNU1079_BILIARY_TRACT,ACH-000209,bile duct cancer,6,CCLR_FIXED_D20_R20_A100,0.5106479866713991,0.24427931981456355,0.19701192370870874,-0.000524142437022368,True,False
SQ1_LUNG,ACH-000553,lung cancer,6,CCLR_FIXED_D20_R20_A100,0.317152173497624,0.10997280395849568,0.058128585772988295,-0.016218024952712795,True,False
UMUC1_URINARY_TRACT,ACH-000834,bladder cancer,6,CCLR_FIXED_D20_R20_A100,0.2744885519148911,0.281422384800601,0.19362396630167414,-0.006722311184340135,True,False
BICR31_UPPER_AERODIGESTIVE_TRACT,ACH-000228,head and neck cancer,12,B1,0.3911072868202175,0.17746699624130702,0.13103159702960085,0.0,True,False
BICR6_UPPER_AERODIGESTIVE_TRACT,ACH-000415,head and neck cancer,12,B1,0.3992032818188804,0.24541363296580568,0.17390539783536924,0.0,True,False
BT474_BREAST,ACH-000927,breast cancer,12,B1,0.46018453817381727,0.07915720630353254,0.04461061476897519,0.0,True,False
BT549_BREAST,ACH-000288,breast cancer,12,B1,0.41625961829989755,0.12170807014101467,0.09982411160754723,0.0,True,False
CCFSTTG1_CENTRAL_NERVOUS_SYSTEM,ACH-000329,brain cancer,12,B1,0.43565784380737577,0.14047771533554437,0.10817369452248245,0.0,True,False
DKMG_CENTRAL_NERVOUS_SYSTEM,ACH-000244,brain cancer,12,B1,0.4679171297022134,0.2378193365512355,0.17108112473960907,0.0,True,False
IALM_LUNG,ACH-000672,lung cancer,12,B1,0.46055613311677246,0.11180821272277756,0.08898678823008464,0.0,True,False
LS1034_LARGE_INTESTINE,ACH-000252,colon/colorectal cancer,12,B1,0.5459608081766196,0.2298890351967713,0.18919638541151146,0.0,True,False
NCIH226_LUNG,ACH-000367,lung cancer,12,B1,0.3459130172458073,0.06867535035751406,0.02770930808475314,0.0,True,False
RCM1_LARGE_INTESTINE,ACH-000565,colon/colorectal cancer,12,B1,0.30581657324814654,0.32408287368682737,0.2266975170180041,0.0,True,False
RERFLCAD1_LUNG,ACH-000791,lung cancer,12,B1,0.4012199892375681,0.2366334749475332,0.14480315457990958,0.0,True,False
SH10TC_STOMACH,ACH-000764,gastric cancer,12,B1,0.27834486227979544,0.15900918682930806,0.08407174250626437,0.0,True,False
SKMEL2_SKIN,ACH-001190,skin cancer,12,B1,0.3491184908065219,0.2622717000888947,0.1888997262166684,0.0,True,False
SKMEL3_SKIN,ACH-000423,skin cancer,12,B1,0.3908682976361526,0.0878295179551992,0.06550677488522505,0.0,True,False
SNU1079_BILIARY_TRACT,ACH-000209,bile duct cancer,12,B1,0.4493362927892093,0.19070312017203966,0.14805524215046068,0.0,True,False
SQ1_LUNG,ACH-000553,lung cancer,12,B1,0.2992324376406565,0.2577561324120394,0.1915192856923139,0.0,True,False
UMUC1_URINARY_TRACT,ACH-000834,bladder cancer,12,B1,0.3019689244379027,0.3033330333719604,0.20794143098024875,0.0,True,False
BICR31_UPPER_AERODIGESTIVE_TRACT,ACH-000228,head and neck cancer,12,B4_FIXED_D20_A100,0.3970102151962638,0.19396789760980107,0.13801384002979883,-0.005902928376046279,True,False
BICR6_UPPER_AERODIGESTIVE_TRACT,ACH-000415,head and neck cancer,12,B4_FIXED_D20_A100,0.3980480830000634,0.269096079283162,0.183558811142863,0.0011551988188169826,True,False
BT474_BREAST,ACH-000927,breast cancer,12,B4_FIXED_D20_A100,0.45906395101952713,0.08805000431940549,0.05040985981537637,0.0011205871542901424,True,False
BT549_BREAST,ACH-000288,breast cancer,12,B4_FIXED_D20_A100,0.4150110408138651,0.12187655407839991,0.10197418110120283,0.001248577486032465,True,False
CCFSTTG1_CENTRAL_NERVOUS_SYSTEM,ACH-000329,brain cancer,12,B4_FIXED_D20_A100,0.43614846447662897,0.14529447929568381,0.10685957908438919,-0.0004906206692532056,True,False
DKMG_CENTRAL_NERVOUS_SYSTEM,ACH-000244,brain cancer,12,B4_FIXED_D20_A100,0.4702928138353954,0.23370020249035892,0.1641395621024854,-0.00237568413318201,True,False
IALM_LUNG,ACH-000672,lung cancer,12,B4_FIXED_D20_A100,0.4638685438766725,0.11741764906073648,0.09703615559391604,-0.0033124107599000197,True,False
LS1034_LARGE_INTESTINE,ACH-000252,colon/colorectal cancer,12,B4_FIXED_D20_A100,0.5417923203317364,0.2666013491618107,0.2189090324825276,0.0041684878448832174,True,False
NCIH226_LUNG,ACH-000367,lung cancer,12,B4_FIXED_D20_A100,0.34748966268062387,0.07688063176740106,0.03908102901199232,-0.0015766454348165593,True,False
RCM1_LARGE_INTESTINE,ACH-000565,colon/colorectal cancer,12,B4_FIXED_D20_A100,0.30170923484379325,0.37104996588827954,0.25618432152730625,0.004107338404353289,True,False
RERFLCAD1_LUNG,ACH-000791,lung cancer,12,B4_FIXED_D20_A100,0.4056335023032988,0.25271809214327356,0.1540082136011108,-0.004413513065730734,True,False
SH10TC_STOMACH,ACH-000764,gastric cancer,12,B4_FIXED_D20_A100,0.27597284943774475,0.16903260472171136,0.09347124743173306,0.002372012842050686,True,False
SKMEL2_SKIN,ACH-001190,skin cancer,12,B4_FIXED_D20_A100,0.3480099843248169,0.31648542849129796,0.2216099009133365,0.0011085064817050183,True,False
SKMEL3_SKIN,ACH-000423,skin cancer,12,B4_FIXED_D20_A100,0.40060592570071607,0.1159496356002786,0.08644185693328323,-0.009737628064563464,True,False
SNU1079_BILIARY_TRACT,ACH-000209,bile duct cancer,12,B4_FIXED_D20_A100,0.4485415171025483,0.19932256160846085,0.15805132446669334,0.0007947756866609756,True,False
SQ1_LUNG,ACH-000553,lung cancer,12,B4_FIXED_D20_A100,0.3057628975757234,0.2821995808301659,0.21455240886076488,-0.006530459935066901,True,False
UMUC1_URINARY_TRACT,ACH-000834,bladder cancer,12,B4_FIXED_D20_A100,0.3048199710642889,0.32703417417901,0.22202191669757265,-0.002851046626386189,True,False
BICR31_UPPER_AERODIGESTIVE_TRACT,ACH-000228,head and neck cancer,12,CCLR_FIXED_D20_R20_A100,0.3968302488407002,0.19271370720778175,0.1374461573067938,-0.005722962020482669,True,False
BICR6_UPPER_AERODIGESTIVE_TRACT,ACH-000415,head and neck cancer,12,CCLR_FIXED_D20_R20_A100,0.39768727364561696,0.269444056436614,0.18699661399612455,0.0015160081732634167,True,False
BT474_BREAST,ACH-000927,breast cancer,12,CCLR_FIXED_D20_R20_A100,0.4583293727201177,0.0796968769147472,0.04510917130670382,0.0018551654536995699,True,False
BT549_BREAST,ACH-000288,breast cancer,12,CCLR_FIXED_D20_R20_A100,0.4148177005900849,0.11696758790930115,0.0985236106996073,0.0014419177098126679,True,False
CCFSTTG1_CENTRAL_NERVOUS_SYSTEM,ACH-000329,brain cancer,12,CCLR_FIXED_D20_R20_A100,0.4348844790256862,0.1472457530750138,0.10964939061873683,0.000773364781689545,True,False
DKMG_CENTRAL_NERVOUS_SYSTEM,ACH-000244,brain cancer,12,CCLR_FIXED_D20_R20_A100,0.46960604639740805,0.23441873087943235,0.16814903894479236,-0.0016889166951946644,True,False
IALM_LUNG,ACH-000672,lung cancer,12,CCLR_FIXED_D20_R20_A100,0.46372550368127424,0.11156500585129497,0.09359023027048854,-0.0031693705645017833,True,False
LS1034_LARGE_INTESTINE,ACH-000252,colon/colorectal cancer,12,CCLR_FIXED_D20_R20_A100,0.5420642274818038,0.2631065497132973,0.2167174785390226,0.003896580694815799,True,False
NCIH226_LUNG,ACH-000367,lung cancer,12,CCLR_FIXED_D20_R20_A100,0.3466770066116264,0.06753534173905992,0.032643020493044024,-0.0007639893658191177,True,False
RCM1_LARGE_INTESTINE,ACH-000565,colon/colorectal cancer,12,CCLR_FIXED_D20_R20_A100,0.30135171523139653,0.36787547127128695,0.2570610533211569,0.004464858016750006,True,False
RERFLCAD1_LUNG,ACH-000791,lung cancer,12,CCLR_FIXED_D20_R20_A100,0.4061759674643707,0.24657395611667687,0.14906159138611708,-0.004955978226802604,True,False
SH10TC_STOMACH,ACH-000764,gastric cancer,12,CCLR_FIXED_D20_R20_A100,0.27593785854852687,0.16531473930597682,0.0921489905362967,0.0024070037312685644,True,False
SKMEL2_SKIN,ACH-001190,skin cancer,12,CCLR_FIXED_D20_R20_A100,0.3491315892718736,0.31055918862428283,0.2170349644049878,-1.3098465351690791e-05,True,False
SKMEL3_SKIN,ACH-000423,skin cancer,12,CCLR_FIXED_D20_R20_A100,0.40172957777733503,0.10688842360473172,0.07659415449912335,-0.010861280141182428,True,False
SNU1079_BILIARY_TRACT,ACH-000209,bile duct cancer,12,CCLR_FIXED_D20_R20_A100,0.4493838749479183,0.1919461780338932,0.155035156001582,-4.758215870903637e-05,True,False
SQ1_LUNG,ACH-000553,lung cancer,12,CCLR_FIXED_D20_R20_A100,0.305431243766812,0.27750689857353344,0.2135262238835509,-0.006198806126155532,True,False
UMUC1_URINARY_TRACT,ACH-000834,bladder cancer,12,CCLR_FIXED_D20_R20_A100,0.3046197348667234,0.32542021016560524,0.2195117188105339,-0.0026508104288207046,True,False
BICR31_UPPER_AERODIGESTIVE_TRACT,ACH-000228,head and neck cancer,24,B1,0.3400853250369251,0.30996579094691723,0.21815342447473784,0.0,True,False
BICR6_UPPER_AERODIGESTIVE_TRACT,ACH-000415,head and neck cancer,24,B1,0.433446069369252,0.3741701479104937,0.2976357054191996,0.0,True,False
BT474_BREAST,ACH-000927,breast cancer,24,B1,0.3563215147212353,0.15874403856503555,0.14134638002194935,0.0,True,False
BT549_BREAST,ACH-000288,breast cancer,24,B1,0.3457888967175675,0.12400638010900092,0.08210726420289702,0.0,True,False
CCFSTTG1_CENTRAL_NERVOUS_SYSTEM,ACH-000329,brain cancer,24,B1,0.36254990159120787,0.08312044574161696,0.05310170119317386,0.0,True,False
DKMG_CENTRAL_NERVOUS_SYSTEM,ACH-000244,brain cancer,24,B1,0.4256646371236836,0.3387106146187419,0.2550406408210116,0.0,True,False
IALM_LUNG,ACH-000672,lung cancer,24,B1,0.40735193002062897,0.27718285678677324,0.20962482519092362,0.0,True,False
LS1034_LARGE_INTESTINE,ACH-000252,colon/colorectal cancer,24,B1,0.47843845179469335,0.3628894285135128,0.273211885272529,0.0,True,False
NCIH226_LUNG,ACH-000367,lung cancer,24,B1,0.3020320130519284,0.24256804315401487,0.1843407394026801,0.0,True,False
RCM1_LARGE_INTESTINE,ACH-000565,colon/colorectal cancer,24,B1,0.3614674631578924,0.41642240187721197,0.29524609976196575,0.0,True,False
RERFLCAD1_LUNG,ACH-000791,lung cancer,24,B1,0.3692208627937333,0.34225998888110504,0.23562642310204912,0.0,True,False
SH10TC_STOMACH,ACH-000764,gastric cancer,24,B1,0.25129647376443953,0.29725753435001784,0.19669949774492906,0.0,True,False
SKMEL2_SKIN,ACH-001190,skin cancer,24,B1,0.3600000674527968,0.3804284145960202,0.2796988708803412,0.0,True,False
SKMEL3_SKIN,ACH-000423,skin cancer,24,B1,0.37129656165336683,0.20565709405003643,0.13719425908367341,0.0,True,False
SNU1079_BILIARY_TRACT,ACH-000209,bile duct cancer,24,B1,0.46307377342787626,0.3114149576597613,0.2350916876498703,0.0,True,False
SQ1_LUNG,ACH-000553,lung cancer,24,B1,0.2742057288285468,0.3316315715282171,0.23346449817707549,0.0,True,False
UMUC1_URINARY_TRACT,ACH-000834,bladder cancer,24,B1,0.28682829103746044,0.4598080635135209,0.3157444629537511,0.0,True,False
BICR31_UPPER_AERODIGESTIVE_TRACT,ACH-000228,head and neck cancer,24,B4_FIXED_D20_A100,0.3433523799644018,0.33035500640756504,0.2274854134537674,-0.003267054927476698,True,False
BICR6_UPPER_AERODIGESTIVE_TRACT,ACH-000415,head and neck cancer,24,B4_FIXED_D20_A100,0.4300389051582229,0.3881367512505419,0.3061716275114325,0.003407164211029101,True,False
BT474_BREAST,ACH-000927,breast cancer,24,B4_FIXED_D20_A100,0.35537831601594205,0.16166347439900575,0.14700111580645356,0.0009431987052932467,True,False
BT549_BREAST,ACH-000288,breast cancer,24,B4_FIXED_D20_A100,0.3423874336874265,0.13584891007832048,0.08798167028676612,0.0034014630301409943,True,False
CCFSTTG1_CENTRAL_NERVOUS_SYSTEM,ACH-000329,brain cancer,24,B4_FIXED_D20_A100,0.36363495874433766,0.09291936731029056,0.05808896404015807,-0.001085057153129787,True,False
DKMG_CENTRAL_NERVOUS_SYSTEM,ACH-000244,brain cancer,24,B4_FIXED_D20_A100,0.42618736377576,0.33803463122587707,0.25006277757100037,-0.0005227266520764218,True,False
IALM_LUNG,ACH-000672,lung cancer,24,B4_FIXED_D20_A100,0.4057071526562113,0.29345510411331505,0.21744174106063724,0.0016447773644176489,True,False
LS1034_LARGE_INTESTINE,ACH-000252,colon/colorectal cancer,24,B4_FIXED_D20_A100,0.46932074389624473,0.40470574928832337,0.3003445671720551,0.009117707898448624,True,False
NCIH226_LUNG,ACH-000367,lung cancer,24,B4_FIXED_D20_A100,0.30492914564768686,0.24016343536182164,0.17877173965414014,-0.002897132595758467,True,False
RCM1_LARGE_INTESTINE,ACH-000565,colon/colorectal cancer,24,B4_FIXED_D20_A100,0.353356371292784,0.4592774882077155,0.32353500441363675,0.008111091865108389,True,False
RERFLCAD1_LUNG,ACH-000791,lung cancer,24,B4_FIXED_D20_A100,0.3686764898348899,0.37202976580535063,0.24218714192432872,0.0005443729588434087,True,False
SH10TC_STOMACH,ACH-000764,gastric cancer,24,B4_FIXED_D20_A100,0.24870987225387634,0.3082213855469718,0.2031925969927051,0.0025866015105631968,True,False
SKMEL2_SKIN,ACH-001190,skin cancer,24,B4_FIXED_D20_A100,0.3490012319102554,0.44902659104730563,0.3158111389633273,0.010998835542541385,True,False
SKMEL3_SKIN,ACH-000423,skin cancer,24,B4_FIXED_D20_A100,0.3712404382476853,0.26639975531077525,0.17598182570793378,5.612340568150742e-05,True,False
SNU1079_BILIARY_TRACT,ACH-000209,bile duct cancer,24,B4_FIXED_D20_A100,0.4612520559974044,0.3226705274949586,0.24265646689898734,0.0018217174304718808,True,False
SQ1_LUNG,ACH-000553,lung cancer,24,B4_FIXED_D20_A100,0.2757209631405993,0.3781919227761372,0.2675732991060544,-0.0015152343120524714,True,False
UMUC1_URINARY_TRACT,ACH-000834,bladder cancer,24,B4_FIXED_D20_A100,0.28491009689629765,0.48137368792297314,0.32403530012406595,0.0019181941411627879,True,False
BICR31_UPPER_AERODIGESTIVE_TRACT,ACH-000228,head and neck cancer,24,CCLR_FIXED_D20_R20_A100,0.3434723755534454,0.328228340168361,0.22778096248146557,-0.0033870505165202736,True,False
BICR6_UPPER_AERODIGESTIVE_TRACT,ACH-000415,head and neck cancer,24,CCLR_FIXED_D20_R20_A100,0.43061492034164944,0.38560018518207034,0.30347672116172775,0.002831149027602564,True,False
BT474_BREAST,ACH-000927,breast cancer,24,CCLR_FIXED_D20_R20_A100,0.35451384099358635,0.15536283862333408,0.14256709436616366,0.0018076737276489507,True,False
BT549_BREAST,ACH-000288,breast cancer,24,CCLR_FIXED_D20_R20_A100,0.3414288535054824,0.13453388674687852,0.08781656767293641,0.004360043212085107,True,False
CCFSTTG1_CENTRAL_NERVOUS_SYSTEM,ACH-000329,brain cancer,24,CCLR_FIXED_D20_R20_A100,0.3625532408837191,0.08929739836306816,0.055168757209937726,-3.339292511228553e-06,True,False
DKMG_CENTRAL_NERVOUS_SYSTEM,ACH-000244,brain cancer,24,CCLR_FIXED_D20_R20_A100,0.42517117689482675,0.3429996944813023,0.24891771988639919,0.0004934602288568235,True,False
IALM_LUNG,ACH-000672,lung cancer,24,CCLR_FIXED_D20_R20_A100,0.4061402869910961,0.2884997590084447,0.21524278023261703,0.0012116430295328606,True,False
LS1034_LARGE_INTESTINE,ACH-000252,colon/colorectal cancer,24,CCLR_FIXED_D20_R20_A100,0.46907802427293116,0.4067428019546794,0.30183295729159965,0.009360427521762194,True,False
NCIH226_LUNG,ACH-000367,lung cancer,24,CCLR_FIXED_D20_R20_A100,0.30423988938657814,0.23415008778361324,0.1770355537553393,-0.00220787633464975,True,False
RCM1_LARGE_INTESTINE,ACH-000565,colon/colorectal cancer,24,CCLR_FIXED_D20_R20_A100,0.35323955348870784,0.4597556878476823,0.3242702865870128,0.008227909669184574,True,False
RERFLCAD1_LUNG,ACH-000791,lung cancer,24,CCLR_FIXED_D20_R20_A100,0.36880113251709856,0.369353457461808,0.241483217436541,0.0004197302766347222,True,False
SH10TC_STOMACH,ACH-000764,gastric cancer,24,CCLR_FIXED_D20_R20_A100,0.2489465648904721,0.3040941468901776,0.20024749881993928,0.002349908873967438,True,False
SKMEL2_SKIN,ACH-001190,skin cancer,24,CCLR_FIXED_D20_R20_A100,0.35069026655947527,0.44175722076105634,0.3108834091019791,0.009309800893321507,True,False
SKMEL3_SKIN,ACH-000423,skin cancer,24,CCLR_FIXED_D20_R20_A100,0.3730573504263335,0.25565927567938285,0.1650769485944877,-0.0017607887729666483,True,False
SNU1079_BILIARY_TRACT,ACH-000209,bile duct cancer,24,CCLR_FIXED_D20_R20_A100,0.462210988876945,0.316922522776905,0.23705050655665488,0.0008627845509312504,True,False
SQ1_LUNG,ACH-000553,lung cancer,24,CCLR_FIXED_D20_R20_A100,0.27535769519136133,0.37480843154887394,0.26658114836168256,-0.001151966362814505,True,False
UMUC1_URINARY_TRACT,ACH-000834,bladder cancer,24,CCLR_FIXED_D20_R20_A100,0.28443263317298917,0.48279262877369733,0.3262228323499322,0.002395657864471268,True,False
BICR31_UPPER_AERODIGESTIVE_TRACT,ACH-000228,head and neck cancer,48,B1,0.3816589840687567,0.40892368454992095,0.28950230332957766,0.0,True,False
BICR6_UPPER_AERODIGESTIVE_TRACT,ACH-000415,head and neck cancer,48,B1,0.49154522351885727,0.419924731584939,0.30408918427505527,0.0,True,False
BT474_BREAST,ACH-000927,breast cancer,48,B1,0.30841653290488413,0.28787368998782553,0.20018682374822225,0.0,True,False
BT549_BREAST,ACH-000288,breast cancer,48,B1,0.3168585261660064,0.17532744264554426,0.11866560621058825,0.0,True,False
CCFSTTG1_CENTRAL_NERVOUS_SYSTEM,ACH-000329,brain cancer,48,B1,0.3233875681868703,0.15925506204746925,0.11597850381508922,0.0,True,False
DKMG_CENTRAL_NERVOUS_SYSTEM,ACH-000244,brain cancer,48,B1,0.3897937860873968,0.3410848539869569,0.23181379384643214,0.0,True,False
IALM_LUNG,ACH-000672,lung cancer,48,B1,0.41546554032245914,0.33250246554229834,0.24939951476379218,0.0,True,False
LS1034_LARGE_INTESTINE,ACH-000252,colon/colorectal cancer,48,B1,0.5461419181815728,0.30416475978252117,0.2230616639894308,0.0,True,False
NCIH226_LUNG,ACH-000367,lung cancer,48,B1,0.29656650290424547,0.25408428634738217,0.2009478080049438,0.0,True,False
RCM1_LARGE_INTESTINE,ACH-000565,colon/colorectal cancer,48,B1,0.41215631073729275,0.4129648456872581,0.283028091002235,0.0,True,False
RERFLCAD1_LUNG,ACH-000791,lung cancer,48,B1,0.36063327683453705,0.36202107945211337,0.24372057684589363,0.0,True,False
SH10TC_STOMACH,ACH-000764,gastric cancer,48,B1,0.2418815615185339,0.3760665480419111,0.23254884781725144,0.0,True,False
SKMEL2_SKIN,ACH-001190,skin cancer,48,B1,0.4161497221191287,0.34357426436030614,0.23657451919143963,0.0,True,False
SKMEL3_SKIN,ACH-000423,skin cancer,48,B1,0.39366469215718164,0.2634632809518164,0.16674953533484907,0.0,True,False
SNU1079_BILIARY_TRACT,ACH-000209,bile duct cancer,48,B1,0.39857476775788564,0.2254442423990675,0.14829293757719442,0.0,True,False
SQ1_LUNG,ACH-000553,lung cancer,48,B1,0.2985649605572995,0.430844805299757,0.31150001777733966,0.0,True,False
UMUC1_URINARY_TRACT,ACH-000834,bladder cancer,48,B1,0.38419363066758555,0.44757050461929976,0.2689984227247573,0.0,True,False
BICR31_UPPER_AERODIGESTIVE_TRACT,ACH-000228,head and neck cancer,48,B4_FIXED_D20_A100,0.37832029806381423,0.4289015506978859,0.2953531581993756,0.0033386860049424705,True,False
BICR6_UPPER_AERODIGESTIVE_TRACT,ACH-000415,head and neck cancer,48,B4_FIXED_D20_A100,0.48496518887810763,0.43887919804709624,0.3116900630261481,0.006580034640749632,True,False
BT474_BREAST,ACH-000927,breast cancer,48,B4_FIXED_D20_A100,0.31038346975698733,0.2759493780151398,0.18765376035711373,-0.001966936852103196,True,False
BT549_BREAST,ACH-000288,breast cancer,48,B4_FIXED_D20_A100,0.3140252210059971,0.1846816090291414,0.12825478766224963,0.0028333051600092918,True,False
CCFSTTG1_CENTRAL_NERVOUS_SYSTEM,ACH-000329,brain cancer,48,B4_FIXED_D20_A100,0.32378313516674506,0.17455936990941207,0.127792000557268,-0.00039556697987475076,True,False
DKMG_CENTRAL_NERVOUS_SYSTEM,ACH-000244,brain cancer,48,B4_FIXED_D20_A100,0.3893486217078387,0.3467591666967211,0.23963694811730807,0.00044516437955810506,True,False
IALM_LUNG,ACH-000672,lung cancer,48,B4_FIXED_D20_A100,0.41020142372629037,0.36192079314184983,0.27538510635534524,0.005264116596168766,True,False
LS1034_LARGE_INTESTINE,ACH-000252,colon/colorectal cancer,48,B4_FIXED_D20_A100,0.5377704258154694,0.3453234940755846,0.24930668225667418,0.00837149236610335,True,False
NCIH226_LUNG,ACH-000367,lung cancer,48,B4_FIXED_D20_A100,0.29946837815589017,0.25184540675811085,0.18857605415370957,-0.0029018752516447033,True,False
RCM1_LARGE_INTESTINE,ACH-000565,colon/colorectal cancer,48,B4_FIXED_D20_A100,0.4038370756683574,0.45112941625463576,0.3098820937869534,0.008319235068935338,True,False
RERFLCAD1_LUNG,ACH-000791,lung cancer,48,B4_FIXED_D20_A100,0.35696116008708595,0.4016375455078958,0.2637087207551229,0.003672116747451104,True,False
SH10TC_STOMACH,ACH-000764,gastric cancer,48,B4_FIXED_D20_A100,0.23739510910781017,0.3991821092158548,0.2495102698468013,0.004486452410723735,True,False
SKMEL2_SKIN,ACH-001190,skin cancer,48,B4_FIXED_D20_A100,0.40781917592083816,0.39292160000693965,0.25848787825196884,0.008330546198290545,True,False
SKMEL3_SKIN,ACH-000423,skin cancer,48,B4_FIXED_D20_A100,0.38694164352639604,0.3316383903793078,0.19340908355360933,0.0067230486307856,True,False
SNU1079_BILIARY_TRACT,ACH-000209,bile duct cancer,48,B4_FIXED_D20_A100,0.3972978949815942,0.24068597652236493,0.15922592931317112,0.00127687277629146,True,False
SQ1_LUNG,ACH-000553,lung cancer,48,B4_FIXED_D20_A100,0.2914174893498204,0.48259770589102435,0.3443784521769978,0.00714747120747905,True,False
UMUC1_URINARY_TRACT,ACH-000834,bladder cancer,48,B4_FIXED_D20_A100,0.38044743695808203,0.46241715343655426,0.2693265574044773,0.0037461937095035203,True,False
BICR31_UPPER_AERODIGESTIVE_TRACT,ACH-000228,head and neck cancer,48,CCLR_FIXED_D20_R20_A100,0.378551831773652,0.428181180342425,0.2956629281305435,0.0031071522951047204,True,False
BICR6_UPPER_AERODIGESTIVE_TRACT,ACH-000415,head and neck cancer,48,CCLR_FIXED_D20_R20_A100,0.4855095343839456,0.4373738541510866,0.31077997754344155,0.006035689134911648,True,False
BT474_BREAST,ACH-000927,breast cancer,48,CCLR_FIXED_D20_R20_A100,0.3084706256434273,0.28005597223883205,0.19300165569870129,-5.4092738543176644e-05,True,False
BT549_BREAST,ACH-000288,breast cancer,48,CCLR_FIXED_D20_R20_A100,0.31390701292167655,0.177876546326603,0.12101072504988145,0.002951513244329851,True,False
CCFSTTG1_CENTRAL_NERVOUS_SYSTEM,ACH-000329,brain cancer,48,CCLR_FIXED_D20_R20_A100,0.32241175463942756,0.17355476671298334,0.12633827854347332,0.0009758135474427498,True,False
DKMG_CENTRAL_NERVOUS_SYSTEM,ACH-000244,brain cancer,48,CCLR_FIXED_D20_R20_A100,0.38794417964134,0.3538002864744438,0.24319300663090757,0.0018496064460568062,True,False
IALM_LUNG,ACH-000672,lung cancer,48,CCLR_FIXED_D20_R20_A100,0.4114023166081506,0.35403381175013554,0.2645212664135801,0.0040632237143085614,True,False
LS1034_LARGE_INTESTINE,ACH-000252,colon/colorectal cancer,48,CCLR_FIXED_D20_R20_A100,0.5386439930618285,0.34154044650548654,0.24540956950939813,0.007497925119744231,True,False
NCIH226_LUNG,ACH-000367,lung cancer,48,CCLR_FIXED_D20_R20_A100,0.2990430562534176,0.2442291195092171,0.18859225103150418,-0.002476553349172128,True,False
RCM1_LARGE_INTESTINE,ACH-000565,colon/colorectal cancer,48,CCLR_FIXED_D20_R20_A100,0.40461334447041714,0.4482062612719768,0.30580352712129544,0.007542966266875617,True,False
RERFLCAD1_LUNG,ACH-000791,lung cancer,48,CCLR_FIXED_D20_R20_A100,0.3569350590917352,0.40025741393614633,0.2665216133030471,0.003698217742801879,True,False
SH10TC_STOMACH,ACH-000764,gastric cancer,48,CCLR_FIXED_D20_R20_A100,0.23793479060852063,0.39407524421469137,0.24960072515479328,0.003946770910013275,True,False
SKMEL2_SKIN,ACH-001190,skin cancer,48,CCLR_FIXED_D20_R20_A100,0.4084219950908668,0.38985682950717315,0.2582275297737389,0.00772772702826191,True,False
SKMEL3_SKIN,ACH-000423,skin cancer,48,CCLR_FIXED_D20_R20_A100,0.38940384798393546,0.31841782772874283,0.18581567342850974,0.004260844173246181,True,False
SNU1079_BILIARY_TRACT,ACH-000209,bile duct cancer,48,CCLR_FIXED_D20_R20_A100,0.39785454043266577,0.235043548774949,0.15544326997047353,0.0007202273252198688,True,False
SQ1_LUNG,ACH-000553,lung cancer,48,CCLR_FIXED_D20_R20_A100,0.2920052066369668,0.4783748309160733,0.34282526435538385,0.0065597539203327004,True,False
UMUC1_URINARY_TRACT,ACH-000834,bladder cancer,48,CCLR_FIXED_D20_R20_A100,0.3805138034330909,0.46207441342420413,0.26903287599718156,0.0036798272344946703,True,False
