cell_line,depmap_id,disease,time_hours,response_rms,rmse_to_time_mean
BICR6_UPPER_AERODIGESTIVE_TRACT,ACH-000415,head and neck cancer,3,0.3748656085222023,0.3595720449861859
BICR6_UPPER_AERODIGESTIVE_TRACT,ACH-000415,head and neck cancer,6,0.4644445556004976,0.44125274444241513
BICR6_UPPER_AERODIGESTIVE_TRACT,ACH-000415,head and neck cancer,12,0.4035460530173119,0.3721491847048953
BICR6_UPPER_AERODIGESTIVE_TRACT,ACH-000415,head and neck cancer,24,0.46247716591102134,0.40120120215201444
BICR6_UPPER_AERODIGESTIVE_TRACT,ACH-000415,head and neck cancer,48,0.5337746468820509,0.4457406952998248
BICR31_UPPER_AERODIGESTIVE_TRACT,ACH-000228,head and neck cancer,3,0.30841697015133873,0.29273416255186435
BICR31_UPPER_AERODIGESTIVE_TRACT,ACH-000228,head and neck cancer,6,0.33663679155929566,0.318199131786673
BICR31_UPPER_AERODIGESTIVE_TRACT,ACH-000228,head and neck cancer,12,0.38365585521103757,0.3602137513096896
BICR31_UPPER_AERODIGESTIVE_TRACT,ACH-000228,head and neck cancer,24,0.35188308723803313,0.31007577388623203
BICR31_UPPER_AERODIGESTIVE_TRACT,ACH-000228,head and neck cancer,48,0.4157179877055018,0.3392907183077428
BT474_BREAST,ACH-000927,breast cancer,3,0.354778866747043,0.3453469436019915
BT474_BREAST,ACH-000927,breast cancer,6,0.34451353196899565,0.33095373398771755
BT474_BREAST,ACH-000927,breast cancer,12,0.44277084458743304,0.4287784558139265
BT474_BREAST,ACH-000927,breast cancer,24,0.3434993458969449,0.3369890379744567
BT474_BREAST,ACH-000927,breast cancer,48,0.3137987747149659,0.2825181047163026
BT549_BREAST,ACH-000288,breast cancer,3,0.3860554045182003,0.36867334702950405
BT549_BREAST,ACH-000288,breast cancer,6,0.410733008067796,0.39561647459894395
BT549_BREAST,ACH-000288,breast cancer,12,0.4044649901338092,0.39005205947617755
BT549_BREAST,ACH-000288,breast cancer,24,0.3259660713731291,0.3283838732772801
BT549_BREAST,ACH-000288,breast cancer,48,0.3013634376754466,0.2993410451827226
CAOV3_OVARY,ACH-000713,ovarian cancer,3,0.3354961501252862,0.32151336765161864
CAOV3_OVARY,ACH-000713,ovarian cancer,6,0.3362040964955341,0.32454893294236853
CAOV3_OVARY,ACH-000713,ovarian cancer,12,0.3314066507074505,0.3146693964466236
CAOV3_OVARY,ACH-000713,ovarian cancer,24,0.3129677292301705,0.3030574930542878
CAOV3_OVARY,ACH-000713,ovarian cancer,48,0.3129039784866214,0.306143329002682
CCFSTTG1_CENTRAL_NERVOUS_SYSTEM,ACH-000329,brain cancer,3,0.41574975887429083,0.39998618023487964
CCFSTTG1_CENTRAL_NERVOUS_SYSTEM,ACH-000329,brain cancer,6,0.39900709371236925,0.3833635131087414
CCFSTTG1_CENTRAL_NERVOUS_SYSTEM,ACH-000329,brain cancer,12,0.42795610969982656,0.4106235616974118
CCFSTTG1_CENTRAL_NERVOUS_SYSTEM,ACH-000329,brain cancer,24,0.33705352236028197,0.3425981391800537
CCFSTTG1_CENTRAL_NERVOUS_SYSTEM,ACH-000329,brain cancer,48,0.30536998385420705,0.3098199494056082
COLO680N_OESOPHAGUS,ACH-000717,esophageal cancer,3,0.2124397079667963,0.20742160758398537
COLO680N_OESOPHAGUS,ACH-000717,esophageal cancer,6,0.2074729390030131,0.2028735186766011
COLO680N_OESOPHAGUS,ACH-000717,esophageal cancer,12,0.21908005103029873,0.20558928305015467
COLO680N_OESOPHAGUS,ACH-000717,esophageal cancer,24,0.23280304298837615,0.20614871844770893
COLO680N_OESOPHAGUS,ACH-000717,esophageal cancer,48,0.2372813674692822,0.20460955717340895
DKMG_CENTRAL_NERVOUS_SYSTEM,ACH-000244,brain cancer,3,0.3781743674442147,0.3603719710543628
DKMG_CENTRAL_NERVOUS_SYSTEM,ACH-000244,brain cancer,6,0.4318618963946747,0.4099171314519453
DKMG_CENTRAL_NERVOUS_SYSTEM,ACH-000244,brain cancer,12,0.47753075913090676,0.4424521381080958
DKMG_CENTRAL_NERVOUS_SYSTEM,ACH-000244,brain cancer,24,0.45108188831521534,0.3928430022861501
DKMG_CENTRAL_NERVOUS_SYSTEM,ACH-000244,brain cancer,48,0.41642039185241403,0.3553378418066269
IALM_LUNG,ACH-000672,lung cancer,3,0.46678895816443716,0.4512518018488886
IALM_LUNG,ACH-000672,lung cancer,6,0.6214842330848487,0.5958868523997476
IALM_LUNG,ACH-000672,lung cancer,12,0.4511607535516189,0.43129736806553626
IALM_LUNG,ACH-000672,lung cancer,24,0.4194765012834767,0.3742753061505049
IALM_LUNG,ACH-000672,lung cancer,48,0.436486028696062,0.3755374337826834
LNCAPCLONEFGC_PROSTATE,ACH-000977,prostate cancer,3,0.4663785974487312,0.45615185841206024
LNCAPCLONEFGC_PROSTATE,ACH-000977,prostate cancer,6,0.4339727413537184,0.4280299712807405
LNCAPCLONEFGC_PROSTATE,ACH-000977,prostate cancer,12,0.41675673558273835,0.4132854233272064
LNCAPCLONEFGC_PROSTATE,ACH-000977,prostate cancer,24,0.4185474244105662,0.42445477829491013
LNCAPCLONEFGC_PROSTATE,ACH-000977,prostate cancer,48,0.31889752089972945,0.3548616586376158
LS1034_LARGE_INTESTINE,ACH-000252,colon/colorectal cancer,3,0.4317916065222276,0.4086230477453651
LS1034_LARGE_INTESTINE,ACH-000252,colon/colorectal cancer,6,0.45536883506784775,0.4258421417810269
LS1034_LARGE_INTESTINE,ACH-000252,colon/colorectal cancer,12,0.5585316369327861,0.5209009789357003
LS1034_LARGE_INTESTINE,ACH-000252,colon/colorectal cancer,24,0.5113348403532649,0.4461688371051229
LS1034_LARGE_INTESTINE,ACH-000252,colon/colorectal cancer,48,0.5751098382204907,0.5103445834077384
NCIH226_LUNG,ACH-000367,lung cancer,3,0.28733742607631535,0.28095052731815484
NCIH226_LUNG,ACH-000367,lung cancer,6,0.3291497953899221,0.32069888985292416
NCIH226_LUNG,ACH-000367,lung cancer,12,0.318135107329373,0.3137484578326553
NCIH226_LUNG,ACH-000367,lung cancer,24,0.29694879848463546,0.2815387801413713
NCIH226_LUNG,ACH-000367,lung cancer,48,0.2934260281865822,0.2793999681063642
RCC10RGB_KIDNEY,ACH-000189,kidney cancer,3,0.24684493116903927,0.24283458259773866
RCC10RGB_KIDNEY,ACH-000189,kidney cancer,6,0.2532275697809833,0.24468933488615696
RCC10RGB_KIDNEY,ACH-000189,kidney cancer,12,0.2852505697529271,0.26950948860310425
RCC10RGB_KIDNEY,ACH-000189,kidney cancer,24,0.31711590252406485,0.26283948154870024
RCC10RGB_KIDNEY,ACH-000189,kidney cancer,48,0.2992694143222791,0.2404845474756027
RCM1_LARGE_INTESTINE,ACH-000565,colon/colorectal cancer,3,0.24203635813549204,0.2310628328490752
RCM1_LARGE_INTESTINE,ACH-000565,colon/colorectal cancer,6,0.27821370195930506,0.2592477180273278
RCM1_LARGE_INTESTINE,ACH-000565,colon/colorectal cancer,12,0.3127840896150293,0.279697351463972
RCM1_LARGE_INTESTINE,ACH-000565,colon/colorectal cancer,24,0.394825285650666,0.3264325028984366
RCM1_LARGE_INTESTINE,ACH-000565,colon/colorectal cancer,48,0.4509581325225649,0.3712728963402315
RERFLCAD1_LUNG,ACH-000791,lung cancer,3,0.3787178128553462,0.35677224825140946
RERFLCAD1_LUNG,ACH-000791,lung cancer,6,0.40450665136137176,0.3769705215866368
RERFLCAD1_LUNG,ACH-000791,lung cancer,12,0.40558462207663437,0.3715813220848568
RERFLCAD1_LUNG,ACH-000791,lung cancer,24,0.3884619704293687,0.33752727551668443
RERFLCAD1_LUNG,ACH-000791,lung cancer,48,0.38444921017031236,0.3255614293333446
SH10TC_STOMACH,ACH-000764,gastric cancer,3,0.2568465593807755,0.25207634981343663
SH10TC_STOMACH,ACH-000764,gastric cancer,6,0.2729354215690914,0.2641540491201474
SH10TC_STOMACH,ACH-000764,gastric cancer,12,0.2507358301739173,0.24141317350522948
SH10TC_STOMACH,ACH-000764,gastric cancer,24,0.24328190476145223,0.22719123238659922
SH10TC_STOMACH,ACH-000764,gastric cancer,48,0.24326221735804243,0.22273726546079034
SKMEL2_SKIN,ACH-001190,skin cancer,3,0.28885959684740764,0.2783064571462397
SKMEL2_SKIN,ACH-001190,skin cancer,6,0.3099414885298016,0.28992176008956627
SKMEL2_SKIN,ACH-001190,skin cancer,12,0.35176185354593437,0.32102930220014625
SKMEL2_SKIN,ACH-001190,skin cancer,24,0.3855522035084103,0.328986280853842
SKMEL2_SKIN,ACH-001190,skin cancer,48,0.4448530798826671,0.3887221211995711
SKMEL3_SKIN,ACH-000423,skin cancer,3,0.3673436733791507,0.3550224955969421
SKMEL3_SKIN,ACH-000423,skin cancer,6,0.3653748283463938,0.35167434254760466
SKMEL3_SKIN,ACH-000423,skin cancer,12,0.3712244930085662,0.35919046343967836
SKMEL3_SKIN,ACH-000423,skin cancer,24,0.3688244610229174,0.3432874996712976
SKMEL3_SKIN,ACH-000423,skin cancer,48,0.40630617797717555,0.3667814217622784
SNU1079_BILIARY_TRACT,ACH-000209,bile duct cancer,3,0.47221333792718184,0.4513480677793659
SNU1079_BILIARY_TRACT,ACH-000209,bile duct cancer,6,0.5284622236369503,0.500381006943072
SNU1079_BILIARY_TRACT,ACH-000209,bile duct cancer,12,0.4532652758106532,0.42551370944536504
SNU1079_BILIARY_TRACT,ACH-000209,bile duct cancer,24,0.4871795184126212,0.434307989147255
SNU1079_BILIARY_TRACT,ACH-000209,bile duct cancer,48,0.4006257048985723,0.36835127495397824
SQ1_LUNG,ACH-000553,lung cancer,3,0.26289303592214924,0.25138871752759684
SQ1_LUNG,ACH-000553,lung cancer,6,0.2751048171310462,0.2632606908398515
SQ1_LUNG,ACH-000553,lung cancer,12,0.2945333762955552,0.27289907505924416
SQ1_LUNG,ACH-000553,lung cancer,24,0.27777354842610597,0.24779454715827903
SQ1_LUNG,ACH-000553,lung cancer,48,0.3265617092329308,0.26083761722857074
TEN_ENDOMETRIUM,ACH-000397,endometrial/uterine cancer,3,0.2906626581858026,0.28324171635018247
TEN_ENDOMETRIUM,ACH-000397,endometrial/uterine cancer,6,0.2667165051904833,0.2623646613912003
TEN_ENDOMETRIUM,ACH-000397,endometrial/uterine cancer,12,0.273808691669211,0.26545279293369345
TEN_ENDOMETRIUM,ACH-000397,endometrial/uterine cancer,24,0.28709962168612974,0.284184728863873
TEN_ENDOMETRIUM,ACH-000397,endometrial/uterine cancer,48,0.2342240324925831,0.24211367425907776
UMUC1_URINARY_TRACT,ACH-000834,bladder cancer,3,0.23705666424917826,0.22417633051701621
UMUC1_URINARY_TRACT,ACH-000834,bladder cancer,6,0.26121753931754155,0.242951517412049
UMUC1_URINARY_TRACT,ACH-000834,bladder cancer,12,0.3081068252727575,0.27993936735874236
UMUC1_URINARY_TRACT,ACH-000834,bladder cancer,24,0.32291706060810016,0.26492850812253044
UMUC1_URINARY_TRACT,ACH-000834,bladder cancer,48,0.42516948193655874,0.33128946319374847
