cell_line,depmap_id,disease,time_hours,pathway,mapped_genes,mean_delta_log1p_cpm
BICR6_UPPER_AERODIGESTIVE_TRACT,ACH-000415,head and neck cancer,3,MAPK_KRAS_signaling,386,-0.0655065007469197
BICR6_UPPER_AERODIGESTIVE_TRACT,ACH-000415,head and neck cancer,6,MAPK_KRAS_signaling,386,0.07426293603496847
BICR6_UPPER_AERODIGESTIVE_TRACT,ACH-000415,head and neck cancer,12,MAPK_KRAS_signaling,386,0.05274943659960297
BICR6_UPPER_AERODIGESTIVE_TRACT,ACH-000415,head and neck cancer,24,MAPK_KRAS_signaling,386,0.2139035660985838
BICR6_UPPER_AERODIGESTIVE_TRACT,ACH-000415,head and neck cancer,48,MAPK_KRAS_signaling,386,0.16312038072341464
BICR31_UPPER_AERODIGESTIVE_TRACT,ACH-000228,head and neck cancer,3,MAPK_KRAS_signaling,386,-0.015611796953517538
BICR31_UPPER_AERODIGESTIVE_TRACT,ACH-000228,head and neck cancer,6,MAPK_KRAS_signaling,386,-0.06264691456303077
BICR31_UPPER_AERODIGESTIVE_TRACT,ACH-000228,head and neck cancer,12,MAPK_KRAS_signaling,386,0.004040212211213581
BICR31_UPPER_AERODIGESTIVE_TRACT,ACH-000228,head and neck cancer,24,MAPK_KRAS_signaling,386,-0.023991929666365985
BICR31_UPPER_AERODIGESTIVE_TRACT,ACH-000228,head and neck cancer,48,MAPK_KRAS_signaling,386,0.022468338358587553
BT474_BREAST,ACH-000927,breast cancer,3,MAPK_KRAS_signaling,386,-0.03547507864205948
BT474_BREAST,ACH-000927,breast cancer,6,MAPK_KRAS_signaling,386,-0.0036639558836586116
BT474_BREAST,ACH-000927,breast cancer,12,MAPK_KRAS_signaling,386,-0.025620872492617276
BT474_BREAST,ACH-000927,breast cancer,24,MAPK_KRAS_signaling,386,-0.03256917802781021
BT474_BREAST,ACH-000927,breast cancer,48,MAPK_KRAS_signaling,386,-0.014193264545554325
BT549_BREAST,ACH-000288,breast cancer,3,MAPK_KRAS_signaling,386,-0.08877688553666821
BT549_BREAST,ACH-000288,breast cancer,6,MAPK_KRAS_signaling,386,-0.06832976183743057
BT549_BREAST,ACH-000288,breast cancer,12,MAPK_KRAS_signaling,386,-0.04944824678292546
BT549_BREAST,ACH-000288,breast cancer,24,MAPK_KRAS_signaling,386,-0.013372137138880595
BT549_BREAST,ACH-000288,breast cancer,48,MAPK_KRAS_signaling,386,-0.023097678941766214
CAOV3_OVARY,ACH-000713,ovarian cancer,3,MAPK_KRAS_signaling,386,-0.05593380579058988
CAOV3_OVARY,ACH-000713,ovarian cancer,6,MAPK_KRAS_signaling,386,-0.07647863648098367
CAOV3_OVARY,ACH-000713,ovarian cancer,12,MAPK_KRAS_signaling,386,-0.01827386423096138
CAOV3_OVARY,ACH-000713,ovarian cancer,24,MAPK_KRAS_signaling,386,-0.0709763036490722
CAOV3_OVARY,ACH-000713,ovarian cancer,48,MAPK_KRAS_signaling,386,-0.00959585468077289
CCFSTTG1_CENTRAL_NERVOUS_SYSTEM,ACH-000329,brain cancer,3,MAPK_KRAS_signaling,386,-0.04014245602133361
CCFSTTG1_CENTRAL_NERVOUS_SYSTEM,ACH-000329,brain cancer,6,MAPK_KRAS_signaling,386,0.05064747833835029
CCFSTTG1_CENTRAL_NERVOUS_SYSTEM,ACH-000329,brain cancer,12,MAPK_KRAS_signaling,386,-0.034661881046591646
CCFSTTG1_CENTRAL_NERVOUS_SYSTEM,ACH-000329,brain cancer,24,MAPK_KRAS_signaling,386,-0.019624620212792116
CCFSTTG1_CENTRAL_NERVOUS_SYSTEM,ACH-000329,brain cancer,48,MAPK_KRAS_signaling,386,-0.0750709193821398
COLO680N_OESOPHAGUS,ACH-000717,esophageal cancer,3,MAPK_KRAS_signaling,386,-0.030975208690129413
COLO680N_OESOPHAGUS,ACH-000717,esophageal cancer,6,MAPK_KRAS_signaling,386,-0.019472331426304237
COLO680N_OESOPHAGUS,ACH-000717,esophageal cancer,12,MAPK_KRAS_signaling,386,-0.04048036556169777
COLO680N_OESOPHAGUS,ACH-000717,esophageal cancer,24,MAPK_KRAS_signaling,386,0.023318236973619216
COLO680N_OESOPHAGUS,ACH-000717,esophageal cancer,48,MAPK_KRAS_signaling,386,0.02455968066200691
DKMG_CENTRAL_NERVOUS_SYSTEM,ACH-000244,brain cancer,3,MAPK_KRAS_signaling,386,-0.04111360577104005
DKMG_CENTRAL_NERVOUS_SYSTEM,ACH-000244,brain cancer,6,MAPK_KRAS_signaling,386,-0.037550772409982634
DKMG_CENTRAL_NERVOUS_SYSTEM,ACH-000244,brain cancer,12,MAPK_KRAS_signaling,386,-0.04624517099844977
DKMG_CENTRAL_NERVOUS_SYSTEM,ACH-000244,brain cancer,24,MAPK_KRAS_signaling,386,-0.0015737360314384025
DKMG_CENTRAL_NERVOUS_SYSTEM,ACH-000244,brain cancer,48,MAPK_KRAS_signaling,386,-0.0544875537484421
IALM_LUNG,ACH-000672,lung cancer,3,MAPK_KRAS_signaling,386,-0.0033053865395679376
IALM_LUNG,ACH-000672,lung cancer,6,MAPK_KRAS_signaling,386,-0.1276208511288302
IALM_LUNG,ACH-000672,lung cancer,12,MAPK_KRAS_signaling,386,-0.09424526039800496
IALM_LUNG,ACH-000672,lung cancer,24,MAPK_KRAS_signaling,386,-0.050571863206557044
IALM_LUNG,ACH-000672,lung cancer,48,MAPK_KRAS_signaling,386,0.03642848828913634
LNCAPCLONEFGC_PROSTATE,ACH-000977,prostate cancer,3,MAPK_KRAS_signaling,386,-0.11937801424085785
LNCAPCLONEFGC_PROSTATE,ACH-000977,prostate cancer,6,MAPK_KRAS_signaling,386,-0.004893604183444087
LNCAPCLONEFGC_PROSTATE,ACH-000977,prostate cancer,12,MAPK_KRAS_signaling,386,0.07861216729169065
LNCAPCLONEFGC_PROSTATE,ACH-000977,prostate cancer,24,MAPK_KRAS_signaling,386,0.053236208740293674
LNCAPCLONEFGC_PROSTATE,ACH-000977,prostate cancer,48,MAPK_KRAS_signaling,386,-0.01939493108907512
LS1034_LARGE_INTESTINE,ACH-000252,colon/colorectal cancer,3,MAPK_KRAS_signaling,386,-0.05292038812538503
LS1034_LARGE_INTESTINE,ACH-000252,colon/colorectal cancer,6,MAPK_KRAS_signaling,386,0.02173872593153326
LS1034_LARGE_INTESTINE,ACH-000252,colon/colorectal cancer,12,MAPK_KRAS_signaling,386,0.07143250926170942
LS1034_LARGE_INTESTINE,ACH-000252,colon/colorectal cancer,24,MAPK_KRAS_signaling,386,0.07575322401955956
LS1034_LARGE_INTESTINE,ACH-000252,colon/colorectal cancer,48,MAPK_KRAS_signaling,386,-0.0037639323293853916
NCIH226_LUNG,ACH-000367,lung cancer,3,MAPK_KRAS_signaling,386,-0.06453834999101768
NCIH226_LUNG,ACH-000367,lung cancer,6,MAPK_KRAS_signaling,386,-0.024270324972627075
NCIH226_LUNG,ACH-000367,lung cancer,12,MAPK_KRAS_signaling,386,0.009159081263245696
NCIH226_LUNG,ACH-000367,lung cancer,24,MAPK_KRAS_signaling,386,0.03052466443783261
NCIH226_LUNG,ACH-000367,lung cancer,48,MAPK_KRAS_signaling,386,0.03459554624989861
RCC10RGB_KIDNEY,ACH-000189,kidney cancer,3,MAPK_KRAS_signaling,386,-0.006148195637322461
RCC10RGB_KIDNEY,ACH-000189,kidney cancer,6,MAPK_KRAS_signaling,386,-0.03359871739859408
RCC10RGB_KIDNEY,ACH-000189,kidney cancer,12,MAPK_KRAS_signaling,386,0.0027972133974954873
RCC10RGB_KIDNEY,ACH-000189,kidney cancer,24,MAPK_KRAS_signaling,386,0.006308150569391992
RCC10RGB_KIDNEY,ACH-000189,kidney cancer,48,MAPK_KRAS_signaling,386,0.06425968692710363
RCM1_LARGE_INTESTINE,ACH-000565,colon/colorectal cancer,3,MAPK_KRAS_signaling,386,-0.05351309007313585
RCM1_LARGE_INTESTINE,ACH-000565,colon/colorectal cancer,6,MAPK_KRAS_signaling,386,-0.026278851717864912
RCM1_LARGE_INTESTINE,ACH-000565,colon/colorectal cancer,12,MAPK_KRAS_signaling,386,0.04311704450320703
RCM1_LARGE_INTESTINE,ACH-000565,colon/colorectal cancer,24,MAPK_KRAS_signaling,386,0.123307562708237
RCM1_LARGE_INTESTINE,ACH-000565,colon/colorectal cancer,48,MAPK_KRAS_signaling,386,0.07238994338042995
RERFLCAD1_LUNG,ACH-000791,lung cancer,3,MAPK_KRAS_signaling,386,-0.011281160029722619
RERFLCAD1_LUNG,ACH-000791,lung cancer,6,MAPK_KRAS_signaling,386,-0.04442460209594489
RERFLCAD1_LUNG,ACH-000791,lung cancer,12,MAPK_KRAS_signaling,386,-0.06388778606227025
RERFLCAD1_LUNG,ACH-000791,lung cancer,24,MAPK_KRAS_signaling,386,-0.1232368319917837
RERFLCAD1_LUNG,ACH-000791,lung cancer,48,MAPK_KRAS_signaling,386,-0.050884261186876445
SH10TC_STOMACH,ACH-000764,gastric cancer,3,MAPK_KRAS_signaling,386,0.007990008808788241
SH10TC_STOMACH,ACH-000764,gastric cancer,6,MAPK_KRAS_signaling,386,-0.04074086117620913
SH10TC_STOMACH,ACH-000764,gastric cancer,12,MAPK_KRAS_signaling,386,-0.03071987675261621
SH10TC_STOMACH,ACH-000764,gastric cancer,24,MAPK_KRAS_signaling,386,-0.04254110898687432
SH10TC_STOMACH,ACH-000764,gastric cancer,48,MAPK_KRAS_signaling,386,-0.025612017110839408
SKMEL2_SKIN,ACH-001190,skin cancer,3,MAPK_KRAS_signaling,386,-0.0495688756204022
SKMEL2_SKIN,ACH-001190,skin cancer,6,MAPK_KRAS_signaling,386,-0.12016324629437738
SKMEL2_SKIN,ACH-001190,skin cancer,12,MAPK_KRAS_signaling,386,-0.09272420444945598
SKMEL2_SKIN,ACH-001190,skin cancer,24,MAPK_KRAS_signaling,386,-0.09713459339166552
SKMEL2_SKIN,ACH-001190,skin cancer,48,MAPK_KRAS_signaling,386,-0.21410182813288633
SKMEL3_SKIN,ACH-000423,skin cancer,3,MAPK_KRAS_signaling,386,-0.018521729991843663
SKMEL3_SKIN,ACH-000423,skin cancer,6,MAPK_KRAS_signaling,386,-0.004635152112634688
SKMEL3_SKIN,ACH-000423,skin cancer,12,MAPK_KRAS_signaling,386,-0.053513702950947026
SKMEL3_SKIN,ACH-000423,skin cancer,24,MAPK_KRAS_signaling,386,-0.08488612208959352
SKMEL3_SKIN,ACH-000423,skin cancer,48,MAPK_KRAS_signaling,386,-0.07297003253753939
SNU1079_BILIARY_TRACT,ACH-000209,bile duct cancer,3,MAPK_KRAS_signaling,386,-0.07751831180691102
SNU1079_BILIARY_TRACT,ACH-000209,bile duct cancer,6,MAPK_KRAS_signaling,386,-0.05299217250063012
SNU1079_BILIARY_TRACT,ACH-000209,bile duct cancer,12,MAPK_KRAS_signaling,386,-0.02860224910968326
SNU1079_BILIARY_TRACT,ACH-000209,bile duct cancer,24,MAPK_KRAS_signaling,386,-0.01212811747980859
SNU1079_BILIARY_TRACT,ACH-000209,bile duct cancer,48,MAPK_KRAS_signaling,386,0.04244839836278728
SQ1_LUNG,ACH-000553,lung cancer,3,MAPK_KRAS_signaling,386,-0.050998963608642936
SQ1_LUNG,ACH-000553,lung cancer,6,MAPK_KRAS_signaling,386,-0.045714507140026193
SQ1_LUNG,ACH-000553,lung cancer,12,MAPK_KRAS_signaling,386,-0.004654144144428826
SQ1_LUNG,ACH-000553,lung cancer,24,MAPK_KRAS_signaling,386,0.030225477996885467
SQ1_LUNG,ACH-000553,lung cancer,48,MAPK_KRAS_signaling,386,0.08458801702514214
TEN_ENDOMETRIUM,ACH-000397,endometrial/uterine cancer,3,MAPK_KRAS_signaling,386,-0.03867053784854672
TEN_ENDOMETRIUM,ACH-000397,endometrial/uterine cancer,6,MAPK_KRAS_signaling,386,-0.034816924463281974
TEN_ENDOMETRIUM,ACH-000397,endometrial/uterine cancer,12,MAPK_KRAS_signaling,386,-0.06299383544551276
TEN_ENDOMETRIUM,ACH-000397,endometrial/uterine cancer,24,MAPK_KRAS_signaling,386,0.03736233394689511
TEN_ENDOMETRIUM,ACH-000397,endometrial/uterine cancer,48,MAPK_KRAS_signaling,386,0.0037866127846154524
UMUC1_URINARY_TRACT,ACH-000834,bladder cancer,3,MAPK_KRAS_signaling,386,-0.06735827322142111
UMUC1_URINARY_TRACT,ACH-000834,bladder cancer,6,MAPK_KRAS_signaling,386,-0.02426836960056285
UMUC1_URINARY_TRACT,ACH-000834,bladder cancer,12,MAPK_KRAS_signaling,386,-0.02542680610029191
UMUC1_URINARY_TRACT,ACH-000834,bladder cancer,24,MAPK_KRAS_signaling,386,-0.014453443992940873
UMUC1_URINARY_TRACT,ACH-000834,bladder cancer,48,MAPK_KRAS_signaling,386,0.0372631047982626
BICR6_UPPER_AERODIGESTIVE_TRACT,ACH-000415,head and neck cancer,3,E2F_targets,196,0.05324929374821332
BICR6_UPPER_AERODIGESTIVE_TRACT,ACH-000415,head and neck cancer,6,E2F_targets,196,-0.02913742041101261
BICR6_UPPER_AERODIGESTIVE_TRACT,ACH-000415,head and neck cancer,12,E2F_targets,196,-0.09149887944970812
BICR6_UPPER_AERODIGESTIVE_TRACT,ACH-000415,head and neck cancer,24,E2F_targets,196,-0.638469790925785
BICR6_UPPER_AERODIGESTIVE_TRACT,ACH-000415,head and neck cancer,48,E2F_targets,196,-0.9907234390171207
BICR31_UPPER_AERODIGESTIVE_TRACT,ACH-000228,head and neck cancer,3,E2F_targets,196,0.22312759623235587
BICR31_UPPER_AERODIGESTIVE_TRACT,ACH-000228,head and neck cancer,6,E2F_targets,196,0.04978421452094098
BICR31_UPPER_AERODIGESTIVE_TRACT,ACH-000228,head and neck cancer,12,E2F_targets,196,-0.053502871065723656
BICR31_UPPER_AERODIGESTIVE_TRACT,ACH-000228,head and neck cancer,24,E2F_targets,196,-0.5149197356433285
BICR31_UPPER_AERODIGESTIVE_TRACT,ACH-000228,head and neck cancer,48,E2F_targets,196,-0.776207939398532
BT474_BREAST,ACH-000927,breast cancer,3,E2F_targets,196,-0.16654070542783153
BT474_BREAST,ACH-000927,breast cancer,6,E2F_targets,196,-0.18580987775812344
BT474_BREAST,ACH-000927,breast cancer,12,E2F_targets,196,0.09833198147160667
BT474_BREAST,ACH-000927,breast cancer,24,E2F_targets,196,-0.15785330260286526
BT474_BREAST,ACH-000927,breast cancer,48,E2F_targets,196,-0.596486151370467
BT549_BREAST,ACH-000288,breast cancer,3,E2F_targets,196,0.0030068201678139822
BT549_BREAST,ACH-000288,breast cancer,6,E2F_targets,196,-0.006219589284488133
BT549_BREAST,ACH-000288,breast cancer,12,E2F_targets,196,-0.1627757442849023
BT549_BREAST,ACH-000288,breast cancer,24,E2F_targets,196,-0.08757836858228761
BT549_BREAST,ACH-000288,breast cancer,48,E2F_targets,196,-0.12872492719669731
CAOV3_OVARY,ACH-000713,ovarian cancer,3,E2F_targets,196,0.009817335374501288
CAOV3_OVARY,ACH-000713,ovarian cancer,6,E2F_targets,196,0.09979552608363483
CAOV3_OVARY,ACH-000713,ovarian cancer,12,E2F_targets,196,0.017252076341181387
CAOV3_OVARY,ACH-000713,ovarian cancer,24,E2F_targets,196,-0.08315888564197385
CAOV3_OVARY,ACH-000713,ovarian cancer,48,E2F_targets,196,-0.015741991753480872
CCFSTTG1_CENTRAL_NERVOUS_SYSTEM,ACH-000329,brain cancer,3,E2F_targets,196,-0.016667262632019664
CCFSTTG1_CENTRAL_NERVOUS_SYSTEM,ACH-000329,brain cancer,6,E2F_targets,196,-0.02202540027851961
CCFSTTG1_CENTRAL_NERVOUS_SYSTEM,ACH-000329,brain cancer,12,E2F_targets,196,-0.19045535642273573
CCFSTTG1_CENTRAL_NERVOUS_SYSTEM,ACH-000329,brain cancer,24,E2F_targets,196,0.03387659788131714
CCFSTTG1_CENTRAL_NERVOUS_SYSTEM,ACH-000329,brain cancer,48,E2F_targets,196,-0.09574213213458353
COLO680N_OESOPHAGUS,ACH-000717,esophageal cancer,3,E2F_targets,196,0.12221051615719893
COLO680N_OESOPHAGUS,ACH-000717,esophageal cancer,6,E2F_targets,196,0.04616114542800553
COLO680N_OESOPHAGUS,ACH-000717,esophageal cancer,12,E2F_targets,196,-0.05332949848807588
COLO680N_OESOPHAGUS,ACH-000717,esophageal cancer,24,E2F_targets,196,-0.23613797067379466
COLO680N_OESOPHAGUS,ACH-000717,esophageal cancer,48,E2F_targets,196,-0.2700459523772707
DKMG_CENTRAL_NERVOUS_SYSTEM,ACH-000244,brain cancer,3,E2F_targets,196,0.20650312730244227
DKMG_CENTRAL_NERVOUS_SYSTEM,ACH-000244,brain cancer,6,E2F_targets,196,0.2225505776551305
DKMG_CENTRAL_NERVOUS_SYSTEM,ACH-000244,brain cancer,12,E2F_targets,196,-0.5234801690189206
DKMG_CENTRAL_NERVOUS_SYSTEM,ACH-000244,brain cancer,24,E2F_targets,196,-1.0744251158772682
DKMG_CENTRAL_NERVOUS_SYSTEM,ACH-000244,brain cancer,48,E2F_targets,196,-1.0728819862920411
IALM_LUNG,ACH-000672,lung cancer,3,E2F_targets,196,-0.17164846312026588
IALM_LUNG,ACH-000672,lung cancer,6,E2F_targets,196,-0.07529047922212251
IALM_LUNG,ACH-000672,lung cancer,12,E2F_targets,196,-0.09034733930412604
IALM_LUNG,ACH-000672,lung cancer,24,E2F_targets,196,-0.6117653463568006
IALM_LUNG,ACH-000672,lung cancer,48,E2F_targets,196,-0.7131447159514135
LNCAPCLONEFGC_PROSTATE,ACH-000977,prostate cancer,3,E2F_targets,196,-0.0016665610731864463
LNCAPCLONEFGC_PROSTATE,ACH-000977,prostate cancer,6,E2F_targets,196,0.21070981785959128
LNCAPCLONEFGC_PROSTATE,ACH-000977,prostate cancer,12,E2F_targets,196,0.10383539631658671
LNCAPCLONEFGC_PROSTATE,ACH-000977,prostate cancer,24,E2F_targets,196,0.05450203984367604
LNCAPCLONEFGC_PROSTATE,ACH-000977,prostate cancer,48,E2F_targets,196,0.07541894973540793
LS1034_LARGE_INTESTINE,ACH-000252,colon/colorectal cancer,3,E2F_targets,196,0.05615710543126476
LS1034_LARGE_INTESTINE,ACH-000252,colon/colorectal cancer,6,E2F_targets,196,-0.2541028717342688
LS1034_LARGE_INTESTINE,ACH-000252,colon/colorectal cancer,12,E2F_targets,196,-0.6814198919704982
LS1034_LARGE_INTESTINE,ACH-000252,colon/colorectal cancer,24,E2F_targets,196,-1.206723387448155
LS1034_LARGE_INTESTINE,ACH-000252,colon/colorectal cancer,48,E2F_targets,196,-1.135986651997177
NCIH226_LUNG,ACH-000367,lung cancer,3,E2F_targets,196,0.08224724217945216
NCIH226_LUNG,ACH-000367,lung cancer,6,E2F_targets,196,-0.03358951150154581
NCIH226_LUNG,ACH-000367,lung cancer,12,E2F_targets,196,0.014134954585104572
NCIH226_LUNG,ACH-000367,lung cancer,24,E2F_targets,196,-0.27406276975359234
NCIH226_LUNG,ACH-000367,lung cancer,48,E2F_targets,196,-0.19751868290560587
RCC10RGB_KIDNEY,ACH-000189,kidney cancer,3,E2F_targets,196,-0.09577744226066434
RCC10RGB_KIDNEY,ACH-000189,kidney cancer,6,E2F_targets,196,-0.21374594937173688
RCC10RGB_KIDNEY,ACH-000189,kidney cancer,12,E2F_targets,196,-0.07643788916115858
RCC10RGB_KIDNEY,ACH-000189,kidney cancer,24,E2F_targets,196,-0.7331031089534565
RCC10RGB_KIDNEY,ACH-000189,kidney cancer,48,E2F_targets,196,-0.5085977825279139
RCM1_LARGE_INTESTINE,ACH-000565,colon/colorectal cancer,3,E2F_targets,196,0.023825304392649203
RCM1_LARGE_INTESTINE,ACH-000565,colon/colorectal cancer,6,E2F_targets,196,-0.06287473014422826
RCM1_LARGE_INTESTINE,ACH-000565,colon/colorectal cancer,12,E2F_targets,196,-0.27655327441741007
RCM1_LARGE_INTESTINE,ACH-000565,colon/colorectal cancer,24,E2F_targets,196,-0.9628093251768424
RCM1_LARGE_INTESTINE,ACH-000565,colon/colorectal cancer,48,E2F_targets,196,-1.1717368709493656
RERFLCAD1_LUNG,ACH-000791,lung cancer,3,E2F_targets,196,0.14854725860819526
RERFLCAD1_LUNG,ACH-000791,lung cancer,6,E2F_targets,196,0.02472006149437963
RERFLCAD1_LUNG,ACH-000791,lung cancer,12,E2F_targets,196,-0.12465021379139958
RERFLCAD1_LUNG,ACH-000791,lung cancer,24,E2F_targets,196,-0.4727506956883839
RERFLCAD1_LUNG,ACH-000791,lung cancer,48,E2F_targets,196,-0.4942299395191426
SH10TC_STOMACH,ACH-000764,gastric cancer,3,E2F_targets,196,0.033846729263967396
SH10TC_STOMACH,ACH-000764,gastric cancer,6,E2F_targets,196,0.027147974286760603
SH10TC_STOMACH,ACH-000764,gastric cancer,12,E2F_targets,196,0.047729543581300854
SH10TC_STOMACH,ACH-000764,gastric cancer,24,E2F_targets,196,-0.14750860661876444
SH10TC_STOMACH,ACH-000764,gastric cancer,48,E2F_targets,196,-0.14697967636950163
SKMEL2_SKIN,ACH-001190,skin cancer,3,E2F_targets,196,-0.08147745655507457
SKMEL2_SKIN,ACH-001190,skin cancer,6,E2F_targets,196,-0.08933456135647637
SKMEL2_SKIN,ACH-001190,skin cancer,12,E2F_targets,196,-0.23392929592911077
SKMEL2_SKIN,ACH-001190,skin cancer,24,E2F_targets,196,-0.5995985357737055
SKMEL2_SKIN,ACH-001190,skin cancer,48,E2F_targets,196,-0.634248644417646
SKMEL3_SKIN,ACH-000423,skin cancer,3,E2F_targets,196,0.04432700422345376
SKMEL3_SKIN,ACH-000423,skin cancer,6,E2F_targets,196,-0.10520954825440232
SKMEL3_SKIN,ACH-000423,skin cancer,12,E2F_targets,196,-0.014665859086172921
SKMEL3_SKIN,ACH-000423,skin cancer,24,E2F_targets,196,-0.5922460130282811
SKMEL3_SKIN,ACH-000423,skin cancer,48,E2F_targets,196,-1.0547816891755377
SNU1079_BILIARY_TRACT,ACH-000209,bile duct cancer,3,E2F_targets,196,0.05828705612494021
SNU1079_BILIARY_TRACT,ACH-000209,bile duct cancer,6,E2F_targets,196,-0.7548916662225917
SNU1079_BILIARY_TRACT,ACH-000209,bile duct cancer,12,E2F_targets,196,-0.16318112885465427
SNU1079_BILIARY_TRACT,ACH-000209,bile duct cancer,24,E2F_targets,196,-0.9826171717473439
SNU1079_BILIARY_TRACT,ACH-000209,bile duct cancer,48,E2F_targets,196,-0.3274341785177893
SQ1_LUNG,ACH-000553,lung cancer,3,E2F_targets,196,0.06605490540363351
SQ1_LUNG,ACH-000553,lung cancer,6,E2F_targets,196,0.063452704220402
SQ1_LUNG,ACH-000553,lung cancer,12,E2F_targets,196,-0.04885915256276423
SQ1_LUNG,ACH-000553,lung cancer,24,E2F_targets,196,-0.16329571848012964
SQ1_LUNG,ACH-000553,lung cancer,48,E2F_targets,196,-0.4474225138523141
TEN_ENDOMETRIUM,ACH-000397,endometrial/uterine cancer,3,E2F_targets,196,0.03107235535066955
TEN_ENDOMETRIUM,ACH-000397,endometrial/uterine cancer,6,E2F_targets,196,0.019407318866982753
TEN_ENDOMETRIUM,ACH-000397,endometrial/uterine cancer,12,E2F_targets,196,-0.08841599371968484
TEN_ENDOMETRIUM,ACH-000397,endometrial/uterine cancer,24,E2F_targets,196,-0.04671067759698751
TEN_ENDOMETRIUM,ACH-000397,endometrial/uterine cancer,48,E2F_targets,196,-0.03327631950378418
UMUC1_URINARY_TRACT,ACH-000834,bladder cancer,3,E2F_targets,196,0.0412182061343777
UMUC1_URINARY_TRACT,ACH-000834,bladder cancer,6,E2F_targets,196,-0.11464534578274707
UMUC1_URINARY_TRACT,ACH-000834,bladder cancer,12,E2F_targets,196,-0.18400646898211265
UMUC1_URINARY_TRACT,ACH-000834,bladder cancer,24,E2F_targets,196,-0.660478762826141
UMUC1_URINARY_TRACT,ACH-000834,bladder cancer,48,E2F_targets,196,-1.2345054567772515
BICR6_UPPER_AERODIGESTIVE_TRACT,ACH-000415,head and neck cancer,3,G2M_checkpoint,190,-0.004223763001592535
BICR6_UPPER_AERODIGESTIVE_TRACT,ACH-000415,head and neck cancer,6,G2M_checkpoint,190,0.008188633228603161
BICR6_UPPER_AERODIGESTIVE_TRACT,ACH-000415,head and neck cancer,12,G2M_checkpoint,190,-0.034744684947164435
BICR6_UPPER_AERODIGESTIVE_TRACT,ACH-000415,head and neck cancer,24,G2M_checkpoint,190,-0.5160352738280045
BICR6_UPPER_AERODIGESTIVE_TRACT,ACH-000415,head and neck cancer,48,G2M_checkpoint,190,-0.7257895036747581
BICR31_UPPER_AERODIGESTIVE_TRACT,ACH-000228,head and neck cancer,3,G2M_checkpoint,190,0.17234908593328377
BICR31_UPPER_AERODIGESTIVE_TRACT,ACH-000228,head and neck cancer,6,G2M_checkpoint,190,0.002199699847321761
BICR31_UPPER_AERODIGESTIVE_TRACT,ACH-000228,head and neck cancer,12,G2M_checkpoint,190,-0.020240621817739387
BICR31_UPPER_AERODIGESTIVE_TRACT,ACH-000228,head and neck cancer,24,G2M_checkpoint,190,-0.4102728476649837
BICR31_UPPER_AERODIGESTIVE_TRACT,ACH-000228,head and neck cancer,48,G2M_checkpoint,190,-0.666150942287947
BT474_BREAST,ACH-000927,breast cancer,3,G2M_checkpoint,190,-0.15826417991989536
BT474_BREAST,ACH-000927,breast cancer,6,G2M_checkpoint,190,-0.1897477526413767
BT474_BREAST,ACH-000927,breast cancer,12,G2M_checkpoint,190,0.07275877783173008
BT474_BREAST,ACH-000927,breast cancer,24,G2M_checkpoint,190,-0.12422049265158804
BT474_BREAST,ACH-000927,breast cancer,48,G2M_checkpoint,190,-0.5214324113569762
BT549_BREAST,ACH-000288,breast cancer,3,G2M_checkpoint,190,0.07786706497794703
BT549_BREAST,ACH-000288,breast cancer,6,G2M_checkpoint,190,-0.0432226510424363
BT549_BREAST,ACH-000288,breast cancer,12,G2M_checkpoint,190,-0.13218673059814853
BT549_BREAST,ACH-000288,breast cancer,24,G2M_checkpoint,190,-0.053354251698443766
BT549_BREAST,ACH-000288,breast cancer,48,G2M_checkpoint,190,-0.12417633941299037
CAOV3_OVARY,ACH-000713,ovarian cancer,3,G2M_checkpoint,190,-0.058433511382655096
CAOV3_OVARY,ACH-000713,ovarian cancer,6,G2M_checkpoint,190,0.0771340592911369
CAOV3_OVARY,ACH-000713,ovarian cancer,12,G2M_checkpoint,190,-0.010012690644515189
CAOV3_OVARY,ACH-000713,ovarian cancer,24,G2M_checkpoint,190,-0.15578572750091552
CAOV3_OVARY,ACH-000713,ovarian cancer,48,G2M_checkpoint,190,-0.034744484016769814
CCFSTTG1_CENTRAL_NERVOUS_SYSTEM,ACH-000329,brain cancer,3,G2M_checkpoint,190,-0.003289488428517392
CCFSTTG1_CENTRAL_NERVOUS_SYSTEM,ACH-000329,brain cancer,6,G2M_checkpoint,190,-0.03193169769487883
CCFSTTG1_CENTRAL_NERVOUS_SYSTEM,ACH-000329,brain cancer,12,G2M_checkpoint,190,-0.20661454451711556
CCFSTTG1_CENTRAL_NERVOUS_SYSTEM,ACH-000329,brain cancer,24,G2M_checkpoint,190,-0.012385813813460501
CCFSTTG1_CENTRAL_NERVOUS_SYSTEM,ACH-000329,brain cancer,48,G2M_checkpoint,190,-0.08618430495262146
COLO680N_OESOPHAGUS,ACH-000717,esophageal cancer,3,G2M_checkpoint,190,0.10824223819531892
COLO680N_OESOPHAGUS,ACH-000717,esophageal cancer,6,G2M_checkpoint,190,0.033012165521320545
COLO680N_OESOPHAGUS,ACH-000717,esophageal cancer,12,G2M_checkpoint,190,-0.03292008599168376
COLO680N_OESOPHAGUS,ACH-000717,esophageal cancer,24,G2M_checkpoint,190,-0.19571803682728817
COLO680N_OESOPHAGUS,ACH-000717,esophageal cancer,48,G2M_checkpoint,190,-0.22729595774098446
DKMG_CENTRAL_NERVOUS_SYSTEM,ACH-000244,brain cancer,3,G2M_checkpoint,190,0.12493533586200915
DKMG_CENTRAL_NERVOUS_SYSTEM,ACH-000244,brain cancer,6,G2M_checkpoint,190,0.21642171207227204
DKMG_CENTRAL_NERVOUS_SYSTEM,ACH-000244,brain cancer,12,G2M_checkpoint,190,-0.3595310399406835
DKMG_CENTRAL_NERVOUS_SYSTEM,ACH-000244,brain cancer,24,G2M_checkpoint,190,-1.0014303285824626
DKMG_CENTRAL_NERVOUS_SYSTEM,ACH-000244,brain cancer,48,G2M_checkpoint,190,-1.0434608056357033
IALM_LUNG,ACH-000672,lung cancer,3,G2M_checkpoint,190,-0.14276299758961325
IALM_LUNG,ACH-000672,lung cancer,6,G2M_checkpoint,190,-0.08335914925525063
IALM_LUNG,ACH-000672,lung cancer,12,G2M_checkpoint,190,0.02375247415743376
IALM_LUNG,ACH-000672,lung cancer,24,G2M_checkpoint,190,-0.5139894385086863
IALM_LUNG,ACH-000672,lung cancer,48,G2M_checkpoint,190,-0.6168951774898328
LNCAPCLONEFGC_PROSTATE,ACH-000977,prostate cancer,3,G2M_checkpoint,190,0.03749465001256842
LNCAPCLONEFGC_PROSTATE,ACH-000977,prostate cancer,6,G2M_checkpoint,190,0.23875583316150464
LNCAPCLONEFGC_PROSTATE,ACH-000977,prostate cancer,12,G2M_checkpoint,190,0.033213494012230324
LNCAPCLONEFGC_PROSTATE,ACH-000977,prostate cancer,24,G2M_checkpoint,190,-0.008464534659134715
LNCAPCLONEFGC_PROSTATE,ACH-000977,prostate cancer,48,G2M_checkpoint,190,0.12726688322268034
LS1034_LARGE_INTESTINE,ACH-000252,colon/colorectal cancer,3,G2M_checkpoint,190,0.010631333840520759
LS1034_LARGE_INTESTINE,ACH-000252,colon/colorectal cancer,6,G2M_checkpoint,190,-0.19543384439066835
LS1034_LARGE_INTESTINE,ACH-000252,colon/colorectal cancer,12,G2M_checkpoint,190,-0.4955614140159205
LS1034_LARGE_INTESTINE,ACH-000252,colon/colorectal cancer,24,G2M_checkpoint,190,-1.0000518544724113
LS1034_LARGE_INTESTINE,ACH-000252,colon/colorectal cancer,48,G2M_checkpoint,190,-0.9886124011717344
NCIH226_LUNG,ACH-000367,lung cancer,3,G2M_checkpoint,190,0.06966300559671301
NCIH226_LUNG,ACH-000367,lung cancer,6,G2M_checkpoint,190,-0.009786203346754375
NCIH226_LUNG,ACH-000367,lung cancer,12,G2M_checkpoint,190,0.06114992075844815
NCIH226_LUNG,ACH-000367,lung cancer,24,G2M_checkpoint,190,-0.29170877478624646
NCIH226_LUNG,ACH-000367,lung cancer,48,G2M_checkpoint,190,-0.21943107435577794
RCC10RGB_KIDNEY,ACH-000189,kidney cancer,3,G2M_checkpoint,190,-0.10879948986204047
RCC10RGB_KIDNEY,ACH-000189,kidney cancer,6,G2M_checkpoint,190,-0.2104985059876191
RCC10RGB_KIDNEY,ACH-000189,kidney cancer,12,G2M_checkpoint,190,-0.03046025727924548
RCC10RGB_KIDNEY,ACH-000189,kidney cancer,24,G2M_checkpoint,190,-0.6056495719834378
RCC10RGB_KIDNEY,ACH-000189,kidney cancer,48,G2M_checkpoint,190,-0.49602391782559846
RCM1_LARGE_INTESTINE,ACH-000565,colon/colorectal cancer,3,G2M_checkpoint,190,-0.0012599749000448929
RCM1_LARGE_INTESTINE,ACH-000565,colon/colorectal cancer,6,G2M_checkpoint,190,-0.055215125334890265
RCM1_LARGE_INTESTINE,ACH-000565,colon/colorectal cancer,12,G2M_checkpoint,190,-0.19615625472445236
RCM1_LARGE_INTESTINE,ACH-000565,colon/colorectal cancer,24,G2M_checkpoint,190,-0.7954916684251082
RCM1_LARGE_INTESTINE,ACH-000565,colon/colorectal cancer,48,G2M_checkpoint,190,-0.9378605723381043
RERFLCAD1_LUNG,ACH-000791,lung cancer,3,G2M_checkpoint,190,0.01707863588082163
RERFLCAD1_LUNG,ACH-000791,lung cancer,6,G2M_checkpoint,190,0.001315680930488988
RERFLCAD1_LUNG,ACH-000791,lung cancer,12,G2M_checkpoint,190,-0.07524441982570447
RERFLCAD1_LUNG,ACH-000791,lung cancer,24,G2M_checkpoint,190,-0.3791854158828133
RERFLCAD1_LUNG,ACH-000791,lung cancer,48,G2M_checkpoint,190,-0.42244956101241865
SH10TC_STOMACH,ACH-000764,gastric cancer,3,G2M_checkpoint,190,0.058137751096173335
SH10TC_STOMACH,ACH-000764,gastric cancer,6,G2M_checkpoint,190,0.02548798730498866
SH10TC_STOMACH,ACH-000764,gastric cancer,12,G2M_checkpoint,190,0.015656323338809765
SH10TC_STOMACH,ACH-000764,gastric cancer,24,G2M_checkpoint,190,-0.14335083459552966
SH10TC_STOMACH,ACH-000764,gastric cancer,48,G2M_checkpoint,190,-0.11643674091288918
SKMEL2_SKIN,ACH-001190,skin cancer,3,G2M_checkpoint,190,-0.11563152388522499
SKMEL2_SKIN,ACH-001190,skin cancer,6,G2M_checkpoint,190,-0.10230634526202553
SKMEL2_SKIN,ACH-001190,skin cancer,12,G2M_checkpoint,190,-0.13956330622497357
SKMEL2_SKIN,ACH-001190,skin cancer,24,G2M_checkpoint,190,-0.4546284653638539
SKMEL2_SKIN,ACH-001190,skin cancer,48,G2M_checkpoint,190,-0.5771452361031583
SKMEL3_SKIN,ACH-000423,skin cancer,3,G2M_checkpoint,190,-0.0003678908473566959
SKMEL3_SKIN,ACH-000423,skin cancer,6,G2M_checkpoint,190,-0.06335973394544502
SKMEL3_SKIN,ACH-000423,skin cancer,12,G2M_checkpoint,190,0.03404605639608283
SKMEL3_SKIN,ACH-000423,skin cancer,24,G2M_checkpoint,190,-0.46928516469503706
SKMEL3_SKIN,ACH-000423,skin cancer,48,G2M_checkpoint,190,-0.9092157236839595
SNU1079_BILIARY_TRACT,ACH-000209,bile duct cancer,3,G2M_checkpoint,190,-0.0018260811504564787
SNU1079_BILIARY_TRACT,ACH-000209,bile duct cancer,6,G2M_checkpoint,190,-0.6972763274845324
SNU1079_BILIARY_TRACT,ACH-000209,bile duct cancer,12,G2M_checkpoint,190,-0.10272291459535297
SNU1079_BILIARY_TRACT,ACH-000209,bile duct cancer,24,G2M_checkpoint,190,-0.7704506052167792
SNU1079_BILIARY_TRACT,ACH-000209,bile duct cancer,48,G2M_checkpoint,190,-0.26393757180163735
SQ1_LUNG,ACH-000553,lung cancer,3,G2M_checkpoint,190,0.04469702839851379
SQ1_LUNG,ACH-000553,lung cancer,6,G2M_checkpoint,190,0.033053006153357656
SQ1_LUNG,ACH-000553,lung cancer,12,G2M_checkpoint,190,-0.04979152632387061
SQ1_LUNG,ACH-000553,lung cancer,24,G2M_checkpoint,190,-0.13691317282224957
SQ1_LUNG,ACH-000553,lung cancer,48,G2M_checkpoint,190,-0.35553231396173174
TEN_ENDOMETRIUM,ACH-000397,endometrial/uterine cancer,3,G2M_checkpoint,190,-0.04749359739454169
TEN_ENDOMETRIUM,ACH-000397,endometrial/uterine cancer,6,G2M_checkpoint,190,-0.02298635714932492
TEN_ENDOMETRIUM,ACH-000397,endometrial/uterine cancer,12,G2M_checkpoint,190,-0.10803167631751613
TEN_ENDOMETRIUM,ACH-000397,endometrial/uterine cancer,24,G2M_checkpoint,190,-0.05368514186457584
TEN_ENDOMETRIUM,ACH-000397,endometrial/uterine cancer,48,G2M_checkpoint,190,-0.05919915390642066
UMUC1_URINARY_TRACT,ACH-000834,bladder cancer,3,G2M_checkpoint,190,0.01917402352157392
UMUC1_URINARY_TRACT,ACH-000834,bladder cancer,6,G2M_checkpoint,190,-0.11859357607992072
UMUC1_URINARY_TRACT,ACH-000834,bladder cancer,12,G2M_checkpoint,190,-0.12979253185422798
UMUC1_URINARY_TRACT,ACH-000834,bladder cancer,24,G2M_checkpoint,190,-0.5460306826390718
UMUC1_URINARY_TRACT,ACH-000834,bladder cancer,48,G2M_checkpoint,190,-1.0636420817751633
BICR6_UPPER_AERODIGESTIVE_TRACT,ACH-000415,head and neck cancer,3,apoptosis,159,0.035292275296817034
BICR6_UPPER_AERODIGESTIVE_TRACT,ACH-000415,head and neck cancer,6,apoptosis,159,0.11459628253612879
BICR6_UPPER_AERODIGESTIVE_TRACT,ACH-000415,head and neck cancer,12,apoptosis,159,0.14817226083023743
BICR6_UPPER_AERODIGESTIVE_TRACT,ACH-000415,head and neck cancer,24,apoptosis,159,0.22028268433216983
BICR6_UPPER_AERODIGESTIVE_TRACT,ACH-000415,head and neck cancer,48,apoptosis,159,0.2544130617342655
BICR31_UPPER_AERODIGESTIVE_TRACT,ACH-000228,head and neck cancer,3,apoptosis,159,-0.025783083536340005
BICR31_UPPER_AERODIGESTIVE_TRACT,ACH-000228,head and neck cancer,6,apoptosis,159,-0.01854469397532865
BICR31_UPPER_AERODIGESTIVE_TRACT,ACH-000228,head and neck cancer,12,apoptosis,159,0.009594707369054638
BICR31_UPPER_AERODIGESTIVE_TRACT,ACH-000228,head and neck cancer,24,apoptosis,159,0.04085459555469969
BICR31_UPPER_AERODIGESTIVE_TRACT,ACH-000228,head and neck cancer,48,apoptosis,159,0.10969199062143482
BT474_BREAST,ACH-000927,breast cancer,3,apoptosis,159,-0.04287629982210555
BT474_BREAST,ACH-000927,breast cancer,6,apoptosis,159,0.07034454330708245
BT474_BREAST,ACH-000927,breast cancer,12,apoptosis,159,0.02396185630522434
BT474_BREAST,ACH-000927,breast cancer,24,apoptosis,159,0.012153980492046045
BT474_BREAST,ACH-000927,breast cancer,48,apoptosis,159,0.04252124676164591
BT549_BREAST,ACH-000288,breast cancer,3,apoptosis,159,-0.18286129363677786
BT549_BREAST,ACH-000288,breast cancer,6,apoptosis,159,-0.07294420813614468
BT549_BREAST,ACH-000288,breast cancer,12,apoptosis,159,-0.0904704324854245
BT549_BREAST,ACH-000288,breast cancer,24,apoptosis,159,0.049405538061129975
BT549_BREAST,ACH-000288,breast cancer,48,apoptosis,159,0.06035397450129191
CAOV3_OVARY,ACH-000713,ovarian cancer,3,apoptosis,159,-0.09204805347154725
CAOV3_OVARY,ACH-000713,ovarian cancer,6,apoptosis,159,-0.014177214424565153
CAOV3_OVARY,ACH-000713,ovarian cancer,12,apoptosis,159,-0.011313355943691806
CAOV3_OVARY,ACH-000713,ovarian cancer,24,apoptosis,159,-0.09004389883587195
CAOV3_OVARY,ACH-000713,ovarian cancer,48,apoptosis,159,-0.06214440178196385
CCFSTTG1_CENTRAL_NERVOUS_SYSTEM,ACH-000329,brain cancer,3,apoptosis,159,0.06167110519589118
CCFSTTG1_CENTRAL_NERVOUS_SYSTEM,ACH-000329,brain cancer,6,apoptosis,159,0.028995781574609143
CCFSTTG1_CENTRAL_NERVOUS_SYSTEM,ACH-000329,brain cancer,12,apoptosis,159,0.01333892045530883
CCFSTTG1_CENTRAL_NERVOUS_SYSTEM,ACH-000329,brain cancer,24,apoptosis,159,0.036195606555578845
CCFSTTG1_CENTRAL_NERVOUS_SYSTEM,ACH-000329,brain cancer,48,apoptosis,159,-0.03841609081382272
COLO680N_OESOPHAGUS,ACH-000717,esophageal cancer,3,apoptosis,159,-0.024740880202947173
COLO680N_OESOPHAGUS,ACH-000717,esophageal cancer,6,apoptosis,159,0.008294946742507647
COLO680N_OESOPHAGUS,ACH-000717,esophageal cancer,12,apoptosis,159,0.018997754784500075
COLO680N_OESOPHAGUS,ACH-000717,esophageal cancer,24,apoptosis,159,0.03703627215241486
COLO680N_OESOPHAGUS,ACH-000717,esophageal cancer,48,apoptosis,159,0.08451728213508174
DKMG_CENTRAL_NERVOUS_SYSTEM,ACH-000244,brain cancer,3,apoptosis,159,-0.04205246166613117
DKMG_CENTRAL_NERVOUS_SYSTEM,ACH-000244,brain cancer,6,apoptosis,159,-0.04174180000832996
DKMG_CENTRAL_NERVOUS_SYSTEM,ACH-000244,brain cancer,12,apoptosis,159,-0.011674153729804657
DKMG_CENTRAL_NERVOUS_SYSTEM,ACH-000244,brain cancer,24,apoptosis,159,0.018988100987560343
DKMG_CENTRAL_NERVOUS_SYSTEM,ACH-000244,brain cancer,48,apoptosis,159,-0.07587677746448877
IALM_LUNG,ACH-000672,lung cancer,3,apoptosis,159,0.003092933375880403
IALM_LUNG,ACH-000672,lung cancer,6,apoptosis,159,-0.339322326318273
IALM_LUNG,ACH-000672,lung cancer,12,apoptosis,159,-0.12765730926825566
IALM_LUNG,ACH-000672,lung cancer,24,apoptosis,159,0.015147015733538934
IALM_LUNG,ACH-000672,lung cancer,48,apoptosis,159,0.19133658041744112
LNCAPCLONEFGC_PROSTATE,ACH-000977,prostate cancer,3,apoptosis,159,-0.014567328698979984
LNCAPCLONEFGC_PROSTATE,ACH-000977,prostate cancer,6,apoptosis,159,0.07015875412982965
LNCAPCLONEFGC_PROSTATE,ACH-000977,prostate cancer,12,apoptosis,159,0.12244223573672697
LNCAPCLONEFGC_PROSTATE,ACH-000977,prostate cancer,24,apoptosis,159,0.010447413291571275
LNCAPCLONEFGC_PROSTATE,ACH-000977,prostate cancer,48,apoptosis,159,0.045119856513521205
LS1034_LARGE_INTESTINE,ACH-000252,colon/colorectal cancer,3,apoptosis,159,-0.10832481939087873
LS1034_LARGE_INTESTINE,ACH-000252,colon/colorectal cancer,6,apoptosis,159,0.07201193113746883
LS1034_LARGE_INTESTINE,ACH-000252,colon/colorectal cancer,12,apoptosis,159,0.037839667602155194
LS1034_LARGE_INTESTINE,ACH-000252,colon/colorectal cancer,24,apoptosis,159,-0.05965745524040558
LS1034_LARGE_INTESTINE,ACH-000252,colon/colorectal cancer,48,apoptosis,159,-0.07332624691837239
NCIH226_LUNG,ACH-000367,lung cancer,3,apoptosis,159,-0.049563702172453296
NCIH226_LUNG,ACH-000367,lung cancer,6,apoptosis,159,0.009045595268033585
NCIH226_LUNG,ACH-000367,lung cancer,12,apoptosis,159,0.04959311668977798
NCIH226_LUNG,ACH-000367,lung cancer,24,apoptosis,159,-0.03237296294116374
NCIH226_LUNG,ACH-000367,lung cancer,48,apoptosis,159,0.009711658804671569
RCC10RGB_KIDNEY,ACH-000189,kidney cancer,3,apoptosis,159,0.007885576606546558
RCC10RGB_KIDNEY,ACH-000189,kidney cancer,6,apoptosis,159,0.0031729213096810586
RCC10RGB_KIDNEY,ACH-000189,kidney cancer,12,apoptosis,159,0.03766639952389699
RCC10RGB_KIDNEY,ACH-000189,kidney cancer,24,apoptosis,159,-0.02826145460020821
RCC10RGB_KIDNEY,ACH-000189,kidney cancer,48,apoptosis,159,0.1272745353620757
RCM1_LARGE_INTESTINE,ACH-000565,colon/colorectal cancer,3,apoptosis,159,-0.014999611197777514
RCM1_LARGE_INTESTINE,ACH-000565,colon/colorectal cancer,6,apoptosis,159,-0.022086757908827102
RCM1_LARGE_INTESTINE,ACH-000565,colon/colorectal cancer,12,apoptosis,159,0.08435560753510433
RCM1_LARGE_INTESTINE,ACH-000565,colon/colorectal cancer,24,apoptosis,159,0.20582141141471622
RCM1_LARGE_INTESTINE,ACH-000565,colon/colorectal cancer,48,apoptosis,159,0.1530918128460458
RERFLCAD1_LUNG,ACH-000791,lung cancer,3,apoptosis,159,-0.028592220642281778
RERFLCAD1_LUNG,ACH-000791,lung cancer,6,apoptosis,159,0.025956782155066915
RERFLCAD1_LUNG,ACH-000791,lung cancer,12,apoptosis,159,0.04520456258605861
RERFLCAD1_LUNG,ACH-000791,lung cancer,24,apoptosis,159,0.008946427946570534
RERFLCAD1_LUNG,ACH-000791,lung cancer,48,apoptosis,159,0.11313115463316815
SH10TC_STOMACH,ACH-000764,gastric cancer,3,apoptosis,159,-0.04455840925000749
SH10TC_STOMACH,ACH-000764,gastric cancer,6,apoptosis,159,-0.022769797148194704
SH10TC_STOMACH,ACH-000764,gastric cancer,12,apoptosis,159,0.020443645100923453
SH10TC_STOMACH,ACH-000764,gastric cancer,24,apoptosis,159,-0.015739555816230533
SH10TC_STOMACH,ACH-000764,gastric cancer,48,apoptosis,159,0.10340326762049452
SKMEL2_SKIN,ACH-001190,skin cancer,3,apoptosis,159,-0.050415485347591854
SKMEL2_SKIN,ACH-001190,skin cancer,6,apoptosis,159,-0.1526069592379924
SKMEL2_SKIN,ACH-001190,skin cancer,12,apoptosis,159,-0.08219636123885149
SKMEL2_SKIN,ACH-001190,skin cancer,24,apoptosis,159,-0.08857068550661674
SKMEL2_SKIN,ACH-001190,skin cancer,48,apoptosis,159,-0.10959137423233416
SKMEL3_SKIN,ACH-000423,skin cancer,3,apoptosis,159,-0.044865348054178106
SKMEL3_SKIN,ACH-000423,skin cancer,6,apoptosis,159,-0.0882164513539968
SKMEL3_SKIN,ACH-000423,skin cancer,12,apoptosis,159,-0.06293416248177583
SKMEL3_SKIN,ACH-000423,skin cancer,24,apoptosis,159,0.020827802847016533
SKMEL3_SKIN,ACH-000423,skin cancer,48,apoptosis,159,-0.08035002676945813
SNU1079_BILIARY_TRACT,ACH-000209,bile duct cancer,3,apoptosis,159,-0.08633249510759078
SNU1079_BILIARY_TRACT,ACH-000209,bile duct cancer,6,apoptosis,159,-0.03924322878039858
SNU1079_BILIARY_TRACT,ACH-000209,bile duct cancer,12,apoptosis,159,0.0724755900460969
SNU1079_BILIARY_TRACT,ACH-000209,bile duct cancer,24,apoptosis,159,0.03306369699022305
SNU1079_BILIARY_TRACT,ACH-000209,bile duct cancer,48,apoptosis,159,0.14045991387757115
SQ1_LUNG,ACH-000553,lung cancer,3,apoptosis,159,0.0024831458082738914
SQ1_LUNG,ACH-000553,lung cancer,6,apoptosis,159,-0.0776030608693009
SQ1_LUNG,ACH-000553,lung cancer,12,apoptosis,159,0.0605080746254831
SQ1_LUNG,ACH-000553,lung cancer,24,apoptosis,159,0.11518608774029233
SQ1_LUNG,ACH-000553,lung cancer,48,apoptosis,159,0.144359567630216
TEN_ENDOMETRIUM,ACH-000397,endometrial/uterine cancer,3,apoptosis,159,-0.093554232855263
TEN_ENDOMETRIUM,ACH-000397,endometrial/uterine cancer,6,apoptosis,159,-0.051096680404255225
TEN_ENDOMETRIUM,ACH-000397,endometrial/uterine cancer,12,apoptosis,159,-0.041892782697137795
TEN_ENDOMETRIUM,ACH-000397,endometrial/uterine cancer,24,apoptosis,159,-0.02920839265457489
TEN_ENDOMETRIUM,ACH-000397,endometrial/uterine cancer,48,apoptosis,159,0.003832693651037396
UMUC1_URINARY_TRACT,ACH-000834,bladder cancer,3,apoptosis,159,-0.0480458768283796
UMUC1_URINARY_TRACT,ACH-000834,bladder cancer,6,apoptosis,159,-0.027770445406811794
UMUC1_URINARY_TRACT,ACH-000834,bladder cancer,12,apoptosis,159,0.019301374753316242
UMUC1_URINARY_TRACT,ACH-000834,bladder cancer,24,apoptosis,159,0.0187528890633733
UMUC1_URINARY_TRACT,ACH-000834,bladder cancer,48,apoptosis,159,0.15958353689631577
BICR6_UPPER_AERODIGESTIVE_TRACT,ACH-000415,head and neck cancer,3,epithelial_mesenchymal_transition,196,0.01635722329421919
BICR6_UPPER_AERODIGESTIVE_TRACT,ACH-000415,head and neck cancer,6,epithelial_mesenchymal_transition,196,-0.014131959299651943
BICR6_UPPER_AERODIGESTIVE_TRACT,ACH-000415,head and neck cancer,12,epithelial_mesenchymal_transition,196,0.08292522083739845
BICR6_UPPER_AERODIGESTIVE_TRACT,ACH-000415,head and neck cancer,24,epithelial_mesenchymal_transition,196,0.163609257157968
BICR6_UPPER_AERODIGESTIVE_TRACT,ACH-000415,head and neck cancer,48,epithelial_mesenchymal_transition,196,0.3528456062990792
BICR31_UPPER_AERODIGESTIVE_TRACT,ACH-000228,head and neck cancer,3,epithelial_mesenchymal_transition,196,-0.10446996089755273
BICR31_UPPER_AERODIGESTIVE_TRACT,ACH-000228,head and neck cancer,6,epithelial_mesenchymal_transition,196,-0.07849739476734278
BICR31_UPPER_AERODIGESTIVE_TRACT,ACH-000228,head and neck cancer,12,epithelial_mesenchymal_transition,196,-0.029688145129048094
BICR31_UPPER_AERODIGESTIVE_TRACT,ACH-000228,head and neck cancer,24,epithelial_mesenchymal_transition,196,0.06825605627833581
BICR31_UPPER_AERODIGESTIVE_TRACT,ACH-000228,head and neck cancer,48,epithelial_mesenchymal_transition,196,0.223336466721126
BT474_BREAST,ACH-000927,breast cancer,3,epithelial_mesenchymal_transition,196,-0.10542489132102655
BT474_BREAST,ACH-000927,breast cancer,6,epithelial_mesenchymal_transition,196,0.04539539832241681
BT474_BREAST,ACH-000927,breast cancer,12,epithelial_mesenchymal_transition,196,0.025361003620283946
BT474_BREAST,ACH-000927,breast cancer,24,epithelial_mesenchymal_transition,196,0.052212857166115116
BT474_BREAST,ACH-000927,breast cancer,48,epithelial_mesenchymal_transition,196,-0.011216173822782477
BT549_BREAST,ACH-000288,breast cancer,3,epithelial_mesenchymal_transition,196,-0.07647007886244327
BT549_BREAST,ACH-000288,breast cancer,6,epithelial_mesenchymal_transition,196,0.00826060346194676
BT549_BREAST,ACH-000288,breast cancer,12,epithelial_mesenchymal_transition,196,0.07029354602706675
BT549_BREAST,ACH-000288,breast cancer,24,epithelial_mesenchymal_transition,196,0.05306870444696777
BT549_BREAST,ACH-000288,breast cancer,48,epithelial_mesenchymal_transition,196,0.12125947797785
CAOV3_OVARY,ACH-000713,ovarian cancer,3,epithelial_mesenchymal_transition,196,-0.026745803654193878
CAOV3_OVARY,ACH-000713,ovarian cancer,6,epithelial_mesenchymal_transition,196,-0.030782711140963495
CAOV3_OVARY,ACH-000713,ovarian cancer,12,epithelial_mesenchymal_transition,196,-0.021454579976140236
CAOV3_OVARY,ACH-000713,ovarian cancer,24,epithelial_mesenchymal_transition,196,-0.08122502267360687
CAOV3_OVARY,ACH-000713,ovarian cancer,48,epithelial_mesenchymal_transition,196,0.06844325873012445
CCFSTTG1_CENTRAL_NERVOUS_SYSTEM,ACH-000329,brain cancer,3,epithelial_mesenchymal_transition,196,0.01696409802047574
CCFSTTG1_CENTRAL_NERVOUS_SYSTEM,ACH-000329,brain cancer,6,epithelial_mesenchymal_transition,196,0.09919415688028141
CCFSTTG1_CENTRAL_NERVOUS_SYSTEM,ACH-000329,brain cancer,12,epithelial_mesenchymal_transition,196,0.13060467522971483
CCFSTTG1_CENTRAL_NERVOUS_SYSTEM,ACH-000329,brain cancer,24,epithelial_mesenchymal_transition,196,0.1088067889213562
CCFSTTG1_CENTRAL_NERVOUS_SYSTEM,ACH-000329,brain cancer,48,epithelial_mesenchymal_transition,196,0.14345036462253455
COLO680N_OESOPHAGUS,ACH-000717,esophageal cancer,3,epithelial_mesenchymal_transition,196,-0.027654608293455476
COLO680N_OESOPHAGUS,ACH-000717,esophageal cancer,6,epithelial_mesenchymal_transition,196,-0.046886262312835575
COLO680N_OESOPHAGUS,ACH-000717,esophageal cancer,12,epithelial_mesenchymal_transition,196,-0.07105905669076103
COLO680N_OESOPHAGUS,ACH-000717,esophageal cancer,24,epithelial_mesenchymal_transition,196,0.054850704967975616
COLO680N_OESOPHAGUS,ACH-000717,esophageal cancer,48,epithelial_mesenchymal_transition,196,0.14571898932359656
DKMG_CENTRAL_NERVOUS_SYSTEM,ACH-000244,brain cancer,3,epithelial_mesenchymal_transition,196,-0.04913549946278942
DKMG_CENTRAL_NERVOUS_SYSTEM,ACH-000244,brain cancer,6,epithelial_mesenchymal_transition,196,-0.047900435267662515
DKMG_CENTRAL_NERVOUS_SYSTEM,ACH-000244,brain cancer,12,epithelial_mesenchymal_transition,196,0.05839141230193936
DKMG_CENTRAL_NERVOUS_SYSTEM,ACH-000244,brain cancer,24,epithelial_mesenchymal_transition,196,0.30567759427489066
DKMG_CENTRAL_NERVOUS_SYSTEM,ACH-000244,brain cancer,48,epithelial_mesenchymal_transition,196,0.2410811803170613
IALM_LUNG,ACH-000672,lung cancer,3,epithelial_mesenchymal_transition,196,0.025914539183889116
IALM_LUNG,ACH-000672,lung cancer,6,epithelial_mesenchymal_transition,196,-0.3138324660914285
IALM_LUNG,ACH-000672,lung cancer,12,epithelial_mesenchymal_transition,196,-0.09875999026152553
IALM_LUNG,ACH-000672,lung cancer,24,epithelial_mesenchymal_transition,196,0.0705350825981218
IALM_LUNG,ACH-000672,lung cancer,48,epithelial_mesenchymal_transition,196,0.19781213268941764
LNCAPCLONEFGC_PROSTATE,ACH-000977,prostate cancer,3,epithelial_mesenchymal_transition,196,-0.0660178217352653
LNCAPCLONEFGC_PROSTATE,ACH-000977,prostate cancer,6,epithelial_mesenchymal_transition,196,0.023517883249691555
LNCAPCLONEFGC_PROSTATE,ACH-000977,prostate cancer,12,epithelial_mesenchymal_transition,196,0.04812255167231268
LNCAPCLONEFGC_PROSTATE,ACH-000977,prostate cancer,24,epithelial_mesenchymal_transition,196,0.054540534712830366
LNCAPCLONEFGC_PROSTATE,ACH-000977,prostate cancer,48,epithelial_mesenchymal_transition,196,0.038956265060269106
LS1034_LARGE_INTESTINE,ACH-000252,colon/colorectal cancer,3,epithelial_mesenchymal_transition,196,-0.1553871227162225
LS1034_LARGE_INTESTINE,ACH-000252,colon/colorectal cancer,6,epithelial_mesenchymal_transition,196,-0.11628602597178245
LS1034_LARGE_INTESTINE,ACH-000252,colon/colorectal cancer,12,epithelial_mesenchymal_transition,196,-0.04188090806104699
LS1034_LARGE_INTESTINE,ACH-000252,colon/colorectal cancer,24,epithelial_mesenchymal_transition,196,-0.09061238200080637
LS1034_LARGE_INTESTINE,ACH-000252,colon/colorectal cancer,48,epithelial_mesenchymal_transition,196,-0.2311200289701929
NCIH226_LUNG,ACH-000367,lung cancer,3,epithelial_mesenchymal_transition,196,-0.05544794943867898
NCIH226_LUNG,ACH-000367,lung cancer,6,epithelial_mesenchymal_transition,196,0.005834772574658297
NCIH226_LUNG,ACH-000367,lung cancer,12,epithelial_mesenchymal_transition,196,-0.06141507792837766
NCIH226_LUNG,ACH-000367,lung cancer,24,epithelial_mesenchymal_transition,196,-0.06084579883181319
NCIH226_LUNG,ACH-000367,lung cancer,48,epithelial_mesenchymal_transition,196,-0.02741568565976863
RCC10RGB_KIDNEY,ACH-000189,kidney cancer,3,epithelial_mesenchymal_transition,196,-0.015097685158252716
RCC10RGB_KIDNEY,ACH-000189,kidney cancer,6,epithelial_mesenchymal_transition,196,-0.006631445823883524
RCC10RGB_KIDNEY,ACH-000189,kidney cancer,12,epithelial_mesenchymal_transition,196,-0.00639614751752542
RCC10RGB_KIDNEY,ACH-000189,kidney cancer,24,epithelial_mesenchymal_transition,196,0.03640659427156254
RCC10RGB_KIDNEY,ACH-000189,kidney cancer,48,epithelial_mesenchymal_transition,196,0.16662422970545535
RCM1_LARGE_INTESTINE,ACH-000565,colon/colorectal cancer,3,epithelial_mesenchymal_transition,196,-0.026578561231798054
RCM1_LARGE_INTESTINE,ACH-000565,colon/colorectal cancer,6,epithelial_mesenchymal_transition,196,-0.026700040515588254
RCM1_LARGE_INTESTINE,ACH-000565,colon/colorectal cancer,12,epithelial_mesenchymal_transition,196,-0.008849861366408212
RCM1_LARGE_INTESTINE,ACH-000565,colon/colorectal cancer,24,epithelial_mesenchymal_transition,196,0.15314910667283194
RCM1_LARGE_INTESTINE,ACH-000565,colon/colorectal cancer,48,epithelial_mesenchymal_transition,196,0.03807241621674323
RERFLCAD1_LUNG,ACH-000791,lung cancer,3,epithelial_mesenchymal_transition,196,-0.008331295178861034
RERFLCAD1_LUNG,ACH-000791,lung cancer,6,epithelial_mesenchymal_transition,196,-0.028344765305519104
RERFLCAD1_LUNG,ACH-000791,lung cancer,12,epithelial_mesenchymal_transition,196,-0.038466853754861016
RERFLCAD1_LUNG,ACH-000791,lung cancer,24,epithelial_mesenchymal_transition,196,-0.0730297548734412
RERFLCAD1_LUNG,ACH-000791,lung cancer,48,epithelial_mesenchymal_transition,196,0.08463761560162719
SH10TC_STOMACH,ACH-000764,gastric cancer,3,epithelial_mesenchymal_transition,196,-0.027594675671081155
SH10TC_STOMACH,ACH-000764,gastric cancer,6,epithelial_mesenchymal_transition,196,-0.00797088717927738
SH10TC_STOMACH,ACH-000764,gastric cancer,12,epithelial_mesenchymal_transition,196,-0.021193645590422104
SH10TC_STOMACH,ACH-000764,gastric cancer,24,epithelial_mesenchymal_transition,196,0.0013380587405087997
SH10TC_STOMACH,ACH-000764,gastric cancer,48,epithelial_mesenchymal_transition,196,0.1333485197047798
SKMEL2_SKIN,ACH-001190,skin cancer,3,epithelial_mesenchymal_transition,196,-0.03327670982297586
SKMEL2_SKIN,ACH-001190,skin cancer,6,epithelial_mesenchymal_transition,196,-0.09664955415896007
SKMEL2_SKIN,ACH-001190,skin cancer,12,epithelial_mesenchymal_transition,196,0.015768342784472873
SKMEL2_SKIN,ACH-001190,skin cancer,24,epithelial_mesenchymal_transition,196,0.07201391610564017
SKMEL2_SKIN,ACH-001190,skin cancer,48,epithelial_mesenchymal_transition,196,0.10499126236049497
SKMEL3_SKIN,ACH-000423,skin cancer,3,epithelial_mesenchymal_transition,196,-0.07091329353196281
SKMEL3_SKIN,ACH-000423,skin cancer,6,epithelial_mesenchymal_transition,196,-0.08375142393063525
SKMEL3_SKIN,ACH-000423,skin cancer,12,epithelial_mesenchymal_transition,196,-0.08711170602817925
SKMEL3_SKIN,ACH-000423,skin cancer,24,epithelial_mesenchymal_transition,196,0.0008355512910959672
SKMEL3_SKIN,ACH-000423,skin cancer,48,epithelial_mesenchymal_transition,196,-0.11190315335988998
SNU1079_BILIARY_TRACT,ACH-000209,bile duct cancer,3,epithelial_mesenchymal_transition,196,-0.0831134769381309
SNU1079_BILIARY_TRACT,ACH-000209,bile duct cancer,6,epithelial_mesenchymal_transition,196,-0.05311192359243121
SNU1079_BILIARY_TRACT,ACH-000209,bile duct cancer,12,epithelial_mesenchymal_transition,196,-0.06472081858284619
SNU1079_BILIARY_TRACT,ACH-000209,bile duct cancer,24,epithelial_mesenchymal_transition,196,-0.031952052092065614
SNU1079_BILIARY_TRACT,ACH-000209,bile duct cancer,48,epithelial_mesenchymal_transition,196,0.01698634332540084
SQ1_LUNG,ACH-000553,lung cancer,3,epithelial_mesenchymal_transition,196,-0.03794702355350767
SQ1_LUNG,ACH-000553,lung cancer,6,epithelial_mesenchymal_transition,196,-0.049340469952748746
SQ1_LUNG,ACH-000553,lung cancer,12,epithelial_mesenchymal_transition,196,0.11731193853276116
SQ1_LUNG,ACH-000553,lung cancer,24,epithelial_mesenchymal_transition,196,0.10286381567011074
SQ1_LUNG,ACH-000553,lung cancer,48,epithelial_mesenchymal_transition,196,0.17471716628999126
TEN_ENDOMETRIUM,ACH-000397,endometrial/uterine cancer,3,epithelial_mesenchymal_transition,196,-0.08598197175531971
TEN_ENDOMETRIUM,ACH-000397,endometrial/uterine cancer,6,epithelial_mesenchymal_transition,196,-0.03571225520299406
TEN_ENDOMETRIUM,ACH-000397,endometrial/uterine cancer,12,epithelial_mesenchymal_transition,196,-0.0742148477203992
TEN_ENDOMETRIUM,ACH-000397,endometrial/uterine cancer,24,epithelial_mesenchymal_transition,196,0.05747747117159318
TEN_ENDOMETRIUM,ACH-000397,endometrial/uterine cancer,48,epithelial_mesenchymal_transition,196,0.011743647103406946
UMUC1_URINARY_TRACT,ACH-000834,bladder cancer,3,epithelial_mesenchymal_transition,196,-0.03789698788706137
UMUC1_URINARY_TRACT,ACH-000834,bladder cancer,6,epithelial_mesenchymal_transition,196,0.02360902985139769
UMUC1_URINARY_TRACT,ACH-000834,bladder cancer,12,epithelial_mesenchymal_transition,196,-0.01970197625306188
UMUC1_URINARY_TRACT,ACH-000834,bladder cancer,24,epithelial_mesenchymal_transition,196,-0.0127236615030133
UMUC1_URINARY_TRACT,ACH-000834,bladder cancer,48,epithelial_mesenchymal_transition,196,0.20787489855167818
BICR6_UPPER_AERODIGESTIVE_TRACT,ACH-000415,head and neck cancer,3,immediate_early_response,8,-1.1384991556406021
BICR6_UPPER_AERODIGESTIVE_TRACT,ACH-000415,head and neck cancer,6,immediate_early_response,8,-1.199795424938202
BICR6_UPPER_AERODIGESTIVE_TRACT,ACH-000415,head and neck cancer,12,immediate_early_response,8,-1.884913057088852
BICR6_UPPER_AERODIGESTIVE_TRACT,ACH-000415,head and neck cancer,24,immediate_early_response,8,-1.7298827916383743
BICR6_UPPER_AERODIGESTIVE_TRACT,ACH-000415,head and neck cancer,48,immediate_early_response,8,-1.9071961790323257
BICR31_UPPER_AERODIGESTIVE_TRACT,ACH-000228,head and neck cancer,3,immediate_early_response,8,-1.5937364101409912
BICR31_UPPER_AERODIGESTIVE_TRACT,ACH-000228,head and neck cancer,6,immediate_early_response,8,-1.5969061702489853
BICR31_UPPER_AERODIGESTIVE_TRACT,ACH-000228,head and neck cancer,12,immediate_early_response,8,-1.718789502978325
BICR31_UPPER_AERODIGESTIVE_TRACT,ACH-000228,head and neck cancer,24,immediate_early_response,8,-2.0309890657663345
BICR31_UPPER_AERODIGESTIVE_TRACT,ACH-000228,head and neck cancer,48,immediate_early_response,8,-1.8682966008782387
BT474_BREAST,ACH-000927,breast cancer,3,immediate_early_response,8,-1.2676224261522293
BT474_BREAST,ACH-000927,breast cancer,6,immediate_early_response,8,-1.130196176469326
BT474_BREAST,ACH-000927,breast cancer,12,immediate_early_response,8,-1.8969931527972221
BT474_BREAST,ACH-000927,breast cancer,24,immediate_early_response,8,-1.493853971362114
BT474_BREAST,ACH-000927,breast cancer,48,immediate_early_response,8,-1.6024195700883865
BT549_BREAST,ACH-000288,breast cancer,3,immediate_early_response,8,-1.7511009275913239
BT549_BREAST,ACH-000288,breast cancer,6,immediate_early_response,8,-1.5699817687273026
BT549_BREAST,ACH-000288,breast cancer,12,immediate_early_response,8,-1.9688505306839943
BT549_BREAST,ACH-000288,breast cancer,24,immediate_early_response,8,-1.7553614526987076
BT549_BREAST,ACH-000288,breast cancer,48,immediate_early_response,8,-1.4600588381290436
CAOV3_OVARY,ACH-000713,ovarian cancer,3,immediate_early_response,8,-1.8334731608629227
CAOV3_OVARY,ACH-000713,ovarian cancer,6,immediate_early_response,8,-1.305376023054123
CAOV3_OVARY,ACH-000713,ovarian cancer,12,immediate_early_response,8,-1.379855751991272
CAOV3_OVARY,ACH-000713,ovarian cancer,24,immediate_early_response,8,-1.850987747311592
CAOV3_OVARY,ACH-000713,ovarian cancer,48,immediate_early_response,8,-1.7056358009576797
CCFSTTG1_CENTRAL_NERVOUS_SYSTEM,ACH-000329,brain cancer,3,immediate_early_response,8,-1.280951201915741
CCFSTTG1_CENTRAL_NERVOUS_SYSTEM,ACH-000329,brain cancer,6,immediate_early_response,8,-1.3494589626789093
CCFSTTG1_CENTRAL_NERVOUS_SYSTEM,ACH-000329,brain cancer,12,immediate_early_response,8,-1.8871973007917404
CCFSTTG1_CENTRAL_NERVOUS_SYSTEM,ACH-000329,brain cancer,24,immediate_early_response,8,-1.2735530734062195
CCFSTTG1_CENTRAL_NERVOUS_SYSTEM,ACH-000329,brain cancer,48,immediate_early_response,8,-1.2965892553329468
COLO680N_OESOPHAGUS,ACH-000717,esophageal cancer,3,immediate_early_response,8,-1.435358688235283
COLO680N_OESOPHAGUS,ACH-000717,esophageal cancer,6,immediate_early_response,8,-1.5276782661676407
COLO680N_OESOPHAGUS,ACH-000717,esophageal cancer,12,immediate_early_response,8,-1.5825533866882324
COLO680N_OESOPHAGUS,ACH-000717,esophageal cancer,24,immediate_early_response,8,-1.7261248081922531
COLO680N_OESOPHAGUS,ACH-000717,esophageal cancer,48,immediate_early_response,8,-1.7991164699196815
DKMG_CENTRAL_NERVOUS_SYSTEM,ACH-000244,brain cancer,3,immediate_early_response,8,-1.483578383922577
DKMG_CENTRAL_NERVOUS_SYSTEM,ACH-000244,brain cancer,6,immediate_early_response,8,-1.6309933960437775
DKMG_CENTRAL_NERVOUS_SYSTEM,ACH-000244,brain cancer,12,immediate_early_response,8,-1.6746721267700195
DKMG_CENTRAL_NERVOUS_SYSTEM,ACH-000244,brain cancer,24,immediate_early_response,8,-1.240929365158081
DKMG_CENTRAL_NERVOUS_SYSTEM,ACH-000244,brain cancer,48,immediate_early_response,8,-1.2997168153524399
IALM_LUNG,ACH-000672,lung cancer,3,immediate_early_response,8,-1.149455264210701
IALM_LUNG,ACH-000672,lung cancer,6,immediate_early_response,8,-1.9971814155578613
IALM_LUNG,ACH-000672,lung cancer,12,immediate_early_response,8,-1.5262781083583832
IALM_LUNG,ACH-000672,lung cancer,24,immediate_early_response,8,-1.7704326063394547
IALM_LUNG,ACH-000672,lung cancer,48,immediate_early_response,8,-1.9754476845264435
LNCAPCLONEFGC_PROSTATE,ACH-000977,prostate cancer,3,immediate_early_response,8,-0.2560715228319168
LNCAPCLONEFGC_PROSTATE,ACH-000977,prostate cancer,6,immediate_early_response,8,-0.24864111095666885
LNCAPCLONEFGC_PROSTATE,ACH-000977,prostate cancer,12,immediate_early_response,8,-0.11082378774881363
LNCAPCLONEFGC_PROSTATE,ACH-000977,prostate cancer,24,immediate_early_response,8,0.8179800063371658
LNCAPCLONEFGC_PROSTATE,ACH-000977,prostate cancer,48,immediate_early_response,8,-0.1487865224480629
LS1034_LARGE_INTESTINE,ACH-000252,colon/colorectal cancer,3,immediate_early_response,8,-1.9155741333961487
LS1034_LARGE_INTESTINE,ACH-000252,colon/colorectal cancer,6,immediate_early_response,8,-2.3394845873117447
LS1034_LARGE_INTESTINE,ACH-000252,colon/colorectal cancer,12,immediate_early_response,8,-2.502406746149063
LS1034_LARGE_INTESTINE,ACH-000252,colon/colorectal cancer,24,immediate_early_response,8,-1.514259584248066
LS1034_LARGE_INTESTINE,ACH-000252,colon/colorectal cancer,48,immediate_early_response,8,-0.9968260675668716
NCIH226_LUNG,ACH-000367,lung cancer,3,immediate_early_response,8,-0.8891877084970474
NCIH226_LUNG,ACH-000367,lung cancer,6,immediate_early_response,8,-0.9584236964583397
NCIH226_LUNG,ACH-000367,lung cancer,12,immediate_early_response,8,-0.79427470266819
NCIH226_LUNG,ACH-000367,lung cancer,24,immediate_early_response,8,-0.952466756105423
NCIH226_LUNG,ACH-000367,lung cancer,48,immediate_early_response,8,-0.9207504093647003
RCC10RGB_KIDNEY,ACH-000189,kidney cancer,3,immediate_early_response,8,-0.2735798917710781
RCC10RGB_KIDNEY,ACH-000189,kidney cancer,6,immediate_early_response,8,-0.9415544793009758
RCC10RGB_KIDNEY,ACH-000189,kidney cancer,12,immediate_early_response,8,-0.5478572510182858
RCC10RGB_KIDNEY,ACH-000189,kidney cancer,24,immediate_early_response,8,-0.5199171975255013
RCC10RGB_KIDNEY,ACH-000189,kidney cancer,48,immediate_early_response,8,-0.7519256956875324
RCM1_LARGE_INTESTINE,ACH-000565,colon/colorectal cancer,3,immediate_early_response,8,-1.6405169516801834
RCM1_LARGE_INTESTINE,ACH-000565,colon/colorectal cancer,6,immediate_early_response,8,-1.9436279237270355
RCM1_LARGE_INTESTINE,ACH-000565,colon/colorectal cancer,12,immediate_early_response,8,-1.7927559465169907
RCM1_LARGE_INTESTINE,ACH-000565,colon/colorectal cancer,24,immediate_early_response,8,-1.6212427914142609
RCM1_LARGE_INTESTINE,ACH-000565,colon/colorectal cancer,48,immediate_early_response,8,-1.8995254635810852
RERFLCAD1_LUNG,ACH-000791,lung cancer,3,immediate_early_response,8,-2.578675627708435
RERFLCAD1_LUNG,ACH-000791,lung cancer,6,immediate_early_response,8,-2.5856721848249435
RERFLCAD1_LUNG,ACH-000791,lung cancer,12,immediate_early_response,8,-2.5009334683418274
RERFLCAD1_LUNG,ACH-000791,lung cancer,24,immediate_early_response,8,-2.727256700396538
RERFLCAD1_LUNG,ACH-000791,lung cancer,48,immediate_early_response,8,-2.583350718021393
SH10TC_STOMACH,ACH-000764,gastric cancer,3,immediate_early_response,8,-1.3801661357283592
SH10TC_STOMACH,ACH-000764,gastric cancer,6,immediate_early_response,8,-1.4312359988689423
SH10TC_STOMACH,ACH-000764,gastric cancer,12,immediate_early_response,8,-1.5457402914762497
SH10TC_STOMACH,ACH-000764,gastric cancer,24,immediate_early_response,8,-1.9401677250862122
SH10TC_STOMACH,ACH-000764,gastric cancer,48,immediate_early_response,8,-2.1484138518571854
SKMEL2_SKIN,ACH-001190,skin cancer,3,immediate_early_response,8,-1.7036929279565811
SKMEL2_SKIN,ACH-001190,skin cancer,6,immediate_early_response,8,-2.1662886440753937
SKMEL2_SKIN,ACH-001190,skin cancer,12,immediate_early_response,8,-2.3279247730970383
SKMEL2_SKIN,ACH-001190,skin cancer,24,immediate_early_response,8,-2.7062894105911255
SKMEL2_SKIN,ACH-001190,skin cancer,48,immediate_early_response,8,-3.1611629128456116
SKMEL3_SKIN,ACH-000423,skin cancer,3,immediate_early_response,8,-1.329388715326786
SKMEL3_SKIN,ACH-000423,skin cancer,6,immediate_early_response,8,-1.033790871500969
SKMEL3_SKIN,ACH-000423,skin cancer,12,immediate_early_response,8,-1.3179545849561691
SKMEL3_SKIN,ACH-000423,skin cancer,24,immediate_early_response,8,-1.3923955708742142
SKMEL3_SKIN,ACH-000423,skin cancer,48,immediate_early_response,8,-1.4124630093574524
SNU1079_BILIARY_TRACT,ACH-000209,bile duct cancer,3,immediate_early_response,8,-1.7898259311914444
SNU1079_BILIARY_TRACT,ACH-000209,bile duct cancer,6,immediate_early_response,8,-1.8597388863563538
SNU1079_BILIARY_TRACT,ACH-000209,bile duct cancer,12,immediate_early_response,8,-1.7121818736195564
SNU1079_BILIARY_TRACT,ACH-000209,bile duct cancer,24,immediate_early_response,8,-1.7534867227077484
SNU1079_BILIARY_TRACT,ACH-000209,bile duct cancer,48,immediate_early_response,8,-1.6843447834253311
SQ1_LUNG,ACH-000553,lung cancer,3,immediate_early_response,8,-1.4005564898252487
SQ1_LUNG,ACH-000553,lung cancer,6,immediate_early_response,8,-1.6461673229932785
SQ1_LUNG,ACH-000553,lung cancer,12,immediate_early_response,8,-1.246968999505043
SQ1_LUNG,ACH-000553,lung cancer,24,immediate_early_response,8,-1.7639199495315552
SQ1_LUNG,ACH-000553,lung cancer,48,immediate_early_response,8,-1.7775933146476746
TEN_ENDOMETRIUM,ACH-000397,endometrial/uterine cancer,3,immediate_early_response,8,-1.4388035982847214
TEN_ENDOMETRIUM,ACH-000397,endometrial/uterine cancer,6,immediate_early_response,8,-1.2762362509965897
TEN_ENDOMETRIUM,ACH-000397,endometrial/uterine cancer,12,immediate_early_response,8,-1.6489422172307968
TEN_ENDOMETRIUM,ACH-000397,endometrial/uterine cancer,24,immediate_early_response,8,-1.581465557217598
TEN_ENDOMETRIUM,ACH-000397,endometrial/uterine cancer,48,immediate_early_response,8,-1.6502236723899841
UMUC1_URINARY_TRACT,ACH-000834,bladder cancer,3,immediate_early_response,8,-1.5611311346292496
UMUC1_URINARY_TRACT,ACH-000834,bladder cancer,6,immediate_early_response,8,-1.5716582685709
UMUC1_URINARY_TRACT,ACH-000834,bladder cancer,12,immediate_early_response,8,-1.5752964094281197
UMUC1_URINARY_TRACT,ACH-000834,bladder cancer,24,immediate_early_response,8,-1.6997992284595966
UMUC1_URINARY_TRACT,ACH-000834,bladder cancer,48,immediate_early_response,8,-1.727101743221283
