cell_line,depmap_id,author_ccle_id,lineage,lineage_subtype,trametinib_auc,trametinib_sensitivity,prism_auc,gdsc_auc,braf_mut,kras_mut,hras_mut,nras_mut,annotation_source,sensitivity_use
22RV1_PROSTATE,ACH-000956,22RV1_PROSTATE,prostate,,0.9920530024560072,0.007946997543992751,1.24218265366475,0.925561,True,False,False,False,Figshare all_CL_features.rds v3,interpretation_only_not_model_input
42MGBA_CENTRAL_NERVOUS_SYSTEM,ACH-000323,42MGBA_CENTRAL_NERVOUS_SYSTEM,central_nervous_system,glioma,0.8224133531717482,0.17758664682825176,0.780042008409087,0.862649,False,False,False,False,Figshare all_CL_features.rds v3,interpretation_only_not_model_input
769P_KIDNEY,ACH-000411,769P_KIDNEY,kidney,,0.7263326203733353,0.27366737962666465,0.841792780927865,0.493203,False,False,False,False,Figshare all_CL_features.rds v3,interpretation_only_not_model_input
786O_KIDNEY,ACH-000649,786O_KIDNEY,kidney,,0.9650475479192104,0.034952452080789564,1.42993681354175,0.733308,False,False,False,False,Figshare all_CL_features.rds v3,interpretation_only_not_model_input
8505C_THYROID,ACH-001307,8505C_THYROID,thyroid,,0.5029299892855361,0.4970700107144639,0.596159424194532,0.403125,True,False,False,False,Figshare all_CL_features.rds v3,interpretation_only_not_model_input
A2780_OVARY,ACH-000657,A2780_OVARY,ovary,ovary_adenocarcinoma,0.4958855637374039,0.5041144362625961,0.544069317622124,0.499448,False,False,False,False,Figshare all_CL_features.rds v3,interpretation_only_not_model_input
A375_SKIN,ACH-000219,A375_SKIN,skin,melanoma,0.277066262940654,0.722933737059346,0.496151754348511,0.032979,True,False,False,False,Figshare all_CL_features.rds v3,interpretation_only_not_model_input
ACCMESO1_PLEURA,ACH-000086,ACCMESO1_PLEURA,mesothelioma,,0.8959091436980202,0.10409085630197978,0.844888613664355,,False,False,False,False,Figshare all_CL_features.rds v3,interpretation_only_not_model_input
AGS_STOMACH,ACH-000880,AGS_STOMACH,gastric,gastric_adenocarcinoma,0.2829364858994315,0.7170635141005686,0.457672571823393,,False,True,False,False,Figshare all_CL_features.rds v3,interpretation_only_not_model_input
BEN_LUNG,ACH-000603,BEN_LUNG,lung,lung_NSC,1.0784506400612672,-0.07845064006126723,1.28064202357905,0.984424,False,False,False,False,Figshare all_CL_features.rds v3,interpretation_only_not_model_input
CAL120_BREAST,ACH-000212,CAL120_BREAST,breast,TNBC,0.8452282039322672,0.15477179606773284,1.04812123509912,0.67427,False,False,False,False,Figshare all_CL_features.rds v3,interpretation_only_not_model_input
CAL62_THYROID,ACH-000174,CAL62_THYROID,thyroid,,0.5790433573278708,0.4209566426721292,0.713479691082356,0.304272,False,True,False,False,Figshare all_CL_features.rds v3,interpretation_only_not_model_input
CAOV3_OVARY,ACH-000713,CAOV3_OVARY,ovary,ovary_adenocarcinoma,0.879057959879154,0.12094204012084597,0.822080944092519,,False,False,False,False,Figshare all_CL_features.rds v3,interpretation_only_not_model_input
CJM_SKIN,ACH-000458,CJM_SKIN,skin,melanoma,1.0465528487664546,-0.0465528487664546,1.10739217565127,,False,False,True,False,Figshare all_CL_features.rds v3,interpretation_only_not_model_input
COLO668_LUNG,ACH-000803,COLO668_LUNG,lung,lung_small,0.9245428435428321,0.07545715645716788,0.912105620398494,0.955053,False,True,False,False,Figshare all_CL_features.rds v3,interpretation_only_not_model_input
COLO680N_OESOPHAGUS,ACH-000717,COLO680N_OESOPHAGUS,esophagus,esophagus_squamous,0.7676131639519772,0.2323868360480228,0.70160986673789,0.869733,False,False,False,False,Figshare all_CL_features.rds v3,interpretation_only_not_model_input
COV434_OVARY,ACH-000123,COV434_OVARY,ovary,ovary_adenocarcinoma,0.826943406907677,0.17305659309232302,0.773865236359736,,False,False,False,False,Figshare all_CL_features.rds v3,interpretation_only_not_model_input
DMS273_LUNG,ACH-000749,DMS273_LUNG,lung,lung_small,1.0579514916580717,-0.057951491658071674,1.12571841283787,,False,False,False,False,Figshare all_CL_features.rds v3,interpretation_only_not_model_input
EFM192A_BREAST,ACH-000117,EFM192A_BREAST,breast,TPBC,0.9457194707881382,0.05428052921186177,0.99782953682142,0.954094,False,False,False,False,Figshare all_CL_features.rds v3,interpretation_only_not_model_input
G401_SOFT_TISSUE,ACH-000096,G401_SOFT_TISSUE,rhabdoid,,0.7254543200715405,0.27454567992845946,0.732031820270718,0.698728,False,False,False,False,Figshare all_CL_features.rds v3,interpretation_only_not_model_input
GCIY_STOMACH,ACH-000047,GCIY_STOMACH,gastric,gastric_adenocarcinoma,0.4071512201213993,0.5928487798786006,0.535414887905799,,False,False,False,False,Figshare all_CL_features.rds v3,interpretation_only_not_model_input
GP2D_LARGE_INTESTINE,ACH-000982,GP2D_LARGE_INTESTINE,colorectal,colorectal_MSI,0.8963281117707331,0.10367188822926687,0.844997281649037,,False,True,False,False,Figshare all_CL_features.rds v3,interpretation_only_not_model_input
HCC1143_BREAST,ACH-000374,HCC1143_BREAST,breast,TNBC,0.6030452958252157,0.3969547041747843,0.65173348159007,0.520594,False,False,False,False,Figshare all_CL_features.rds v3,interpretation_only_not_model_input
HCC1195_LUNG,ACH-000868,HCC1195_LUNG,lung,lung_NSC,0.929764606529185,0.07023539347081498,0.885078774233005,,False,False,False,True,Figshare all_CL_features.rds v3,interpretation_only_not_model_input
HCC1419_BREAST,ACH-000277,HCC1419_BREAST,breast,HER2Amp,0.8586619334072456,0.14133806659275439,0.759516525711613,0.958783,False,False,False,False,Figshare all_CL_features.rds v3,interpretation_only_not_model_input
HEC1B_ENDOMETRIUM,ACH-000941,HEC1B_ENDOMETRIUM,uterus,uterus_endometrium,0.7584532069220943,0.24154679307790572,0.730238578042266,,False,True,False,False,Figshare all_CL_features.rds v3,interpretation_only_not_model_input
HEP3B217_LIVER,ACH-000625,HEP3B217_LIVER,liver,,0.562572910237511,0.437427089762489,0.711257432162363,0.262575,False,False,False,False,Figshare all_CL_features.rds v3,interpretation_only_not_model_input
HS766T_PANCREAS,ACH-000178,HS766T_PANCREAS,pancreas,,0.4667885527171777,0.5332114472828223,0.435274504079283,0.674987,False,True,False,False,Figshare all_CL_features.rds v3,interpretation_only_not_model_input
HS852T_SKIN,ACH-000274,HS852T_SKIN,skin,melanoma,0.5171792344221446,0.48282076557785536,0.598275704324973,,False,False,False,True,Figshare all_CL_features.rds v3,interpretation_only_not_model_input
HUCCT1_BILIARY_TRACT,ACH-000976,HUCCT1_BILIARY_TRACT,bile_duct,cholangiocarcinoma,0.3431027789752281,0.6568972210247719,0.513855974136225,0.150599,False,True,False,False,Figshare all_CL_features.rds v3,interpretation_only_not_model_input
IGR1_SKIN,ACH-000882,IGR1_SKIN,skin,melanoma,0.3654668639447316,0.6345331360552684,0.504160478827457,,True,False,False,False,Figshare all_CL_features.rds v3,interpretation_only_not_model_input
IGROV1_OVARY,ACH-000966,IGROV1_OVARY,ovary,ovary_adenocarcinoma,0.7735065233369045,0.2264934766630955,0.883399466045026,0.588915,False,False,False,False,Figshare all_CL_features.rds v3,interpretation_only_not_model_input
ISTMES1_PLEURA,ACH-000569,ISTMES1_PLEURA,mesothelioma,,0.984915884650176,0.015084115349824012,0.904535513773284,0.984608,False,False,False,False,Figshare all_CL_features.rds v3,interpretation_only_not_model_input
J82_URINARY_TRACT,ACH-000396,J82_URINARY_TRACT,urinary_tract,,0.8661994641416302,0.13380053585836982,0.838931167268472,0.896301,False,False,False,False,Figshare all_CL_features.rds v3,interpretation_only_not_model_input
JHH5_LIVER,ACH-000734,JHH5_LIVER,liver,,0.46104163494685235,0.5389583650531476,0.563288883662079,,False,False,False,False,Figshare all_CL_features.rds v3,interpretation_only_not_model_input
KNS42_CENTRAL_NERVOUS_SYSTEM,ACH-000622,KNS42_CENTRAL_NERVOUS_SYSTEM,central_nervous_system,glioma,0.9030079797226511,0.09699202027734888,0.8455858187693,0.963675,False,False,False,False,Figshare all_CL_features.rds v3,interpretation_only_not_model_input
KNS60_CENTRAL_NERVOUS_SYSTEM,ACH-000445,KNS60_CENTRAL_NERVOUS_SYSTEM,central_nervous_system,glioma,0.9235358147835393,0.0764641852164607,0.874959299595516,,False,False,False,False,Figshare all_CL_features.rds v3,interpretation_only_not_model_input
KNS81_CENTRAL_NERVOUS_SYSTEM,ACH-000479,KNS81_CENTRAL_NERVOUS_SYSTEM,central_nervous_system,glioma,0.7853249186040573,0.2146750813959427,0.745989147825496,,False,False,False,False,Figshare all_CL_features.rds v3,interpretation_only_not_model_input
KYSE270_OESOPHAGUS,ACH-000873,KYSE270_OESOPHAGUS,esophagus,esophagus_squamous,0.8473563605034711,0.15264363949652893,0.77137880661916,0.928071,False,False,False,False,Figshare all_CL_features.rds v3,interpretation_only_not_model_input
LI7_LIVER,ACH-000471,LI7_LIVER,liver,,0.8192485885911402,0.18075141140885975,0.767359436093075,,False,False,False,False,Figshare all_CL_features.rds v3,interpretation_only_not_model_input
LK2_LUNG,ACH-000769,LK2_LUNG,lung,lung_NSC,0.8071008967718436,0.1928991032281564,,0.858249,False,False,False,False,Figshare all_CL_features.rds v3,interpretation_only_not_model_input
LMSU_STOMACH,ACH-000255,LMSU_STOMACH,gastric,,0.7889443522881889,0.21105564771181107,0.74835507913214,,False,False,False,False,Figshare all_CL_features.rds v3,interpretation_only_not_model_input
LN229_CENTRAL_NERVOUS_SYSTEM,ACH-000595,LN229_CENTRAL_NERVOUS_SYSTEM,central_nervous_system,glioma,0.6428885957718942,0.35711140422810583,0.723686909773379,0.464778,False,False,False,False,Figshare all_CL_features.rds v3,interpretation_only_not_model_input
LNCAPCLONEFGC_PROSTATE,ACH-000977,LNCAPCLONEFGC_PROSTATE,prostate,,0.9451991411551677,0.05480085884483232,0.892328361380036,0.98164,False,False,False,False,Figshare all_CL_features.rds v3,interpretation_only_not_model_input
LOVO_LARGE_INTESTINE,ACH-000950,LOVO_LARGE_INTESTINE,colorectal,colorectal_MSI,0.5177850952632148,0.4822149047367852,0.590837926178378,0.462816,False,True,False,False,Figshare all_CL_features.rds v3,interpretation_only_not_model_input
LUDLU1_LUNG,ACH-000390,LUDLU1_LUNG,lung,lung_NSC,0.6814077914324009,0.31859220856759907,0.679210454866379,,False,False,False,False,Figshare all_CL_features.rds v3,interpretation_only_not_model_input
MALME3M_SKIN,ACH-000477,MALME3M_SKIN,skin,melanoma,0.25155243043667985,0.7484475695633201,0.432470740146339,,True,False,False,False,Figshare all_CL_features.rds v3,interpretation_only_not_model_input
MDAMB435S_SKIN,ACH-000884,MDAMB435S_SKIN,skin,melanoma,0.26844296901688147,0.7315570309831185,0.44007872345067,,True,False,False,False,Figshare all_CL_features.rds v3,interpretation_only_not_model_input
MDAMB468_BREAST,ACH-000849,MDAMB468_BREAST,breast,TNBC,0.8750921339321706,0.12490786606782944,0.860193979979072,0.890815,False,False,False,False,Figshare all_CL_features.rds v3,interpretation_only_not_model_input
MIAPACA2_PANCREAS,ACH-000601,MIAPACA2_PANCREAS,pancreas,,0.42288562788866996,0.5771143721113301,0.517857793721413,0.362784,False,True,False,False,Figshare all_CL_features.rds v3,interpretation_only_not_model_input
MSTO211H_PLEURA,ACH-000335,MSTO211H_PLEURA,mesothelioma,,0.3194007303148024,0.6805992696851977,0.480196879358079,,False,False,False,False,Figshare all_CL_features.rds v3,interpretation_only_not_model_input
NCIH1048_LUNG,ACH-000866,NCIH1048_LUNG,lung,lung_small,0.8518579311927313,0.14814206880726866,0.728686906364688,0.980791,False,False,False,False,Figshare all_CL_features.rds v3,interpretation_only_not_model_input
NCIH1299_LUNG,ACH-000510,NCIH1299_LUNG,lung,lung_NSC,0.6087111432455228,0.3912888567544772,0.694143470128467,0.420643,False,False,False,True,Figshare all_CL_features.rds v3,interpretation_only_not_model_input
NCIH1355_LUNG,ACH-000666,NCIH1355_LUNG,lung,lung_NSC,0.5448398885089778,0.4551601114910222,0.599242249801595,0.510533,False,True,False,False,Figshare all_CL_features.rds v3,interpretation_only_not_model_input
NCIH1573_LUNG,ACH-000916,NCIH1573_LUNG,lung,lung_NSC,0.7706026342237704,0.2293973657762296,0.74946863541499,0.774836,False,True,False,True,Figshare all_CL_features.rds v3,interpretation_only_not_model_input
NCIH1581_LUNG,ACH-000015,NCIH1581_LUNG,lung,lung_NSC,0.745309436181889,0.25469056381811095,0.662920150946377,0.899323,False,False,False,False,Figshare all_CL_features.rds v3,interpretation_only_not_model_input
NCIH1650_LUNG,ACH-000035,NCIH1650_LUNG,lung,lung_NSC,0.8945121809739,0.10548781902610005,0.841867694499946,,False,False,False,False,Figshare all_CL_features.rds v3,interpretation_only_not_model_input
NCIH1693_LUNG,ACH-000021,NCIH1693_LUNG,lung,lung_NSC,0.6863821652871727,0.31361783471282734,0.704623404351002,0.634947,False,False,False,False,Figshare all_CL_features.rds v3,interpretation_only_not_model_input
NCIH1793_LUNG,ACH-000888,NCIH1793_LUNG,lung,lung_NSC,0.8012191250967533,0.1987808749032467,0.807655640450921,0.763994,False,False,False,False,Figshare all_CL_features.rds v3,interpretation_only_not_model_input
NCIH1915_LUNG,ACH-000434,NCIH1915_LUNG,lung,lung_NSC,0.456519725422737,0.543480274577263,0.635140011853539,0.174938,False,False,True,False,Figshare all_CL_features.rds v3,interpretation_only_not_model_input
NCIH2126_LUNG,ACH-000785,NCIH2126_LUNG,lung,lung_NSC,0.9014142117706654,0.09858578822933461,0.849428500822405,,False,False,False,False,Figshare all_CL_features.rds v3,interpretation_only_not_model_input
NCIH2347_LUNG,ACH-000875,NCIH2347_LUNG,lung,lung_NSC,0.3764784253139003,0.6235215746860997,0.470583827411964,0.329904,False,True,False,True,Figshare all_CL_features.rds v3,interpretation_only_not_model_input
NCIH23_LUNG,ACH-000900,NCIH23_LUNG,lung,lung_NSC,0.7099773877371387,0.2900226122628613,0.754767150660788,0.585064,False,True,False,False,Figshare all_CL_features.rds v3,interpretation_only_not_model_input
NCIH2444_LUNG,ACH-000186,NCIH2444_LUNG,lung,lung_NSC,0.6276523780986296,0.3723476219013704,0.537558211857119,0.898953,False,True,False,False,Figshare all_CL_features.rds v3,interpretation_only_not_model_input
NCIH322_LUNG,ACH-000837,NCIH322_LUNG,lung,lung_NSC,0.7356277818633916,0.2643722181366084,0.713495827257078,,False,False,False,False,Figshare all_CL_features.rds v3,interpretation_only_not_model_input
NCIH522_LUNG,ACH-000343,NCIH522_LUNG,lung,lung_NSC,0.9046895803279871,0.09531041967201292,0.971276755552299,0.883819,False,False,False,False,Figshare all_CL_features.rds v3,interpretation_only_not_model_input
NCIH838_LUNG,ACH-000416,NCIH838_LUNG,lung,lung_NSC,0.8531335791636729,0.14686642083632706,0.84948442866531,0.85392,False,False,False,False,Figshare all_CL_features.rds v3,interpretation_only_not_model_input
NCIH841_LUNG,ACH-000292,NCIH841_LUNG,lung,lung_small,0.8519970415267398,0.14800295847326017,,0.906615,False,False,False,False,Figshare all_CL_features.rds v3,interpretation_only_not_model_input
NUGC3_STOMACH,ACH-000911,NUGC3_STOMACH,gastric,gastric_adenocarcinoma,0.48072122549562,0.51927877450438,0.520302130713853,0.517793,False,False,False,False,Figshare all_CL_features.rds v3,interpretation_only_not_model_input
OAW42_OVARY,ACH-000704,OAW42_OVARY,ovary,,0.7813115152554448,0.21868848474455516,0.840719979379126,0.663894,False,False,False,False,Figshare all_CL_features.rds v3,interpretation_only_not_model_input
OSRC2_KIDNEY,ACH-000159,OSRC2_KIDNEY,kidney,,0.8043399903893197,0.1956600096106803,0.762761299031886,0.839988,False,False,False,False,Figshare all_CL_features.rds v3,interpretation_only_not_model_input
PANC0403_PANCREAS,ACH-000235,PANC0403_PANCREAS,pancreas,,0.4788002726500569,0.5211997273499431,0.578006308851989,,False,True,False,False,Figshare all_CL_features.rds v3,interpretation_only_not_model_input
PATU8988S_PANCREAS,ACH-000022,PATU8988S_PANCREAS,pancreas,,0.5326264458747405,0.4673735541252595,0.606816550279699,,False,True,False,False,Figshare all_CL_features.rds v3,interpretation_only_not_model_input
PC3_PROSTATE,ACH-000090,PC3_PROSTATE,prostate,,0.9039085779205047,0.09609142207949528,0.808707494891658,0.97985,False,False,False,False,Figshare all_CL_features.rds v3,interpretation_only_not_model_input
QGP1_PANCREAS,ACH-000347,QGP1_PANCREAS,pancreas,,0.5709870745303858,0.4290129254696142,0.63105515228602,,False,True,False,False,Figshare all_CL_features.rds v3,interpretation_only_not_model_input
RCC10RGB_KIDNEY,ACH-000189,RCC10RGB_KIDNEY,kidney,,0.6912541322205652,0.3087458677794348,0.660963924253193,0.765542,False,False,False,False,Figshare all_CL_features.rds v3,interpretation_only_not_model_input
RH30_SOFT_TISSUE,ACH-000833,RH30_SOFT_TISSUE,rhabdomyosarcoma,,0.6101821556124891,0.3898178443875109,0.643352463032087,,False,False,False,False,Figshare all_CL_features.rds v3,interpretation_only_not_model_input
SKMEL24_SKIN,ACH-000822,SKMEL24_SKIN,skin,melanoma,0.36032287852512757,0.6396771214748724,0.500288311003867,0.221386,True,False,False,False,Figshare all_CL_features.rds v3,interpretation_only_not_model_input
SKUT1_SOFT_TISSUE,ACH-000939,SKUT1_SOFT_TISSUE,soft_tissue,leiomyosarcoma,0.8075376271303685,0.19246237286963153,0.734213465707432,0.905823,False,False,False,False,Figshare all_CL_features.rds v3,interpretation_only_not_model_input
SNB75_CENTRAL_NERVOUS_SYSTEM,ACH-000504,SNB75_CENTRAL_NERVOUS_SYSTEM,central_nervous_system,glioma,0.7796397720078305,0.22036022799216948,0.744194859787596,0.812996,False,False,False,False,Figshare all_CL_features.rds v3,interpretation_only_not_model_input
SNU1041_UPPER_AERODIGESTIVE_TRACT,ACH-000618,SNU1041_UPPER_AERODIGESTIVE_TRACT,upper_aerodigestive,upper_aerodigestive_squamous,0.8771394633621455,0.12286053663785446,0.820399970611821,,False,False,False,False,Figshare all_CL_features.rds v3,interpretation_only_not_model_input
SNU1105_CENTRAL_NERVOUS_SYSTEM,ACH-000368,SNU1105_CENTRAL_NERVOUS_SYSTEM,central_nervous_system,glioma,0.7167178868782121,0.28328211312178786,0.70119424823369,,False,False,False,False,Figshare all_CL_features.rds v3,interpretation_only_not_model_input
SNU1214_UPPER_AERODIGESTIVE_TRACT,ACH-000715,SNU1214_UPPER_AERODIGESTIVE_TRACT,upper_aerodigestive,upper_aerodigestive_squamous,0.4297089981434639,0.5702910018565361,0.544400665769965,,False,False,False,False,Figshare all_CL_features.rds v3,interpretation_only_not_model_input
SNU245_BILIARY_TRACT,ACH-000268,SNU245_BILIARY_TRACT,bile_duct,cholangiocarcinoma,0.5208547086473753,0.47914529135262474,0.600176212712626,,False,False,False,False,Figshare all_CL_features.rds v3,interpretation_only_not_model_input
SNU685_ENDOMETRIUM,ACH-000407,SNU685_ENDOMETRIUM,uterus,uterus_endometrium,0.7159669690432563,0.2840330309567437,0.700108618974883,,False,False,False,False,Figshare all_CL_features.rds v3,interpretation_only_not_model_input
SW480_LARGE_INTESTINE,ACH-000842,SW480_LARGE_INTESTINE,colorectal,,0.4371310398876486,0.5628689601123513,0.54608178673312,,False,True,False,False,Figshare all_CL_features.rds v3,interpretation_only_not_model_input
SW48_LARGE_INTESTINE,ACH-000958,SW48_LARGE_INTESTINE,colorectal,colorectal_MSI,0.649982039230214,0.350017960769786,0.734548129285794,0.460759,False,False,False,False,Figshare all_CL_features.rds v3,interpretation_only_not_model_input
SW579_THYROID,ACH-000163,SW579_THYROID,thyroid,,0.56157109081317,0.43842890918683,0.626640445258199,,False,False,False,False,Figshare all_CL_features.rds v3,interpretation_only_not_model_input
SW900_LUNG,ACH-000669,SW900_LUNG,lung,lung_NSC,0.6620321770286478,0.3379678229713522,0.734841427257028,0.490368,False,True,False,False,Figshare all_CL_features.rds v3,interpretation_only_not_model_input
TE11_OESOPHAGUS,ACH-000488,TE11_OESOPHAGUS,esophagus,esophagus_squamous,0.8484525598914794,0.15154744010852061,0.799608830622731,0.894568,False,False,False,False,Figshare all_CL_features.rds v3,interpretation_only_not_model_input
TE6_OESOPHAGUS,ACH-000605,TE6_OESOPHAGUS,esophagus,esophagus_squamous,0.8634467164968769,0.13655328350312312,0.773802080937673,0.952388,False,False,False,False,Figshare all_CL_features.rds v3,interpretation_only_not_model_input
TEN_ENDOMETRIUM,ACH-000397,TEN_ENDOMETRIUM,uterus,uterus_endometrium,1.1485003430412701,-0.14850034304127013,1.30847686868859,,False,False,False,False,Figshare all_CL_features.rds v3,interpretation_only_not_model_input
TUHR4TKB_KIDNEY,ACH-000495,TUHR4TKB_KIDNEY,kidney,,0.883374268226462,0.11662573177353797,0.826454825394197,,False,False,False,False,Figshare all_CL_features.rds v3,interpretation_only_not_model_input
UACC257_SKIN,ACH-000579,UACC257_SKIN,skin,melanoma,0.31923449623569394,0.6807655037643061,0.499567482082074,0.113417,True,False,False,False,Figshare all_CL_features.rds v3,interpretation_only_not_model_input
