cell_line,depmap_id,author_ccle_id,lineage,lineage_subtype,trametinib_auc,trametinib_sensitivity,prism_auc,gdsc_auc,braf_mut,kras_mut,hras_mut,nras_mut,annotation_source,sensitivity_use,dmso_6h_normal,dmso_24h_normal,trametinib_24h_normal,dmso_pooled_normal,primary_strict_eligible,reproduction_pooled_eligible,outer_fold,b1_rmse,b4_rmse,cclr_rmse,response_rms,baseline_novelty,min_condition_cells,b4_rmse_gain_vs_b1,cclr_rmse_gain_vs_b1
22RV1_PROSTATE,ACH-000956,22RV1_PROSTATE,prostate,,0.9920530024560072,0.0079469975439927,1.24218265366475,0.925561,True,False,False,False,Figshare all_CL_features.rds v3,interpretation_only_not_model_input,101,43,69,144,True,True,1,0.4145789406483807,0.4132808941291311,0.41314578915467,0.42917958,3.6577530233277726,43,0.001298046519249585,0.0014331514937107048
42MGBA_CENTRAL_NERVOUS_SYSTEM,ACH-000323,42MGBA_CENTRAL_NERVOUS_SYSTEM,central_nervous_system,glioma,0.8224133531717482,0.1775866468282517,0.780042008409087,0.862649,False,False,False,False,Figshare all_CL_features.rds v3,interpretation_only_not_model_input,112,77,167,189,True,True,2,0.2139863223472762,0.2120563830810573,0.2121002485365168,0.23937428,2.014951171963817,77,0.0019299392662188997,0.0018860738107593922
769P_KIDNEY,ACH-000411,769P_KIDNEY,kidney,,0.7263326203733353,0.2736673796266646,0.841792780927865,0.493203,False,False,False,False,Figshare all_CL_features.rds v3,interpretation_only_not_model_input,140,110,197,250,True,True,3,0.2610065476149723,0.2599334572543249,0.2608279330882102,0.29261464,2.7858285097154742,110,0.0010730903606473996,0.00017861452676209977
786O_KIDNEY,ACH-000649,786O_KIDNEY,kidney,,0.9650475479192104,0.0349524520807895,1.42993681354175,0.733308,False,False,False,False,Figshare all_CL_features.rds v3,interpretation_only_not_model_input,135,108,254,243,True,True,2,0.1932254810590707,0.1878683842500525,0.188395856343148,0.21295984,2.1446987316418933,108,0.005357096809018191,0.004829624715922687
8505C_THYROID,ACH-001307,8505C_THYROID,thyroid,,0.5029299892855361,0.4970700107144639,0.596159424194532,0.403125,True,False,False,False,Figshare all_CL_features.rds v3,interpretation_only_not_model_input,104,91,116,195,True,True,0,0.2874638794684673,0.2848947051313276,0.2856422796761649,0.33609623,2.2856769409944913,91,0.0025691743371397124,0.0018215997923023974
A2780_OVARY,ACH-000657,A2780_OVARY,ovary,ovary_adenocarcinoma,0.4958855637374039,0.5041144362625961,0.544069317622124,0.499448,False,False,False,False,Figshare all_CL_features.rds v3,interpretation_only_not_model_input,118,182,206,300,True,True,0,0.2732165350956175,0.2724974489189545,0.274158662581186,0.31778497,2.940414688110538,182,0.0007190861766629975,-0.0009421274855684891
A375_SKIN,ACH-000219,A375_SKIN,skin,melanoma,0.277066262940654,0.722933737059346,0.496151754348511,0.032979,True,False,False,False,Figshare all_CL_features.rds v3,interpretation_only_not_model_input,75,102,135,177,True,True,1,0.3921292507263841,0.3831290237884984,0.3841101561024216,0.47411942,3.301796975013928,102,0.009000226937885714,0.008019094623962497
ACCMESO1_PLEURA,ACH-000086,ACCMESO1_PLEURA,mesothelioma,,0.8959091436980202,0.1040908563019797,0.844888613664355,,False,False,False,False,Figshare all_CL_features.rds v3,interpretation_only_not_model_input,129,97,183,226,True,True,3,0.1922162736246278,0.1898660328746673,0.1898493504579024,0.21830463,2.8171812246373684,97,0.002350240749960486,0.0023669231667253765
AGS_STOMACH,ACH-000880,AGS_STOMACH,gastric,gastric_adenocarcinoma,0.2829364858994315,0.7170635141005686,0.457672571823393,,False,True,False,False,Figshare all_CL_features.rds v3,interpretation_only_not_model_input,118,101,125,219,True,True,0,0.2839293639490524,0.2832516702888807,0.2835551719163567,0.3228689,2.5443886090907095,101,0.0006776936601716743,0.0003741920326956749
BEN_LUNG,ACH-000603,BEN_LUNG,lung,lung_NSC,1.0784506400612672,-0.0784506400612672,1.28064202357905,0.984424,False,False,False,False,Figshare all_CL_features.rds v3,interpretation_only_not_model_input,86,74,163,160,True,True,0,0.2707240469956049,0.2756266126845272,0.2782055317496416,0.27159858,3.2155550216668747,74,-0.0049025656889223335,-0.007481484754036705
CAL120_BREAST,ACH-000212,CAL120_BREAST,breast,TNBC,0.8452282039322672,0.1547717960677328,1.04812123509912,0.67427,False,False,False,False,Figshare all_CL_features.rds v3,interpretation_only_not_model_input,87,67,139,154,True,True,1,0.2223777649860951,0.2198544011693985,0.2223341900378213,0.24861155,2.0523906613365903,67,0.0025233638166966,4.3574948273811254e-05
CAL62_THYROID,ACH-000174,CAL62_THYROID,thyroid,,0.5790433573278708,0.4209566426721292,0.713479691082356,0.304272,False,True,False,False,Figshare all_CL_features.rds v3,interpretation_only_not_model_input,186,204,304,390,True,True,3,0.2413345660255218,0.239813732681045,0.240566211516383,0.30760458,2.2488812049796,204,0.0015208333444768074,0.0007683545091388133
CAOV3_OVARY,ACH-000713,CAOV3_OVARY,ovary,ovary_adenocarcinoma,0.879057959879154,0.1209420401208459,0.822080944092519,,False,False,False,False,Figshare all_CL_features.rds v3,interpretation_only_not_model_input,68,35,87,103,True,True,2,0.2942756974333648,0.2949546627071419,0.295446056991156,0.32752392,3.0292489825902864,35,-0.0006789652737770879,-0.0011703595577912118
CJM_SKIN,ACH-000458,CJM_SKIN,skin,melanoma,1.0465528487664546,-0.0465528487664546,1.10739217565127,,False,False,True,False,Figshare all_CL_features.rds v3,interpretation_only_not_model_input,67,25,54,92,True,True,3,0.4384184229501841,0.4350244314462668,0.4351820813528066,0.48506877,1.703762533282795,25,0.003393991503917282,0.0032363415973774567
COLO668_LUNG,ACH-000803,COLO668_LUNG,lung,lung_small,0.924542843542832,0.0754571564571678,0.912105620398494,0.955053,False,True,False,False,Figshare all_CL_features.rds v3,interpretation_only_not_model_input,53,25,47,78,True,True,1,0.4211966240576792,0.4204593105344341,0.422160323252794,0.4336075,3.2031686167344935,25,0.0007373135232451311,-0.0009636991951147977
COLO680N_OESOPHAGUS,ACH-000717,COLO680N_OESOPHAGUS,esophagus,esophagus_squamous,0.7676131639519772,0.2323868360480228,0.70160986673789,0.869733,False,False,False,False,Figshare all_CL_features.rds v3,interpretation_only_not_model_input,82,57,119,139,True,True,2,0.2744140087810622,0.2738947422560263,0.2747859705042643,0.3106853,3.102334854053619,57,0.0005192665250359219,-0.00037196172320208554
COV434_OVARY,ACH-000123,COV434_OVARY,ovary,ovary_adenocarcinoma,0.826943406907677,0.173056593092323,0.773865236359736,,False,False,False,False,Figshare all_CL_features.rds v3,interpretation_only_not_model_input,69,49,90,118,True,True,1,0.3466689838485079,0.3428568657257285,0.3440352620401002,0.35401812,2.6768924783356156,49,0.0038121181227794287,0.0026337218084077074
DMS273_LUNG,ACH-000749,DMS273_LUNG,lung,lung_small,1.0579514916580717,-0.0579514916580716,1.12571841283787,,False,False,False,False,Figshare all_CL_features.rds v3,interpretation_only_not_model_input,147,124,221,271,True,True,0,0.2159228625454909,0.2104159217881969,0.2091840227402575,0.22707784,2.880750159693126,124,0.005506940757293993,0.006738839805233404
EFM192A_BREAST,ACH-000117,EFM192A_BREAST,breast,TPBC,0.9457194707881382,0.0542805292118617,0.99782953682142,0.954094,False,False,False,False,Figshare all_CL_features.rds v3,interpretation_only_not_model_input,73,34,53,107,True,True,4,0.3760794096889303,0.3768474741260813,0.3761348079191605,0.3948541,3.14334148249092,34,-0.0007680644371510503,-5.539823023020807e-05
G401_SOFT_TISSUE,ACH-000096,G401_SOFT_TISSUE,rhabdoid,,0.7254543200715405,0.2745456799284594,0.732031820270718,0.698728,False,False,False,False,Figshare all_CL_features.rds v3,interpretation_only_not_model_input,92,78,141,170,True,True,2,0.2914336281273836,0.2899243990730384,0.2909638583271528,0.31880894,1.4719450302210115,78,0.0015092290543451958,0.0004697698002307793
GCIY_STOMACH,ACH-000047,GCIY_STOMACH,gastric,gastric_adenocarcinoma,0.4071512201213993,0.5928487798786006,0.535414887905799,,False,False,False,False,Figshare all_CL_features.rds v3,interpretation_only_not_model_input,124,106,179,230,True,True,1,0.2110173024773641,0.2090446630047457,0.2098116118433814,0.24907172,2.8636697133803257,106,0.001972639472618415,0.001205690633982709
GP2D_LARGE_INTESTINE,ACH-000982,GP2D_LARGE_INTESTINE,colorectal,colorectal_MSI,0.8963281117707331,0.1036718882292668,0.844997281649037,,False,True,False,False,Figshare all_CL_features.rds v3,interpretation_only_not_model_input,111,105,131,216,True,True,1,0.2620914362845322,0.2630783059988048,0.2619433594228724,0.2853266,1.7354726204383495,105,-0.0009868697142725869,0.00014807686165979606
HCC1143_BREAST,ACH-000374,HCC1143_BREAST,breast,TNBC,0.6030452958252157,0.3969547041747843,0.65173348159007,0.520594,False,False,False,False,Figshare all_CL_features.rds v3,interpretation_only_not_model_input,91,61,102,152,True,True,2,0.3004807173786026,0.3010311205320891,0.301282993997939,0.32728386,2.879124118386531,61,-0.0005504031534864784,-0.0008022766193364061
HCC1195_LUNG,ACH-000868,HCC1195_LUNG,lung,lung_NSC,0.929764606529185,0.0702353934708149,0.885078774233005,,False,False,False,True,Figshare all_CL_features.rds v3,interpretation_only_not_model_input,45,26,48,71,True,True,0,0.3434771239467876,0.3436236828532654,0.3431505757667041,0.38125673,2.5003787673833204,26,-0.00014655890647780057,0.00032654818008348574
HCC1419_BREAST,ACH-000277,HCC1419_BREAST,breast,HER2Amp,0.8586619334072456,0.1413380665927543,0.759516525711613,0.958783,False,False,False,False,Figshare all_CL_features.rds v3,interpretation_only_not_model_input,86,41,55,127,True,True,3,0.4164359916397935,0.4161468511001427,0.4158927430044689,0.43947926,2.435019876453335,41,0.00028914053965078956,0.0005432486353246224
HEC1B_ENDOMETRIUM,ACH-000941,HEC1B_ENDOMETRIUM,uterus,uterus_endometrium,0.7584532069220943,0.2415467930779057,0.730238578042266,,False,True,False,False,Figshare all_CL_features.rds v3,interpretation_only_not_model_input,86,49,136,135,True,True,4,0.2625146560815929,0.2599647184912965,0.2612264166906788,0.28821504,2.335848903063984,49,0.002549937590296425,0.0012882393909141032
HEP3B217_LIVER,ACH-000625,HEP3B217_LIVER,liver,,0.562572910237511,0.437427089762489,0.711257432162363,0.262575,False,False,False,False,Figshare all_CL_features.rds v3,interpretation_only_not_model_input,35,23,22,58,True,True,3,0.4972080079700353,0.4965942467748857,0.4965864545018532,0.5175792,2.780543373485877,22,0.0006137611951496091,0.0006215534681821011
HS766T_PANCREAS,ACH-000178,HS766T_PANCREAS,pancreas,,0.4667885527171777,0.5332114472828223,0.435274504079283,0.674987,False,True,False,False,Figshare all_CL_features.rds v3,interpretation_only_not_model_input,72,27,31,99,True,True,2,0.5704641652579164,0.5685891724319463,0.568653150915434,0.62546647,3.1033510515168765,27,0.0018749928259701454,0.001811014342482431
HS852T_SKIN,ACH-000274,HS852T_SKIN,skin,melanoma,0.5171792344221446,0.4828207655778553,0.598275704324973,,False,False,False,True,Figshare all_CL_features.rds v3,interpretation_only_not_model_input,57,32,44,89,True,True,4,0.5650596226113231,0.561321243762972,0.5609529895748109,0.5980522,1.8100339976688544,32,0.0037383788483511537,0.004106633036512264
HUCCT1_BILIARY_TRACT,ACH-000976,HUCCT1_BILIARY_TRACT,bile_duct,cholangiocarcinoma,0.3431027789752281,0.6568972210247719,0.513855974136225,0.150599,False,True,False,False,Figshare all_CL_features.rds v3,interpretation_only_not_model_input,55,40,96,95,True,True,3,0.3637427822828422,0.3586719344024285,0.3587259151334783,0.43151587,2.8752163405693314,40,0.005070847880413676,0.0050168671493638906
IGR1_SKIN,ACH-000882,IGR1_SKIN,skin,melanoma,0.3654668639447316,0.6345331360552684,0.504160478827457,,True,False,False,False,Figshare all_CL_features.rds v3,interpretation_only_not_model_input,128,106,162,234,True,True,2,0.2961199123768651,0.2907365749200573,0.291126736722564,0.3418663,2.273463837591795,106,0.005383337456807802,0.004993175654301074
IGROV1_OVARY,ACH-000966,IGROV1_OVARY,ovary,ovary_adenocarcinoma,0.7735065233369045,0.2264934766630955,0.883399466045026,0.588915,False,False,False,False,Figshare all_CL_features.rds v3,interpretation_only_not_model_input,130,140,237,270,True,True,4,0.2160703371358782,0.2134336500884943,0.2147034316932629,0.24610113,2.3516411690502963,140,0.002636687047383901,0.0013669054426153071
ISTMES1_PLEURA,ACH-000569,ISTMES1_PLEURA,mesothelioma,,0.984915884650176,0.015084115349824,0.904535513773284,0.984608,False,False,False,False,Figshare all_CL_features.rds v3,interpretation_only_not_model_input,64,39,94,103,True,True,0,0.310625844123413,0.3102029294771918,0.311136521457952,0.3479701,2.735958522088535,39,0.00042291464622118413,-0.0005106773345390225
J82_URINARY_TRACT,ACH-000396,J82_URINARY_TRACT,urinary_tract,,0.8661994641416302,0.1338005358583698,0.838931167268472,0.896301,False,False,False,False,Figshare all_CL_features.rds v3,interpretation_only_not_model_input,155,98,228,253,True,True,0,0.2176714249328222,0.2170049801337361,0.2199920434178697,0.24497867,2.726777060998548,98,0.0006664447990861189,-0.0023206184850474987
JHH5_LIVER,ACH-000734,JHH5_LIVER,liver,,0.4610416349468523,0.5389583650531476,0.563288883662079,,False,False,False,False,Figshare all_CL_features.rds v3,interpretation_only_not_model_input,94,45,59,139,True,True,4,0.3662182647086007,0.3658729488094865,0.3705313097789515,0.41497517,2.522546365468871,45,0.0003453158991141847,-0.004313045070350796
KNS42_CENTRAL_NERVOUS_SYSTEM,ACH-000622,KNS42_CENTRAL_NERVOUS_SYSTEM,central_nervous_system,glioma,0.9030079797226512,0.0969920202773488,0.8455858187693,0.963675,False,False,False,False,Figshare all_CL_features.rds v3,interpretation_only_not_model_input,89,58,122,147,True,True,3,0.2892731568313366,0.2881008569488426,0.2878884702015285,0.30019757,2.0839028294212714,58,0.00117229988249401,0.001384686629808063
KNS60_CENTRAL_NERVOUS_SYSTEM,ACH-000445,KNS60_CENTRAL_NERVOUS_SYSTEM,central_nervous_system,glioma,0.9235358147835392,0.0764641852164607,0.874959299595516,,False,False,False,False,Figshare all_CL_features.rds v3,interpretation_only_not_model_input,48,37,87,85,True,True,4,0.2810285319584906,0.2794372307595698,0.278573163274424,0.29829937,2.835213499901573,37,0.0015913011989208137,0.0024553686840665945
KNS81_CENTRAL_NERVOUS_SYSTEM,ACH-000479,KNS81_CENTRAL_NERVOUS_SYSTEM,central_nervous_system,glioma,0.7853249186040573,0.2146750813959427,0.745989147825496,,False,False,False,False,Figshare all_CL_features.rds v3,interpretation_only_not_model_input,53,54,95,107,True,True,0,0.3447097687361483,0.3430973123922669,0.3427032437061139,0.38446578,2.313847026765152,54,0.0016124563438814077,0.0020065250300344006
KYSE270_OESOPHAGUS,ACH-000873,KYSE270_OESOPHAGUS,esophagus,esophagus_squamous,0.8473563605034711,0.1526436394965289,0.77137880661916,0.928071,False,False,False,False,Figshare all_CL_features.rds v3,interpretation_only_not_model_input,111,75,124,186,True,True,3,0.2519306443314603,0.2528909858287284,0.2524299410833184,0.2881199,2.6916621359819928,75,-0.0009603414972680913,-0.0004992967518581137
LI7_LIVER,ACH-000471,LI7_LIVER,liver,,0.8192485885911402,0.1807514114088597,0.767359436093075,,False,False,False,False,Figshare all_CL_features.rds v3,interpretation_only_not_model_input,48,42,49,90,True,True,1,0.4258365832703424,0.4273768467329996,0.4271393188199407,0.44097292,2.71609446567393,42,-0.0015402634626571765,-0.0013027355495983106
LK2_LUNG,ACH-000769,LK2_LUNG,lung,lung_NSC,0.8071008967718436,0.1928991032281564,,0.858249,False,False,False,False,Figshare all_CL_features.rds v3,interpretation_only_not_model_input,105,57,94,162,True,True,3,0.3095418633538979,0.3084774876703006,0.3085490621838895,0.31925243,3.0611717535896013,57,0.0010643756835972962,0.0009928011700083839
LMSU_STOMACH,ACH-000255,LMSU_STOMACH,gastric,,0.7889443522881889,0.211055647711811,0.74835507913214,,False,False,False,False,Figshare all_CL_features.rds v3,interpretation_only_not_model_input,102,100,186,202,True,True,3,0.2430469768796793,0.2394253824952437,0.2397184331874724,0.2832253,2.6821068218893296,100,0.0036215943844356002,0.0033285436922068923
LN229_CENTRAL_NERVOUS_SYSTEM,ACH-000595,LN229_CENTRAL_NERVOUS_SYSTEM,central_nervous_system,glioma,0.6428885957718942,0.3571114042281058,0.723686909773379,0.464778,False,False,False,False,Figshare all_CL_features.rds v3,interpretation_only_not_model_input,83,82,124,165,True,True,1,0.3139417423881623,0.3123941718297998,0.3122775130853467,0.3612747,2.8144034522625376,82,0.001547570558362521,0.001664229302815623
LNCAPCLONEFGC_PROSTATE,ACH-000977,LNCAPCLONEFGC_PROSTATE,prostate,,0.9451991411551676,0.0548008588448323,0.892328361380036,0.98164,False,False,False,False,Figshare all_CL_features.rds v3,interpretation_only_not_model_input,104,51,125,155,True,True,4,0.2690688547675526,0.2655532989516462,0.267808003799822,0.26919225,3.856483924842639,51,0.0035155558159064015,0.001260850967730598
LOVO_LARGE_INTESTINE,ACH-000950,LOVO_LARGE_INTESTINE,colorectal,colorectal_MSI,0.5177850952632148,0.4822149047367852,0.590837926178378,0.462816,False,True,False,False,Figshare all_CL_features.rds v3,interpretation_only_not_model_input,113,79,98,192,True,True,0,0.2958571735802484,0.29008723438826,0.2919027557115817,0.3472808,2.1608369415270907,79,0.005769939191988371,0.003954417868666682
LUDLU1_LUNG,ACH-000390,LUDLU1_LUNG,lung,lung_NSC,0.6814077914324009,0.318592208567599,0.679210454866379,,False,False,False,False,Figshare all_CL_features.rds v3,interpretation_only_not_model_input,61,26,72,87,True,True,2,0.3212658265732021,0.3215508359445547,0.3218417729850464,0.34499282,2.477446803005343,26,-0.00028500937135261806,-0.0005759464118443303
MALME3M_SKIN,ACH-000477,MALME3M_SKIN,skin,melanoma,0.2515524304366798,0.7484475695633201,0.432470740146339,,True,False,False,False,Figshare all_CL_features.rds v3,interpretation_only_not_model_input,83,40,48,123,True,True,0,0.6077221374061016,0.5999677536243455,0.598958423607201,0.6496816,2.5181533755478607,40,0.00775438378175608,0.008763713798900619
MDAMB435S_SKIN,ACH-000884,MDAMB435S_SKIN,skin,melanoma,0.2684429690168814,0.7315570309831185,0.44007872345067,,True,False,False,False,Figshare all_CL_features.rds v3,interpretation_only_not_model_input,80,68,143,148,True,True,1,0.2701579492158599,0.2716950840924688,0.2715737924889828,0.30777377,3.097567426891332,68,-0.0015371348766088921,-0.0014158432731228854
MDAMB468_BREAST,ACH-000849,MDAMB468_BREAST,breast,TNBC,0.8750921339321706,0.1249078660678294,0.860193979979072,0.890815,False,False,False,False,Figshare all_CL_features.rds v3,interpretation_only_not_model_input,78,74,114,152,True,True,0,0.2612329693785642,0.2610391799857184,0.2603022659521528,0.28901014,2.202090133615874,74,0.0001937893928458112,0.0009307034264114389
MIAPACA2_PANCREAS,ACH-000601,MIAPACA2_PANCREAS,pancreas,,0.4228856278886699,0.5771143721113301,0.517857793721413,0.362784,False,True,False,False,Figshare all_CL_features.rds v3,interpretation_only_not_model_input,99,112,165,211,True,True,0,0.2626905482418977,0.2615730619747075,0.2640095751604775,0.33060107,2.3185609687719935,112,0.0011174862671902153,-0.0013190269185798242
MSTO211H_PLEURA,ACH-000335,MSTO211H_PLEURA,mesothelioma,,0.3194007303148024,0.6805992696851977,0.480196879358079,,False,False,False,False,Figshare all_CL_features.rds v3,interpretation_only_not_model_input,80,64,121,144,True,True,2,0.2364829470222949,0.236143989967976,0.2374771939572305,0.29330456,2.1618072257487144,64,0.00033895705431888357,-0.0009942469349356053
NCIH1048_LUNG,ACH-000866,NCIH1048_LUNG,lung,lung_small,0.8518579311927313,0.1481420688072686,0.728686906364688,0.980791,False,False,False,False,Figshare all_CL_features.rds v3,interpretation_only_not_model_input,99,57,80,156,True,True,4,0.4092242219014209,0.4087198826212765,0.4071273109635273,0.4252311,3.3305244800874547,57,0.0005043392801443725,0.0020969109378936035
NCIH1299_LUNG,ACH-000510,NCIH1299_LUNG,lung,lung_NSC,0.6087111432455228,0.3912888567544772,0.694143470128467,0.420643,False,False,False,True,Figshare all_CL_features.rds v3,interpretation_only_not_model_input,161,119,234,280,True,True,3,0.1803249936392556,0.1773284730541476,0.1775392042819487,0.22201486,3.041060035698021,119,0.00299652058510802,0.002785789357306917
NCIH1355_LUNG,ACH-000666,NCIH1355_LUNG,lung,lung_NSC,0.5448398885089778,0.4551601114910222,0.599242249801595,0.510533,False,True,False,False,Figshare all_CL_features.rds v3,interpretation_only_not_model_input,103,64,100,167,True,True,1,0.3312985620539369,0.3318525430697102,0.333087395604136,0.3776795,1.8691744788875395,64,-0.0005539810157733083,-0.0017888335501991537
NCIH1573_LUNG,ACH-000916,NCIH1573_LUNG,lung,lung_NSC,0.7706026342237704,0.2293973657762296,0.74946863541499,0.774836,False,True,False,True,Figshare all_CL_features.rds v3,interpretation_only_not_model_input,48,29,58,77,True,True,4,0.3730303038100609,0.3721719976566965,0.3725002275280422,0.39925623,2.885529105304198,29,0.0008583061533644076,0.0005300762820187321
NCIH1581_LUNG,ACH-000015,NCIH1581_LUNG,lung,lung_NSC,0.745309436181889,0.2546905638181109,0.662920150946377,0.899323,False,False,False,False,Figshare all_CL_features.rds v3,interpretation_only_not_model_input,166,114,184,280,True,True,2,0.2475628420836757,0.2447791139877546,0.2452975219563253,0.27365074,2.017506402951014,114,0.0027837280959211175,0.002265320127350423
NCIH1650_LUNG,ACH-000035,NCIH1650_LUNG,lung,lung_NSC,0.8945121809739,0.1054878190261,0.841867694499946,,False,False,False,False,Figshare all_CL_features.rds v3,interpretation_only_not_model_input,48,36,66,84,True,True,4,0.3507420084298522,0.3510685685458444,0.3503579293738023,0.37551805,2.4255264553554494,36,-0.0003265601159921916,0.0003840790560499241
NCIH1693_LUNG,ACH-000021,NCIH1693_LUNG,lung,lung_NSC,0.6863821652871727,0.3136178347128273,0.704623404351002,0.634947,False,False,False,False,Figshare all_CL_features.rds v3,interpretation_only_not_model_input,129,80,154,209,True,True,3,0.2417759454680615,0.2433149349256,0.2434670387241998,0.2905031,2.537320352567686,80,-0.0015389894575384977,-0.0016910932561383096
NCIH1793_LUNG,ACH-000888,NCIH1793_LUNG,lung,lung_NSC,0.8012191250967533,0.1987808749032467,0.807655640450921,0.763994,False,False,False,False,Figshare all_CL_features.rds v3,interpretation_only_not_model_input,65,43,66,108,True,True,2,0.3202122005835032,0.3195243877997462,0.319678569776275,0.34019753,2.975103977850075,43,0.0006878127837570136,0.0005336308072281803
NCIH1915_LUNG,ACH-000434,NCIH1915_LUNG,lung,lung_NSC,0.456519725422737,0.543480274577263,0.635140011853539,0.174938,False,False,True,False,Figshare all_CL_features.rds v3,interpretation_only_not_model_input,93,60,89,153,True,True,2,0.3435828997848396,0.3414932060855285,0.3420557716979612,0.39297575,2.5106207791719295,60,0.002089693699311057,0.001527128086878382
NCIH2126_LUNG,ACH-000785,NCIH2126_LUNG,lung,lung_NSC,0.9014142117706654,0.0985857882293346,0.849428500822405,,False,False,False,False,Figshare all_CL_features.rds v3,interpretation_only_not_model_input,84,49,91,133,True,True,1,0.2865390357631427,0.288483976542078,0.2862780769041448,0.29899967,3.355181445883638,49,-0.0019449407789353113,0.00026095885899790616
NCIH2347_LUNG,ACH-000875,NCIH2347_LUNG,lung,lung_NSC,0.3764784253139003,0.6235215746860997,0.470583827411964,0.329904,False,True,False,True,Figshare all_CL_features.rds v3,interpretation_only_not_model_input,38,24,35,62,True,True,0,0.4884189917421065,0.4863313566908807,0.4849010096284336,0.53154963,1.800870110174415,24,0.0020876350512258335,0.003517982113672935
NCIH23_LUNG,ACH-000900,NCIH23_LUNG,lung,lung_NSC,0.7099773877371387,0.2900226122628613,0.754767150660788,0.585064,False,True,False,False,Figshare all_CL_features.rds v3,interpretation_only_not_model_input,103,70,113,173,True,True,0,0.276792339607864,0.2739305423215004,0.2744868657328796,0.30705094,2.6041344861838307,70,0.0028617972863635988,0.002305473874984365
NCIH2444_LUNG,ACH-000186,NCIH2444_LUNG,lung,lung_NSC,0.6276523780986296,0.3723476219013704,0.537558211857119,0.898953,False,True,False,False,Figshare all_CL_features.rds v3,interpretation_only_not_model_input,60,46,95,106,True,True,2,0.3330935626315117,0.3278998369086129,0.3276773808335969,0.38549834,2.581349983241119,46,0.005193725722898779,0.00541618179791481
NCIH322_LUNG,ACH-000837,NCIH322_LUNG,lung,lung_NSC,0.7356277818633916,0.2643722181366084,0.713495827257078,,False,False,False,False,Figshare all_CL_features.rds v3,interpretation_only_not_model_input,60,34,76,94,True,True,4,0.3194247502337946,0.3187670777618299,0.3190974959111853,0.35008684,2.978993839863706,34,0.0006576724719646876,0.0003272543226092717
NCIH522_LUNG,ACH-000343,NCIH522_LUNG,lung,lung_NSC,0.9046895803279872,0.0953104196720129,0.971276755552299,0.883819,False,False,False,False,Figshare all_CL_features.rds v3,interpretation_only_not_model_input,63,45,87,108,True,True,1,0.3295688184766585,0.3242609460966277,0.3251809961079988,0.33708102,2.940823875471109,45,0.005307872380030776,0.0043878223686596995
NCIH838_LUNG,ACH-000416,NCIH838_LUNG,lung,lung_NSC,0.8531335791636729,0.146866420836327,0.84948442866531,0.85392,False,False,False,False,Figshare all_CL_features.rds v3,interpretation_only_not_model_input,191,117,273,308,True,True,4,0.2140449832002454,0.2141965555560196,0.2105449452035016,0.23373623,2.2244942979062152,117,-0.00015157235577420436,0.00350003799674381
NCIH841_LUNG,ACH-000292,NCIH841_LUNG,lung,lung_small,0.8519970415267398,0.1480029584732601,,0.906615,False,False,False,False,Figshare all_CL_features.rds v3,interpretation_only_not_model_input,125,101,186,226,True,True,1,0.2415335081095126,0.2364489177306364,0.2374105671108569,0.2645689,2.8238207102994717,101,0.005084590378876208,0.004122940998655705
NUGC3_STOMACH,ACH-000911,NUGC3_STOMACH,gastric,gastric_adenocarcinoma,0.48072122549562,0.51927877450438,0.520302130713853,0.517793,False,False,False,False,Figshare all_CL_features.rds v3,interpretation_only_not_model_input,96,58,105,154,True,True,4,0.3140992790296466,0.3122267217122417,0.3126118890740864,0.35779786,2.6445564229408105,58,0.0018725573174049326,0.0014873899555602477
OAW42_OVARY,ACH-000704,OAW42_OVARY,ovary,,0.7813115152554448,0.2186884847445551,0.840719979379126,0.663894,False,False,False,False,Figshare all_CL_features.rds v3,interpretation_only_not_model_input,158,148,253,306,True,True,3,0.1786166079137338,0.1765391867984831,0.1775762751290315,0.21817166,2.539052846764666,148,0.002077421115250694,0.0010403327847022803
OSRC2_KIDNEY,ACH-000159,OSRC2_KIDNEY,kidney,,0.8043399903893197,0.1956600096106803,0.762761299031886,0.839988,False,False,False,False,Figshare all_CL_features.rds v3,interpretation_only_not_model_input,74,35,99,109,True,True,4,0.3069633198318272,0.3071932563902113,0.3072823829984044,0.33572626,1.5752164723490596,35,-0.00022993655838410287,-0.0003190631665772048
PANC0403_PANCREAS,ACH-000235,PANC0403_PANCREAS,pancreas,,0.4788002726500569,0.5211997273499431,0.578006308851989,,False,True,False,False,Figshare all_CL_features.rds v3,interpretation_only_not_model_input,76,37,64,113,True,True,1,0.3824307710025416,0.37567968128542,0.3746461124280321,0.43498972,2.5097984485459293,37,0.006751089717121572,0.007784658574509495
PATU8988S_PANCREAS,ACH-000022,PATU8988S_PANCREAS,pancreas,,0.5326264458747405,0.4673735541252595,0.606816550279699,,False,True,False,False,Figshare all_CL_features.rds v3,interpretation_only_not_model_input,68,57,76,125,True,True,3,0.334647906902758,0.3313489738987252,0.3322455928271379,0.37141412,2.353998268139541,57,0.003298933004032778,0.0024023140756200823
PC3_PROSTATE,ACH-000090,PC3_PROSTATE,prostate,,0.9039085779205048,0.0960914220794952,0.808707494891658,0.97985,False,False,False,False,Figshare all_CL_features.rds v3,interpretation_only_not_model_input,99,67,113,166,True,True,2,0.2699072555658868,0.2716982604189979,0.2713803136734897,0.25813052,2.4530208140639673,67,-0.0017910048531111222,-0.0014730581076028981
QGP1_PANCREAS,ACH-000347,QGP1_PANCREAS,pancreas,,0.5709870745303858,0.4290129254696142,0.63105515228602,,False,True,False,False,Figshare all_CL_features.rds v3,interpretation_only_not_model_input,31,26,33,57,True,True,4,0.4930841629209982,0.4961372051070837,0.4947482420270278,0.52956367,3.353377734757344,26,-0.003053042186085486,-0.001664079106029559
RCC10RGB_KIDNEY,ACH-000189,RCC10RGB_KIDNEY,kidney,,0.6912541322205652,0.3087458677794348,0.660963924253193,0.765542,False,False,False,False,Figshare all_CL_features.rds v3,interpretation_only_not_model_input,74,53,112,127,True,True,0,0.2841303911980397,0.280460508656008,0.2834337566664353,0.32115364,1.5779985803075782,53,0.003669882542031655,0.0006966345316044009
RH30_SOFT_TISSUE,ACH-000833,RH30_SOFT_TISSUE,rhabdomyosarcoma,,0.6101821556124891,0.3898178443875109,0.643352463032087,,False,False,False,False,Figshare all_CL_features.rds v3,interpretation_only_not_model_input,112,60,123,172,True,True,4,0.2577329242598603,0.2569149419319056,0.2564275257640085,0.2644235,2.6014693666081508,60,0.0008179823279546583,0.0013053984958517617
SKMEL24_SKIN,ACH-000822,SKMEL24_SKIN,skin,melanoma,0.3603228785251275,0.6396771214748724,0.500288311003867,0.221386,True,False,False,False,Figshare all_CL_features.rds v3,interpretation_only_not_model_input,79,64,92,143,True,True,3,0.3948812403344318,0.3847061338625806,0.3851105932881572,0.44627237,2.4674065900642836,64,0.010175106471851159,0.009770647046274561
SKUT1_SOFT_TISSUE,ACH-000939,SKUT1_SOFT_TISSUE,soft_tissue,leiomyosarcoma,0.8075376271303685,0.1924623728696315,0.734213465707432,0.905823,False,False,False,False,Figshare all_CL_features.rds v3,interpretation_only_not_model_input,83,68,137,151,True,True,1,0.2785783346670146,0.2754217095046448,0.277178880440213,0.30318758,2.6835154344046432,68,0.0031566251623698083,0.0013994542268015997
SNB75_CENTRAL_NERVOUS_SYSTEM,ACH-000504,SNB75_CENTRAL_NERVOUS_SYSTEM,central_nervous_system,glioma,0.7796397720078305,0.2203602279921694,0.744194859787596,0.812996,False,False,False,False,Figshare all_CL_features.rds v3,interpretation_only_not_model_input,71,60,90,131,True,True,4,0.3419985647880625,0.3441076642421314,0.3421240435779745,0.35930222,1.9817625490014943,60,-0.0021090994540688968,-0.00012547878991198136
SNU1041_UPPER_AERODIGESTIVE_TRACT,ACH-000618,SNU1041_UPPER_AERODIGESTIVE_TRACT,upper_aerodigestive,upper_aerodigestive_squamous,0.8771394633621455,0.1228605366378544,0.820399970611821,,False,False,False,False,Figshare all_CL_features.rds v3,interpretation_only_not_model_input,77,52,80,129,True,True,2,0.3598252095305904,0.3575739744821619,0.3581874730633254,0.40941718,2.3578890503775254,52,0.0022512350484285015,0.0016377364672650052
SNU1105_CENTRAL_NERVOUS_SYSTEM,ACH-000368,SNU1105_CENTRAL_NERVOUS_SYSTEM,central_nervous_system,glioma,0.7167178868782121,0.2832821131217878,0.70119424823369,,False,False,False,False,Figshare all_CL_features.rds v3,interpretation_only_not_model_input,48,37,67,85,True,True,2,0.3391993055357907,0.3365746904246899,0.336514354539369,0.36958158,1.9186209136068055,37,0.002624615111100792,0.0026849509964216867
SNU1214_UPPER_AERODIGESTIVE_TRACT,ACH-000715,SNU1214_UPPER_AERODIGESTIVE_TRACT,upper_aerodigestive,upper_aerodigestive_squamous,0.4297089981434639,0.5702910018565361,0.544400665769965,,False,False,False,False,Figshare all_CL_features.rds v3,interpretation_only_not_model_input,46,21,35,67,True,True,1,0.5748991592755835,0.5715313341015437,0.5724743722709886,0.61708075,1.9946487155676176,21,0.0033678251740398846,0.0024247870045949194
SNU245_BILIARY_TRACT,ACH-000268,SNU245_BILIARY_TRACT,bile_duct,cholangiocarcinoma,0.5208547086473753,0.4791452913526247,0.600176212712626,,False,False,False,False,Figshare all_CL_features.rds v3,interpretation_only_not_model_input,55,38,64,93,True,True,4,0.3541014708735376,0.3518533732425059,0.3527835995720151,0.38996658,1.9621353924997416,38,0.0022480976310317313,0.0013178713015224996
SNU685_ENDOMETRIUM,ACH-000407,SNU685_ENDOMETRIUM,uterus,uterus_endometrium,0.7159669690432563,0.2840330309567437,0.700108618974883,,False,False,False,False,Figshare all_CL_features.rds v3,interpretation_only_not_model_input,58,42,93,100,True,True,0,0.2943606328404791,0.2921890540661078,0.2923228501922681,0.30748248,2.7414877094722665,42,0.0021715787743712966,0.002037782648210973
SW480_LARGE_INTESTINE,ACH-000842,SW480_LARGE_INTESTINE,colorectal,,0.4371310398876486,0.5628689601123513,0.54608178673312,,False,True,False,False,Figshare all_CL_features.rds v3,interpretation_only_not_model_input,59,23,42,82,True,True,3,0.4401068952687002,0.4399655368005388,0.4399482517446909,0.4679775,3.0422921759531336,23,0.00014135846816143438,0.00015864352400934978
SW48_LARGE_INTESTINE,ACH-000958,SW48_LARGE_INTESTINE,colorectal,colorectal_MSI,0.649982039230214,0.350017960769786,0.734548129285794,0.460759,False,False,False,False,Figshare all_CL_features.rds v3,interpretation_only_not_model_input,61,25,46,86,True,True,2,0.4277817407000384,0.4279884653427465,0.4282740602984247,0.44944462,2.2041505832549655,25,-0.00020672464270810043,-0.0004923195983863038
SW579_THYROID,ACH-000163,SW579_THYROID,thyroid,,0.56157109081317,0.43842890918683,0.626640445258199,,False,False,False,False,Figshare all_CL_features.rds v3,interpretation_only_not_model_input,49,36,46,85,True,True,2,0.3950079235908484,0.3928988589583678,0.3934214637519495,0.42609674,2.3417037603343593,36,0.0021090646324806173,0.0015864598388989348
SW900_LUNG,ACH-000669,SW900_LUNG,lung,lung_NSC,0.6620321770286478,0.3379678229713522,0.734841427257028,0.490368,False,True,False,False,Figshare all_CL_features.rds v3,interpretation_only_not_model_input,61,37,69,98,True,True,3,0.3818088514585502,0.381134720352271,0.3810141332917217,0.43920118,2.8761864060686624,37,0.0006741311062792299,0.000794718166828523
TE11_OESOPHAGUS,ACH-000488,TE11_OESOPHAGUS,esophagus,esophagus_squamous,0.8484525598914794,0.1515474401085206,0.799608830622731,0.894568,False,False,False,False,Figshare all_CL_features.rds v3,interpretation_only_not_model_input,102,84,139,186,True,True,4,0.2888282213503972,0.2939483794897281,0.2949661815917082,0.30824754,1.8675206749252995,84,-0.005120158139330866,-0.006137960241310969
TE6_OESOPHAGUS,ACH-000605,TE6_OESOPHAGUS,esophagus,esophagus_squamous,0.8634467164968769,0.1365532835031231,0.773802080937673,0.952388,False,False,False,False,Figshare all_CL_features.rds v3,interpretation_only_not_model_input,62,35,57,97,True,True,0,0.3480698044502381,0.3492057953410593,0.3480928681801988,0.3736052,2.4574486544147796,35,-0.0011359908908211702,-2.3063729960692836e-05
TEN_ENDOMETRIUM,ACH-000397,TEN_ENDOMETRIUM,uterus,uterus_endometrium,1.14850034304127,-0.1485003430412701,1.30847686868859,,False,False,False,False,Figshare all_CL_features.rds v3,interpretation_only_not_model_input,69,35,70,104,True,True,1,0.3042336116558332,0.3030199241699239,0.3031699781108278,0.32385758,3.3930250805088695,35,0.0012136874859092761,0.0010636335450053824
TUHR4TKB_KIDNEY,ACH-000495,TUHR4TKB_KIDNEY,kidney,,0.883374268226462,0.1166257317735379,0.826454825394197,,False,False,False,False,Figshare all_CL_features.rds v3,interpretation_only_not_model_input,65,35,88,100,True,True,1,0.3285532169704673,0.3260798575495781,0.3269076997780604,0.35107237,1.4523697383632084,35,0.0024733594208892207,0.001645517192406909
UACC257_SKIN,ACH-000579,UACC257_SKIN,skin,melanoma,0.3192344962356939,0.6807655037643061,0.499567482082074,0.113417,True,False,False,False,Figshare all_CL_features.rds v3,interpretation_only_not_model_input,119,67,119,186,True,True,0,0.3838640308876447,0.3737192638156761,0.3748210022901477,0.4434621,1.8561621014862553,67,0.010144767071968597,0.009043028597497005
